{
  "aor": 0.00047338912133891223,
  "aqi": 0.017145882845188285,
  "bids_meta": {
    "EchoTime": 0.043,
    "FlipAngle": 80.0,
    "MagneticFieldStrength": 3.0,
    "Manufacturer": "SIEMENS",
    "ManufacturersModelName": "Verio",
    "MultibandAccelerationFactor": 4,
    "RepetitionTime": 2.0,
    "SliceTiming": [
      0.0,
      1.0575,
      0.1075,
      1.1625,
      0.2125,
      1.2675,
      0.3175,
      1.375,
      0.4225,
      1.48,
      0.53,
      1.585,
      0.635,
      1.6925,
      0.74,
      1.7975,
      0.845,
      1.9025,
      0.9525,
      0.0,
      1.0575,
      0.1075,
      1.1625,
      0.2125,
      1.2675,
      0.3175,
      1.375,
      0.4225,
      1.48,
      0.53,
      1.585,
      0.635,
      1.6925,
      0.74,
      1.7975,
      0.845,
      1.9025,
      0.9525,
      0.0,
      1.0575,
      0.1075,
      1.1625,
      0.2125,
      1.2675,
      0.3175,
      1.375,
      0.4225,
      1.48,
      0.53,
      1.585,
      0.635,
      1.6925,
      0.74,
      1.7975,
      0.845,
      1.9025,
      0.9525,
      0.0,
      1.0575,
      0.1075,
      1.1625,
      0.2125,
      1.2675,
      0.3175,
      1.375,
      0.4225,
      1.48,
      0.53,
      1.585,
      0.635,
      1.6925,
      0.74,
      1.7975,
      0.845,
      1.9025,
      0.9525
    ],
    "TaskName": "perception",
    "dataset": "ds001506",
    "modality": "bold",
    "run_id": 7,
    "session_id": "perceptionNaturalImageTraining09",
    "subject_id": "03",
    "task_id": "perception"
  },
  "dummy_trs": 0,
  "dvars_nstd": 39.27764459046217,
  "dvars_std": 1.2224736091596637,
  "dvars_vstd": 0.9881110996218482,
  "efc": 0.52798744305755,
  "fber": 1399.4810791015625,
  "fd_mean": 0.1143404943898058,
  "fd_num": 13,
  "fd_perc": 5.439330543933054,
  "fwhm_avg": 1.8640249999999998,
  "fwhm_x": 1.762115,
  "fwhm_y": 2.040275,
  "fwhm_z": 1.789685,
  "gcor": 0.0179563,
  "gsr_x": -0.024252258241176605,
  "gsr_y": 0.03541930764913559,
  "provenance": {
    "md5sum": "3a7e447116eb208cbb7ce5815278f7c3",
    "settings": {
      "fd_thres": 0.2,
      "testing": false
    },
    "software": "mriqc",
    "version": "23.1.0"
  },
  "size_t": 239,
  "size_x": 96,
  "size_y": 96,
  "size_z": 76,
  "snr": 4.402716703296962,
  "spacing_tr": 2.0,
  "spacing_x": 2.0,
  "spacing_y": 2.0,
  "spacing_z": 2.0,
  "summary_bg_k": 15.13341427003526,
  "summary_bg_mad": 11.92905421766284,
  "summary_bg_mean": 38.9433689277086,
  "summary_bg_median": 14.933053970336914,
  "summary_bg_n": 546225.0,
  "summary_bg_p05": 5.225941181182861,
  "summary_bg_p95": 166.7364044189453,
  "summary_bg_stdv": 59.172178927158896,
  "summary_fg_k": 3.6785824156188447,
  "summary_fg_mad": 88.85066601526358,
  "summary_fg_mean": 556.664560099897,
  "summary_fg_median": 558.64013671875,
  "summary_fg_n": 154191.0,
  "summary_fg_p05": 332.8451843261719,
  "summary_fg_p95": 736.9246826171875,
  "summary_fg_stdv": 126.88491284882258,
  "tsnr": 42.105474000098184
}