{
  "aor": 0.0007420920502092051,
  "aqi": 0.017681484937238492,
  "bids_meta": {
    "EchoTime": 0.043,
    "FlipAngle": 80.0,
    "MagneticFieldStrength": 3.0,
    "Manufacturer": "SIEMENS",
    "ManufacturersModelName": "Verio",
    "MultibandAccelerationFactor": 4,
    "RepetitionTime": 2.0,
    "SliceTiming": [
      0.0,
      1.055,
      0.105,
      1.1625,
      0.21,
      1.2675,
      0.315,
      1.3725,
      0.4225,
      1.4775,
      0.5275,
      1.585,
      0.6325,
      1.69,
      0.7375,
      1.795,
      0.845,
      1.9,
      0.95,
      0.0,
      1.055,
      0.105,
      1.1625,
      0.21,
      1.2675,
      0.315,
      1.3725,
      0.4225,
      1.4775,
      0.5275,
      1.585,
      0.6325,
      1.69,
      0.7375,
      1.795,
      0.845,
      1.9,
      0.95,
      0.0,
      1.055,
      0.105,
      1.1625,
      0.21,
      1.2675,
      0.315,
      1.3725,
      0.4225,
      1.4775,
      0.5275,
      1.585,
      0.6325,
      1.69,
      0.7375,
      1.795,
      0.845,
      1.9,
      0.95,
      0.0,
      1.055,
      0.105,
      1.1625,
      0.21,
      1.2675,
      0.315,
      1.3725,
      0.4225,
      1.4775,
      0.5275,
      1.585,
      0.6325,
      1.69,
      0.7375,
      1.795,
      0.845,
      1.9,
      0.95
    ],
    "TaskName": "perception",
    "dataset": "ds001506",
    "modality": "bold",
    "run_id": 1,
    "session_id": "perceptionNaturalImageTraining09",
    "subject_id": "03",
    "task_id": "perception"
  },
  "dummy_trs": 0,
  "dvars_nstd": 38.65471755752103,
  "dvars_std": 1.211275817899159,
  "dvars_vstd": 0.9863038995378152,
  "efc": 0.5280127147259326,
  "fber": 1421.9510498046875,
  "fd_mean": 0.11687712013984905,
  "fd_num": 14,
  "fd_perc": 5.857740585774058,
  "fwhm_avg": 1.86576,
  "fwhm_x": 1.763365,
  "fwhm_y": 2.041545,
  "fwhm_z": 1.79237,
  "gcor": 0.0112573,
  "gsr_x": -0.025209035724401474,
  "gsr_y": 0.0372379794716835,
  "provenance": {
    "md5sum": "fd3741d210a039c99f9fd403007dd9d1",
    "settings": {
      "fd_thres": 0.2,
      "testing": false
    },
    "software": "mriqc",
    "version": "23.1.0"
  },
  "size_t": 239,
  "size_x": 96,
  "size_y": 96,
  "size_z": 76,
  "snr": 4.378144918007316,
  "spacing_tr": 2.0,
  "spacing_x": 2.0,
  "spacing_y": 2.0,
  "spacing_z": 2.0,
  "summary_bg_k": 15.485979418271882,
  "summary_bg_mad": 12.059324998322424,
  "summary_bg_mean": 39.108384358055154,
  "summary_bg_median": 14.941422462463379,
  "summary_bg_n": 545470.0,
  "summary_bg_p05": 5.1464433670043945,
  "summary_bg_p95": 167.38075256347656,
  "summary_bg_stdv": 59.62008141168694,
  "summary_fg_k": 3.695330101148759,
  "summary_fg_mad": 90.55037842497705,
  "summary_fg_mean": 562.0926507722797,
  "summary_fg_median": 563.422607421875,
  "summary_fg_n": 154946.0,
  "summary_fg_p05": 336.88702392578125,
  "summary_fg_p95": 747.3305053710938,
  "summary_fg_stdv": 128.68938782174556,
  "tsnr": 41.08749918965623
}