{
  "aor": 0.0024754811715481167,
  "aqi": 0.01833477322175732,
  "bids_meta": {
    "EchoTime": 0.043,
    "FlipAngle": 80.0,
    "MagneticFieldStrength": 3.0,
    "Manufacturer": "SIEMENS",
    "ManufacturersModelName": "Verio",
    "MultibandAccelerationFactor": 4,
    "RepetitionTime": 2.0,
    "SliceTiming": [
      0.0,
      1.0575,
      0.105,
      1.1625,
      0.21,
      1.2675,
      0.3175,
      1.3725,
      0.4225,
      1.48,
      0.5275,
      1.585,
      0.6325,
      1.69,
      0.74,
      1.795,
      0.845,
      1.9025,
      0.95,
      0.0,
      1.0575,
      0.105,
      1.1625,
      0.21,
      1.2675,
      0.3175,
      1.3725,
      0.4225,
      1.48,
      0.5275,
      1.585,
      0.6325,
      1.69,
      0.74,
      1.795,
      0.845,
      1.9025,
      0.95,
      0.0,
      1.0575,
      0.105,
      1.1625,
      0.21,
      1.2675,
      0.3175,
      1.3725,
      0.4225,
      1.48,
      0.5275,
      1.585,
      0.6325,
      1.69,
      0.74,
      1.795,
      0.845,
      1.9025,
      0.95,
      0.0,
      1.0575,
      0.105,
      1.1625,
      0.21,
      1.2675,
      0.3175,
      1.3725,
      0.4225,
      1.48,
      0.5275,
      1.585,
      0.6325,
      1.69,
      0.74,
      1.795,
      0.845,
      1.9025,
      0.95
    ],
    "TaskName": "perception",
    "dataset": "ds001506",
    "modality": "bold",
    "run_id": 3,
    "session_id": "perceptionNaturalImageTraining09",
    "subject_id": "03",
    "task_id": "perception"
  },
  "dummy_trs": 0,
  "dvars_nstd": 39.25112588067228,
  "dvars_std": 1.245002359033613,
  "dvars_vstd": 1.0242332168907555,
  "efc": 0.5279542821204785,
  "fber": 1424.300537109375,
  "fd_mean": 0.10698112512078355,
  "fd_num": 19,
  "fd_perc": 7.949790794979079,
  "fwhm_avg": 1.8621583333333334,
  "fwhm_x": 1.753005,
  "fwhm_y": 2.038155,
  "fwhm_z": 1.795315,
  "gcor": 0.0359961,
  "gsr_x": -0.025125347077846527,
  "gsr_y": 0.03721543774008751,
  "provenance": {
    "md5sum": "9e9b6b88bacaa13b3f20e48ff983017d",
    "settings": {
      "fd_thres": 0.2,
      "testing": false
    },
    "software": "mriqc",
    "version": "23.1.0"
  },
  "size_t": 239,
  "size_x": 96,
  "size_y": 96,
  "size_z": 76,
  "snr": 4.415751653837314,
  "spacing_tr": 2.0,
  "spacing_x": 2.0,
  "spacing_y": 2.0,
  "spacing_z": 2.0,
  "summary_bg_k": 16.179494160148376,
  "summary_bg_mad": 11.910444914094132,
  "summary_bg_mean": 39.13316543770548,
  "summary_bg_median": 14.92887020111084,
  "summary_bg_n": 545893.0,
  "summary_bg_p05": 5.271966457366943,
  "summary_bg_p95": 166.76150512695312,
  "summary_bg_stdv": 59.54143615893068,
  "summary_fg_k": 3.8242182836069274,
  "summary_fg_mad": 89.55789731645564,
  "summary_fg_mean": 562.0304416274822,
  "summary_fg_median": 563.4141845703125,
  "summary_fg_n": 154523.0,
  "summary_fg_p05": 338.3681945800781,
  "summary_fg_p95": 743.7447509765625,
  "summary_fg_stdv": 127.59149645616391,
  "tsnr": 41.573230371577665
}