{
  "aor": 0.0018749372384937238,
  "aqi": 0.020195667782426777,
  "bids_meta": {
    "EchoTime": 0.043,
    "FlipAngle": 80.0,
    "MagneticFieldStrength": 3.0,
    "Manufacturer": "SIEMENS",
    "ManufacturersModelName": "Verio",
    "MultibandAccelerationFactor": 4,
    "RepetitionTime": 2.0,
    "SliceTiming": [
      0.0,
      1.0575,
      0.105,
      1.1625,
      0.21,
      1.2675,
      0.3175,
      1.3725,
      0.4225,
      1.48,
      0.5275,
      1.585,
      0.6325,
      1.69,
      0.74,
      1.795,
      0.845,
      1.9025,
      0.95,
      0.0,
      1.0575,
      0.105,
      1.1625,
      0.21,
      1.2675,
      0.3175,
      1.3725,
      0.4225,
      1.48,
      0.5275,
      1.585,
      0.6325,
      1.69,
      0.74,
      1.795,
      0.845,
      1.9025,
      0.95,
      0.0,
      1.0575,
      0.105,
      1.1625,
      0.21,
      1.2675,
      0.3175,
      1.3725,
      0.4225,
      1.48,
      0.5275,
      1.585,
      0.6325,
      1.69,
      0.74,
      1.795,
      0.845,
      1.9025,
      0.95,
      0.0,
      1.0575,
      0.105,
      1.1625,
      0.21,
      1.2675,
      0.3175,
      1.3725,
      0.4225,
      1.48,
      0.5275,
      1.585,
      0.6325,
      1.69,
      0.74,
      1.795,
      0.845,
      1.9025,
      0.95
    ],
    "TaskName": "perception",
    "dataset": "ds001506",
    "modality": "bold",
    "run_id": 5,
    "session_id": "perceptionNaturalImageTraining09",
    "subject_id": "03",
    "task_id": "perception"
  },
  "dummy_trs": 0,
  "dvars_nstd": 38.546309848193296,
  "dvars_std": 1.2035661268067226,
  "dvars_vstd": 0.9985099678991594,
  "efc": 0.5280969825189614,
  "fber": 1410.9571533203125,
  "fd_mean": 0.11544580742474343,
  "fd_num": 22,
  "fd_perc": 9.205020920502092,
  "fwhm_avg": 1.8721949999999998,
  "fwhm_x": 1.759925,
  "fwhm_y": 2.047255,
  "fwhm_z": 1.809405,
  "gcor": 0.0163482,
  "gsr_x": -0.024969741702079773,
  "gsr_y": 0.03643086180090904,
  "provenance": {
    "md5sum": "e6518a2448d7b738b23da05cf15847dd",
    "settings": {
      "fd_thres": 0.2,
      "testing": false
    },
    "software": "mriqc",
    "version": "23.1.0"
  },
  "size_t": 239,
  "size_x": 96,
  "size_y": 96,
  "size_z": 76,
  "snr": 4.428561033127091,
  "spacing_tr": 2.0,
  "spacing_x": 2.0,
  "spacing_y": 2.0,
  "spacing_z": 2.0,
  "summary_bg_k": 15.486626360128621,
  "summary_bg_mad": 11.922850645166719,
  "summary_bg_mean": 39.063444655666686,
  "summary_bg_median": 14.945606231689453,
  "summary_bg_n": 546055.0,
  "summary_bg_p05": 5.276150703430176,
  "summary_bg_p95": 166.96234130859375,
  "summary_bg_stdv": 59.28379290621529,
  "summary_fg_k": 3.7062534747209384,
  "summary_fg_mad": 89.03676046487033,
  "summary_fg_mean": 560.029204116576,
  "summary_fg_median": 561.3974609375,
  "summary_fg_n": 154361.0,
  "summary_fg_p05": 338.2635803222656,
  "summary_fg_p95": 740.9664916992188,
  "summary_fg_stdv": 126.76705554667693,
  "tsnr": 40.328597818734124
}