{
  "aor": 0.006504769874476987,
  "aqi": 0.028244388284518827,
  "bids_meta": {
    "EchoTime": 0.043,
    "FlipAngle": 80.0,
    "MagneticFieldStrength": 3.0,
    "Manufacturer": "SIEMENS",
    "ManufacturersModelName": "Verio",
    "MultibandAccelerationFactor": 4,
    "RepetitionTime": 2.0,
    "SliceTiming": [
      0.0,
      1.0575,
      0.105,
      1.1625,
      0.21,
      1.2675,
      0.3175,
      1.3725,
      0.4225,
      1.48,
      0.5275,
      1.585,
      0.635,
      1.69,
      0.74,
      1.795,
      0.845,
      1.9025,
      0.95,
      0.0,
      1.0575,
      0.105,
      1.1625,
      0.21,
      1.2675,
      0.3175,
      1.3725,
      0.4225,
      1.48,
      0.5275,
      1.585,
      0.635,
      1.69,
      0.74,
      1.795,
      0.845,
      1.9025,
      0.95,
      0.0,
      1.0575,
      0.105,
      1.1625,
      0.21,
      1.2675,
      0.3175,
      1.3725,
      0.4225,
      1.48,
      0.5275,
      1.585,
      0.635,
      1.69,
      0.74,
      1.795,
      0.845,
      1.9025,
      0.95,
      0.0,
      1.0575,
      0.105,
      1.1625,
      0.21,
      1.2675,
      0.3175,
      1.3725,
      0.4225,
      1.48,
      0.5275,
      1.585,
      0.635,
      1.69,
      0.74,
      1.795,
      0.845,
      1.9025,
      0.95
    ],
    "TaskName": "perception",
    "dataset": "ds001506",
    "modality": "bold",
    "run_id": 8,
    "session_id": "perceptionNaturalImageTest03",
    "subject_id": "02",
    "task_id": "perception"
  },
  "dummy_trs": 0,
  "dvars_nstd": 46.63774287600839,
  "dvars_std": 1.2573917129411765,
  "dvars_vstd": 1.0431831711764705,
  "efc": 0.5614860148203964,
  "fber": 974.37744140625,
  "fd_mean": 0.17304089481369378,
  "fd_num": 48,
  "fd_perc": 20.0836820083682,
  "fwhm_avg": 1.8961583333333334,
  "fwhm_x": 1.786765,
  "fwhm_y": 2.096355,
  "fwhm_z": 1.805355,
  "gcor": 0.0244225,
  "gsr_x": -0.02130693942308426,
  "gsr_y": 0.047640539705753326,
  "provenance": {
    "md5sum": "060ad3d668daaac4ead3cc9dfddf8ea5",
    "settings": {
      "fd_thres": 0.2,
      "testing": false
    },
    "software": "mriqc",
    "version": "23.1.0"
  },
  "size_t": 239,
  "size_x": 96,
  "size_y": 96,
  "size_z": 76,
  "snr": 4.406247020605873,
  "spacing_tr": 2.0,
  "spacing_x": 2.0,
  "spacing_y": 2.0,
  "spacing_z": 2.0,
  "summary_bg_k": 20.481548866907836,
  "summary_bg_mad": 15.278866717196847,
  "summary_bg_mean": 43.75520405213246,
  "summary_bg_median": 17.523012161254883,
  "summary_bg_n": 526732.0,
  "summary_bg_p05": 5.740585803985596,
  "summary_bg_p95": 177.18409729003906,
  "summary_bg_stdv": 64.07837730266698,
  "summary_fg_k": 2.999333806771941,
  "summary_fg_mad": 90.7333283172661,
  "summary_fg_mean": 536.8143208250474,
  "summary_fg_median": 546.9811706542969,
  "summary_fg_n": 173684.0,
  "summary_fg_p05": 302.87030029296875,
  "summary_fg_p95": 703.2301025390625,
  "summary_fg_stdv": 124.13729721674709,
  "tsnr": 30.722094289085362
}