{
  "aor": 0.0006509251101321586,
  "aqi": 0.019046504845814976,
  "bids_meta": {
    "EchoTime": 0.043,
    "FlipAngle": 80.0,
    "MagneticFieldStrength": 3.0,
    "Manufacturer": "SIEMENS",
    "ManufacturersModelName": "Verio",
    "MultibandAccelerationFactor": 4,
    "RepetitionTime": 2.0,
    "SliceTiming": [
      0.0,
      1.0575,
      0.105,
      1.1625,
      0.21,
      1.2675,
      0.3175,
      1.3725,
      0.4225,
      1.48,
      0.5275,
      1.585,
      0.635,
      1.69,
      0.74,
      1.795,
      0.845,
      1.9025,
      0.95,
      0.0,
      1.0575,
      0.105,
      1.1625,
      0.21,
      1.2675,
      0.3175,
      1.3725,
      0.4225,
      1.48,
      0.5275,
      1.585,
      0.635,
      1.69,
      0.74,
      1.795,
      0.845,
      1.9025,
      0.95,
      0.0,
      1.0575,
      0.105,
      1.1625,
      0.21,
      1.2675,
      0.3175,
      1.3725,
      0.4225,
      1.48,
      0.5275,
      1.585,
      0.635,
      1.69,
      0.74,
      1.795,
      0.845,
      1.9025,
      0.95,
      0.0,
      1.0575,
      0.105,
      1.1625,
      0.21,
      1.2675,
      0.3175,
      1.3725,
      0.4225,
      1.48,
      0.5275,
      1.585,
      0.635,
      1.69,
      0.74,
      1.795,
      0.845,
      1.9025,
      0.95
    ],
    "TaskName": "imagery",
    "dataset": "ds001506",
    "modality": "bold",
    "run_id": 1,
    "session_id": "imagery01",
    "subject_id": "03",
    "task_id": "imagery"
  },
  "dummy_trs": 0,
  "dvars_nstd": 52.44083066946903,
  "dvars_std": 1.3645958468584072,
  "dvars_vstd": 0.9933891722123894,
  "efc": 0.530113167492911,
  "fber": 1210.479736328125,
  "fd_mean": 0.17813093337953026,
  "fd_num": 79,
  "fd_perc": 34.801762114537446,
  "fwhm_avg": 1.8829900000000002,
  "fwhm_x": 1.77646,
  "fwhm_y": 2.04949,
  "fwhm_z": 1.82302,
  "gcor": 0.00777582,
  "gsr_x": -0.027028027921915054,
  "gsr_y": 0.0351548008620739,
  "provenance": {
    "md5sum": "65ef68f58b50f57433f3e72d9acec3db",
    "settings": {
      "fd_thres": 0.2,
      "testing": false
    },
    "software": "mriqc",
    "version": "23.1.0"
  },
  "size_t": 227,
  "size_x": 96,
  "size_y": 96,
  "size_z": 76,
  "snr": 4.363993005783132,
  "spacing_tr": 2.0,
  "spacing_x": 2.0,
  "spacing_y": 2.0,
  "spacing_z": 2.0,
  "summary_bg_k": 14.55550969373039,
  "summary_bg_mad": 12.984197417553625,
  "summary_bg_mean": 39.46044290333885,
  "summary_bg_median": 16.1982364654541,
  "summary_bg_n": 545246.0,
  "summary_bg_p05": 5.453744411468506,
  "summary_bg_p95": 165.96034240722656,
  "summary_bg_stdv": 58.131530291731806,
  "summary_fg_k": 3.963355168016064,
  "summary_fg_mad": 89.7267985030304,
  "summary_fg_mean": 562.0541274975308,
  "summary_fg_median": 563.5682373046875,
  "summary_fg_n": 155170.0,
  "summary_fg_p05": 337.9735412597656,
  "summary_fg_p95": 747.40966796875,
  "summary_fg_stdv": 129.14008353922225,
  "tsnr": 40.52404331375146
}