{
  "aor": 0.001935690376569038,
  "aqi": 0.019951934728033468,
  "bids_meta": {
    "EchoTime": 0.043,
    "FlipAngle": 80.0,
    "MagneticFieldStrength": 3.0,
    "Manufacturer": "SIEMENS",
    "ManufacturersModelName": "Verio",
    "MultibandAccelerationFactor": 4,
    "RepetitionTime": 2.0,
    "SliceTiming": [
      0.0,
      1.055,
      0.105,
      1.1625,
      0.21,
      1.2675,
      0.315,
      1.3725,
      0.4225,
      1.4775,
      0.5275,
      1.585,
      0.6325,
      1.69,
      0.74,
      1.795,
      0.845,
      1.9,
      0.95,
      0.0,
      1.055,
      0.105,
      1.1625,
      0.21,
      1.2675,
      0.315,
      1.3725,
      0.4225,
      1.4775,
      0.5275,
      1.585,
      0.6325,
      1.69,
      0.74,
      1.795,
      0.845,
      1.9,
      0.95,
      0.0,
      1.055,
      0.105,
      1.1625,
      0.21,
      1.2675,
      0.315,
      1.3725,
      0.4225,
      1.4775,
      0.5275,
      1.585,
      0.6325,
      1.69,
      0.74,
      1.795,
      0.845,
      1.9,
      0.95,
      0.0,
      1.055,
      0.105,
      1.1625,
      0.21,
      1.2675,
      0.315,
      1.3725,
      0.4225,
      1.4775,
      0.5275,
      1.585,
      0.6325,
      1.69,
      0.74,
      1.795,
      0.845,
      1.9,
      0.95
    ],
    "TaskName": "perception",
    "dataset": "ds001506",
    "modality": "bold",
    "run_id": 4,
    "session_id": "perceptionNaturalImageTraining11",
    "subject_id": "03",
    "task_id": "perception"
  },
  "dummy_trs": 0,
  "dvars_nstd": 37.17385155794117,
  "dvars_std": 1.2043487225210077,
  "dvars_vstd": 0.9920145984873953,
  "efc": 0.5216810997791465,
  "fber": 1442.2462158203125,
  "fd_mean": 0.09670128781203242,
  "fd_num": 11,
  "fd_perc": 4.602510460251046,
  "fwhm_avg": 1.8792383333333333,
  "fwhm_x": 1.769815,
  "fwhm_y": 2.052265,
  "fwhm_z": 1.815635,
  "gcor": 0.0232363,
  "gsr_x": -0.024174794554710388,
  "gsr_y": 0.03599020466208458,
  "provenance": {
    "md5sum": "de4ff9dc75fc2d4f77ef065dbe03cc07",
    "settings": {
      "fd_thres": 0.2,
      "testing": false
    },
    "software": "mriqc",
    "version": "23.1.0"
  },
  "size_t": 239,
  "size_x": 96,
  "size_y": 96,
  "size_z": 76,
  "snr": 4.371306025895316,
  "spacing_tr": 2.0,
  "spacing_x": 2.0,
  "spacing_y": 2.0,
  "spacing_z": 2.0,
  "summary_bg_k": 17.941151279709988,
  "summary_bg_mad": 12.381900163723325,
  "summary_bg_mean": 38.79111641259663,
  "summary_bg_median": 15.589958190917969,
  "summary_bg_n": 546823.0,
  "summary_bg_p05": 5.192468643188477,
  "summary_bg_p95": 163.13388061523438,
  "summary_bg_stdv": 59.134209666681784,
  "summary_fg_k": 3.709314284572212,
  "summary_fg_mad": 94.57633932291826,
  "summary_fg_mean": 590.3612147140786,
  "summary_fg_median": 592.0585327148438,
  "summary_fg_n": 153593.0,
  "summary_fg_p05": 353.5439147949219,
  "summary_fg_p95": 785.2677612304688,
  "summary_fg_stdv": 135.44158241100007,
  "tsnr": 40.352994739077985
}