{
  "aor": 0.0037359832635983268,
  "aqi": 0.03034107322175732,
  "bids_meta": {
    "EchoTime": 0.043,
    "FlipAngle": 80.0,
    "MagneticFieldStrength": 3.0,
    "Manufacturer": "SIEMENS",
    "ManufacturersModelName": "Verio",
    "MultibandAccelerationFactor": 4,
    "RepetitionTime": 2.0,
    "SliceTiming": [
      0.0,
      1.055,
      0.105,
      1.1625,
      0.21,
      1.2675,
      0.3175,
      1.3725,
      0.4225,
      1.4775,
      0.5275,
      1.585,
      0.6325,
      1.69,
      0.74,
      1.795,
      0.845,
      1.9025,
      0.95,
      0.0,
      1.055,
      0.105,
      1.1625,
      0.21,
      1.2675,
      0.3175,
      1.3725,
      0.4225,
      1.4775,
      0.5275,
      1.585,
      0.6325,
      1.69,
      0.74,
      1.795,
      0.845,
      1.9025,
      0.95,
      0.0,
      1.055,
      0.105,
      1.1625,
      0.21,
      1.2675,
      0.3175,
      1.3725,
      0.4225,
      1.4775,
      0.5275,
      1.585,
      0.6325,
      1.69,
      0.74,
      1.795,
      0.845,
      1.9025,
      0.95,
      0.0,
      1.055,
      0.105,
      1.1625,
      0.21,
      1.2675,
      0.3175,
      1.3725,
      0.4225,
      1.4775,
      0.5275,
      1.585,
      0.6325,
      1.69,
      0.74,
      1.795,
      0.845,
      1.9025,
      0.95
    ],
    "TaskName": "perception",
    "dataset": "ds001506",
    "modality": "bold",
    "run_id": 6,
    "session_id": "perceptionNaturalImageTest03",
    "subject_id": "02",
    "task_id": "perception"
  },
  "dummy_trs": 0,
  "dvars_nstd": 48.01091282310923,
  "dvars_std": 1.2216838889495798,
  "dvars_vstd": 1.0111017792436974,
  "efc": 0.5617492216307212,
  "fber": 962.511474609375,
  "fd_mean": 0.19115820908723555,
  "fd_num": 66,
  "fd_perc": 27.615062761506277,
  "fwhm_avg": 1.9065033333333334,
  "fwhm_x": 1.791295,
  "fwhm_y": 2.108235,
  "fwhm_z": 1.81998,
  "gcor": 0.0216008,
  "gsr_x": -0.021764308214187622,
  "gsr_y": 0.04767720773816109,
  "provenance": {
    "md5sum": "1cdfccca477dbd29619d4eee167efc4b",
    "settings": {
      "fd_thres": 0.2,
      "testing": false
    },
    "software": "mriqc",
    "version": "23.1.0"
  },
  "size_t": 239,
  "size_x": 96,
  "size_y": 96,
  "size_z": 76,
  "snr": 4.400831561281592,
  "spacing_tr": 2.0,
  "spacing_x": 2.0,
  "spacing_y": 2.0,
  "spacing_z": 2.0,
  "summary_bg_k": 20.04831125577569,
  "summary_bg_mad": 15.607646162053697,
  "summary_bg_mean": 44.082884103408816,
  "summary_bg_median": 17.682008743286133,
  "summary_bg_n": 526642.0,
  "summary_bg_p05": 5.677824020385742,
  "summary_bg_p95": 179.47698974609375,
  "summary_bg_stdv": 64.7923791289044,
  "summary_fg_k": 3.0783641129934916,
  "summary_fg_mad": 90.73954956375793,
  "summary_fg_mean": 538.9482220551835,
  "summary_fg_median": 548.5731811523438,
  "summary_fg_n": 173774.0,
  "summary_fg_p05": 305.1548156738281,
  "summary_fg_p95": 706.8870239257812,
  "summary_fg_stdv": 124.65180616467077,
  "tsnr": 30.33469199342653
}