{
  "aor": 0.005872845188284519,
  "aqi": 0.04042114184100419,
  "bids_meta": {
    "EchoTime": 0.043,
    "FlipAngle": 80.0,
    "MagneticFieldStrength": 3.0,
    "Manufacturer": "SIEMENS",
    "ManufacturersModelName": "Verio",
    "MultibandAccelerationFactor": 4,
    "RepetitionTime": 2.0,
    "SliceTiming": [
      0.0,
      1.0575,
      0.105,
      1.1625,
      0.2125,
      1.2675,
      0.3175,
      1.375,
      0.4225,
      1.48,
      0.5275,
      1.585,
      0.635,
      1.69,
      0.74,
      1.7975,
      0.845,
      1.9025,
      0.9525,
      0.0,
      1.0575,
      0.105,
      1.1625,
      0.2125,
      1.2675,
      0.3175,
      1.375,
      0.4225,
      1.48,
      0.5275,
      1.585,
      0.635,
      1.69,
      0.74,
      1.7975,
      0.845,
      1.9025,
      0.9525,
      0.0,
      1.0575,
      0.105,
      1.1625,
      0.2125,
      1.2675,
      0.3175,
      1.375,
      0.4225,
      1.48,
      0.5275,
      1.585,
      0.635,
      1.69,
      0.74,
      1.7975,
      0.845,
      1.9025,
      0.9525,
      0.0,
      1.0575,
      0.105,
      1.1625,
      0.2125,
      1.2675,
      0.3175,
      1.375,
      0.4225,
      1.48,
      0.5275,
      1.585,
      0.635,
      1.69,
      0.74,
      1.7975,
      0.845,
      1.9025,
      0.9525
    ],
    "TaskName": "perception",
    "dataset": "ds001506",
    "modality": "bold",
    "run_id": 7,
    "session_id": "perceptionNaturalImageTest03",
    "subject_id": "02",
    "task_id": "perception"
  },
  "dummy_trs": 0,
  "dvars_nstd": 52.856705048109255,
  "dvars_std": 1.1307568348739505,
  "dvars_vstd": 0.9677075385714277,
  "efc": 0.561160950941835,
  "fber": 960.7940673828125,
  "fd_mean": 0.2967999860048273,
  "fd_num": 104,
  "fd_perc": 43.51464435146443,
  "fwhm_avg": 1.9262999999999997,
  "fwhm_x": 1.805515,
  "fwhm_y": 2.13399,
  "fwhm_z": 1.839395,
  "gcor": 0.0310565,
  "gsr_x": -0.021105360239744186,
  "gsr_y": 0.04818708822131157,
  "provenance": {
    "md5sum": "53b1ec76844b21a4bcbf6328cc36c791",
    "settings": {
      "fd_thres": 0.2,
      "testing": false
    },
    "software": "mriqc",
    "version": "23.1.0"
  },
  "size_t": 239,
  "size_x": 96,
  "size_y": 96,
  "size_z": 76,
  "snr": 4.401744795306066,
  "spacing_tr": 2.0,
  "spacing_x": 2.0,
  "spacing_y": 2.0,
  "spacing_z": 2.0,
  "summary_bg_k": 21.25318160530088,
  "summary_bg_mad": 15.8619806160776,
  "summary_bg_mean": 43.73603243690353,
  "summary_bg_median": 17.631797790527344,
  "summary_bg_n": 527120.0,
  "summary_bg_p05": 5.443514347076416,
  "summary_bg_p95": 176.21337890625,
  "summary_bg_stdv": 63.88263179454139,
  "summary_fg_k": 3.025728850850074,
  "summary_fg_mad": 90.70240306652303,
  "summary_fg_mean": 536.6712830277121,
  "summary_fg_median": 546.5271606445312,
  "summary_fg_n": 173296.0,
  "summary_fg_p05": 303.6778259277344,
  "summary_fg_p95": 704.18408203125,
  "summary_fg_stdv": 124.16112455333015,
  "tsnr": 25.432146378443576
}