{
  "aor": 0.0007792468619246863,
  "aqi": 0.024953110460251046,
  "bids_meta": {
    "EchoTime": 0.043,
    "FlipAngle": 80.0,
    "MagneticFieldStrength": 3.0,
    "Manufacturer": "SIEMENS",
    "ManufacturersModelName": "Verio",
    "MultibandAccelerationFactor": 4,
    "RepetitionTime": 2.0,
    "SliceTiming": [
      0.0,
      1.055,
      0.105,
      1.1625,
      0.21,
      1.2675,
      0.315,
      1.3725,
      0.4225,
      1.4775,
      0.5275,
      1.585,
      0.6325,
      1.69,
      0.74,
      1.795,
      0.845,
      1.9,
      0.95,
      0.0,
      1.055,
      0.105,
      1.1625,
      0.21,
      1.2675,
      0.315,
      1.3725,
      0.4225,
      1.4775,
      0.5275,
      1.585,
      0.6325,
      1.69,
      0.74,
      1.795,
      0.845,
      1.9,
      0.95,
      0.0,
      1.055,
      0.105,
      1.1625,
      0.21,
      1.2675,
      0.315,
      1.3725,
      0.4225,
      1.4775,
      0.5275,
      1.585,
      0.6325,
      1.69,
      0.74,
      1.795,
      0.845,
      1.9,
      0.95,
      0.0,
      1.055,
      0.105,
      1.1625,
      0.21,
      1.2675,
      0.315,
      1.3725,
      0.4225,
      1.4775,
      0.5275,
      1.585,
      0.6325,
      1.69,
      0.74,
      1.795,
      0.845,
      1.9,
      0.95
    ],
    "TaskName": "perception",
    "dataset": "ds001506",
    "modality": "bold",
    "run_id": 5,
    "session_id": "perceptionNaturalImageTraining13",
    "subject_id": "03",
    "task_id": "perception"
  },
  "dummy_trs": 0,
  "dvars_nstd": 44.935107399411784,
  "dvars_std": 1.2097286289075637,
  "dvars_vstd": 0.9581816071008404,
  "efc": 0.5318403971642215,
  "fber": 1198.552490234375,
  "fd_mean": 0.12714516877783166,
  "fd_num": 22,
  "fd_perc": 9.205020920502092,
  "fwhm_avg": 1.8717899999999998,
  "fwhm_x": 1.75475,
  "fwhm_y": 2.05122,
  "fwhm_z": 1.8094,
  "gcor": 0.0126479,
  "gsr_x": -0.02669348381459713,
  "gsr_y": 0.03942309319972992,
  "provenance": {
    "md5sum": "50aede51986b01b54975f576f450cca7",
    "settings": {
      "fd_thres": 0.2,
      "testing": false
    },
    "software": "mriqc",
    "version": "23.1.0"
  },
  "size_t": 239,
  "size_x": 96,
  "size_y": 96,
  "size_z": 76,
  "snr": 4.330412706799813,
  "spacing_tr": 2.0,
  "spacing_x": 2.0,
  "spacing_y": 2.0,
  "spacing_z": 2.0,
  "summary_bg_k": 15.984478121921008,
  "summary_bg_mad": 11.89803706214206,
  "summary_bg_mean": 37.828248586802026,
  "summary_bg_median": 15.309622764587402,
  "summary_bg_n": 545429.0,
  "summary_bg_p05": 5.682008266448975,
  "summary_bg_p95": 156.89120483398438,
  "summary_bg_stdv": 55.358075496663616,
  "summary_fg_k": 3.501294843942323,
  "summary_fg_mad": 85.99717254253126,
  "summary_fg_mean": 527.9915333364349,
  "summary_fg_median": 530.0209350585938,
  "summary_fg_n": 154987.0,
  "summary_fg_p05": 313.4853515625,
  "summary_fg_p95": 702.5230102539062,
  "summary_fg_stdv": 122.39462172628797,
  "tsnr": 36.06933303689584
}