{
  "aor": 0.0006102092050209204,
  "aqi": 0.014219059414225943,
  "bids_meta": {
    "EchoTime": 0.043,
    "FlipAngle": 80.0,
    "MagneticFieldStrength": 3.0,
    "Manufacturer": "SIEMENS",
    "ManufacturersModelName": "Verio",
    "MultibandAccelerationFactor": 4,
    "RepetitionTime": 2.0,
    "SliceTiming": [
      0.0,
      1.0575,
      0.105,
      1.1625,
      0.21,
      1.2675,
      0.3175,
      1.3725,
      0.4225,
      1.48,
      0.5275,
      1.585,
      0.635,
      1.69,
      0.74,
      1.795,
      0.845,
      1.9025,
      0.95,
      0.0,
      1.0575,
      0.105,
      1.1625,
      0.21,
      1.2675,
      0.3175,
      1.3725,
      0.4225,
      1.48,
      0.5275,
      1.585,
      0.635,
      1.69,
      0.74,
      1.795,
      0.845,
      1.9025,
      0.95,
      0.0,
      1.0575,
      0.105,
      1.1625,
      0.21,
      1.2675,
      0.3175,
      1.3725,
      0.4225,
      1.48,
      0.5275,
      1.585,
      0.635,
      1.69,
      0.74,
      1.795,
      0.845,
      1.9025,
      0.95,
      0.0,
      1.0575,
      0.105,
      1.1625,
      0.21,
      1.2675,
      0.3175,
      1.3725,
      0.4225,
      1.48,
      0.5275,
      1.585,
      0.635,
      1.69,
      0.74,
      1.795,
      0.845,
      1.9025,
      0.95
    ],
    "TaskName": "perception",
    "dataset": "ds001506",
    "modality": "bold",
    "run_id": 2,
    "session_id": "perceptionNaturalImageTraining13",
    "subject_id": "03",
    "task_id": "perception"
  },
  "dummy_trs": 0,
  "dvars_nstd": 46.21143910067224,
  "dvars_std": 1.3234563746218495,
  "dvars_vstd": 1.0069426798319328,
  "efc": 0.5303162944878355,
  "fber": 1245.190673828125,
  "fd_mean": 0.11633866021792265,
  "fd_num": 21,
  "fd_perc": 8.786610878661088,
  "fwhm_avg": 1.8379516666666669,
  "fwhm_x": 1.738385,
  "fwhm_y": 2.010695,
  "fwhm_z": 1.764775,
  "gcor": 0.0211563,
  "gsr_x": -0.02626240812242031,
  "gsr_y": 0.03896661847829819,
  "provenance": {
    "md5sum": "9f5f15443303402c68eeb42d809b8cb0",
    "settings": {
      "fd_thres": 0.2,
      "testing": false
    },
    "software": "mriqc",
    "version": "23.1.0"
  },
  "size_t": 239,
  "size_x": 96,
  "size_y": 96,
  "size_z": 76,
  "snr": 4.269253942523951,
  "spacing_tr": 2.0,
  "spacing_x": 2.0,
  "spacing_y": 2.0,
  "spacing_z": 2.0,
  "summary_bg_k": 16.213820143579607,
  "summary_bg_mad": 11.687123373832037,
  "summary_bg_mean": 37.83694568401431,
  "summary_bg_median": 15.104601860046387,
  "summary_bg_n": 545447.0,
  "summary_bg_p05": 5.6108784675598145,
  "summary_bg_p95": 158.8033447265625,
  "summary_bg_stdv": 56.37064023377439,
  "summary_fg_k": 3.6194969270690596,
  "summary_fg_mad": 87.98842387420947,
  "summary_fg_mean": 531.7844699505467,
  "summary_fg_median": 533.0,
  "summary_fg_n": 154969.0,
  "summary_fg_p05": 315.43096923828125,
  "summary_fg_p95": 710.7489624023438,
  "summary_fg_stdv": 124.84576637372443,
  "tsnr": 44.19829734531231
}