{
  "aor": 0.0003891213389121339,
  "aqi": 0.01424745188284519,
  "bids_meta": {
    "EchoTime": 0.043,
    "FlipAngle": 80.0,
    "MagneticFieldStrength": 3.0,
    "Manufacturer": "SIEMENS",
    "ManufacturersModelName": "Verio",
    "MultibandAccelerationFactor": 4,
    "RepetitionTime": 2.0,
    "SliceTiming": [
      0.0,
      1.055,
      0.105,
      1.1625,
      0.21,
      1.2675,
      0.3175,
      1.3725,
      0.4225,
      1.4775,
      0.5275,
      1.585,
      0.6325,
      1.69,
      0.74,
      1.795,
      0.845,
      1.9,
      0.95,
      0.0,
      1.055,
      0.105,
      1.1625,
      0.21,
      1.2675,
      0.3175,
      1.3725,
      0.4225,
      1.4775,
      0.5275,
      1.585,
      0.6325,
      1.69,
      0.74,
      1.795,
      0.845,
      1.9,
      0.95,
      0.0,
      1.055,
      0.105,
      1.1625,
      0.21,
      1.2675,
      0.3175,
      1.3725,
      0.4225,
      1.4775,
      0.5275,
      1.585,
      0.6325,
      1.69,
      0.74,
      1.795,
      0.845,
      1.9,
      0.95,
      0.0,
      1.055,
      0.105,
      1.1625,
      0.21,
      1.2675,
      0.3175,
      1.3725,
      0.4225,
      1.4775,
      0.5275,
      1.585,
      0.6325,
      1.69,
      0.74,
      1.795,
      0.845,
      1.9,
      0.95
    ],
    "TaskName": "perception",
    "dataset": "ds001506",
    "modality": "bold",
    "run_id": 1,
    "session_id": "perceptionNaturalImageTraining13",
    "subject_id": "03",
    "task_id": "perception"
  },
  "dummy_trs": 0,
  "dvars_nstd": 48.030123703277326,
  "dvars_std": 1.340186270420168,
  "dvars_vstd": 0.9965772302521014,
  "efc": 0.5291217638435474,
  "fber": 1226.5966796875,
  "fd_mean": 0.10098829435350272,
  "fd_num": 15,
  "fd_perc": 6.2761506276150625,
  "fwhm_avg": 1.8477983333333334,
  "fwhm_x": 1.73667,
  "fwhm_y": 2.03222,
  "fwhm_z": 1.774505,
  "gcor": 0.00955157,
  "gsr_x": -0.026164259761571884,
  "gsr_y": 0.03954998403787613,
  "provenance": {
    "md5sum": "f28e77052765384d319143eedfe91d7e",
    "settings": {
      "fd_thres": 0.2,
      "testing": false
    },
    "software": "mriqc",
    "version": "23.1.0"
  },
  "size_t": 239,
  "size_x": 96,
  "size_y": 96,
  "size_z": 76,
  "snr": 4.265404731349884,
  "spacing_tr": 2.0,
  "spacing_x": 2.0,
  "spacing_y": 2.0,
  "spacing_z": 2.0,
  "summary_bg_k": 15.948272352833396,
  "summary_bg_mad": 11.767767695402133,
  "summary_bg_mean": 37.3323149830662,
  "summary_bg_median": 15.230125427246094,
  "summary_bg_n": 545497.0,
  "summary_bg_p05": 5.635982990264893,
  "summary_bg_p95": 156.47279357910156,
  "summary_bg_stdv": 55.38128006747149,
  "summary_fg_k": 3.5389539525691003,
  "summary_fg_mad": 89.43378910462212,
  "summary_fg_mean": 532.0746858894183,
  "summary_fg_median": 533.4016723632812,
  "summary_fg_n": 154919.0,
  "summary_fg_p05": 316.8158874511719,
  "summary_fg_p95": 711.6820068359375,
  "summary_fg_stdv": 125.05259978963164,
  "tsnr": 43.52975709363818
}