{
  "aor": 0.004533964757709251,
  "aqi": 0.034837233480176207,
  "bids_meta": {
    "EchoTime": 0.043,
    "FlipAngle": 80.0,
    "MagneticFieldStrength": 3.0,
    "Manufacturer": "SIEMENS",
    "ManufacturersModelName": "Verio",
    "MultibandAccelerationFactor": 4,
    "RepetitionTime": 2.0,
    "SliceTiming": [
      0.0,
      1.055,
      0.105,
      1.1625,
      0.21,
      1.2675,
      0.315,
      1.3725,
      0.4225,
      1.4775,
      0.5275,
      1.585,
      0.6325,
      1.69,
      0.7375,
      1.795,
      0.845,
      1.9,
      0.95,
      0.0,
      1.055,
      0.105,
      1.1625,
      0.21,
      1.2675,
      0.315,
      1.3725,
      0.4225,
      1.4775,
      0.5275,
      1.585,
      0.6325,
      1.69,
      0.7375,
      1.795,
      0.845,
      1.9,
      0.95,
      0.0,
      1.055,
      0.105,
      1.1625,
      0.21,
      1.2675,
      0.315,
      1.3725,
      0.4225,
      1.4775,
      0.5275,
      1.585,
      0.6325,
      1.69,
      0.7375,
      1.795,
      0.845,
      1.9,
      0.95,
      0.0,
      1.055,
      0.105,
      1.1625,
      0.21,
      1.2675,
      0.315,
      1.3725,
      0.4225,
      1.4775,
      0.5275,
      1.585,
      0.6325,
      1.69,
      0.7375,
      1.795,
      0.845,
      1.9,
      0.95
    ],
    "TaskName": "imagery",
    "dataset": "ds001506",
    "modality": "bold",
    "run_id": 5,
    "session_id": "imagery01",
    "subject_id": "02",
    "task_id": "imagery"
  },
  "dummy_trs": 0,
  "dvars_nstd": 43.27978632084071,
  "dvars_std": 1.1326972565929205,
  "dvars_vstd": 1.0039886073451332,
  "efc": 0.562507978549022,
  "fber": 841.5691528320312,
  "fd_mean": 0.15443408488311838,
  "fd_num": 31,
  "fd_perc": 13.656387665198238,
  "fwhm_avg": 1.8751149999999999,
  "fwhm_x": 1.76653,
  "fwhm_y": 2.07081,
  "fwhm_z": 1.788005,
  "gcor": 0.023515,
  "gsr_x": -0.019542142748832703,
  "gsr_y": 0.049955129623413086,
  "provenance": {
    "md5sum": "ed22287ad8db82edfbe7b4928b803d63",
    "settings": {
      "fd_thres": 0.2,
      "testing": false
    },
    "software": "mriqc",
    "version": "23.1.0"
  },
  "size_t": 227,
  "size_x": 96,
  "size_y": 96,
  "size_z": 76,
  "snr": 4.501936771022451,
  "spacing_tr": 2.0,
  "spacing_x": 2.0,
  "spacing_y": 2.0,
  "spacing_z": 2.0,
  "summary_bg_k": 23.645584838807086,
  "summary_bg_mad": 15.570588741757206,
  "summary_bg_mean": 42.241477654487355,
  "summary_bg_median": 17.960351943969727,
  "summary_bg_n": 528158.0,
  "summary_bg_p05": 5.682819366455078,
  "summary_bg_p95": 166.19383239746094,
  "summary_bg_stdv": 61.47842818014229,
  "summary_fg_k": 2.9766981625190168,
  "summary_fg_mad": 83.24778880200053,
  "summary_fg_mean": 510.6748909137332,
  "summary_fg_median": 521.0264282226562,
  "summary_fg_n": 172258.0,
  "summary_fg_p05": 291.2687072753906,
  "summary_fg_p95": 665.1321411132812,
  "summary_fg_stdv": 115.73350368466735,
  "tsnr": 28.226084523834288
}