{
  "aor": 0.0004894979079497907,
  "aqi": 0.013721594979079498,
  "bids_meta": {
    "EchoTime": 0.043,
    "FlipAngle": 80.0,
    "MagneticFieldStrength": 3.0,
    "Manufacturer": "SIEMENS",
    "ManufacturersModelName": "Verio",
    "MultibandAccelerationFactor": 4,
    "RepetitionTime": 2.0,
    "SliceTiming": [
      0.0,
      1.0575,
      0.105,
      1.1625,
      0.2125,
      1.2675,
      0.3175,
      1.375,
      0.4225,
      1.48,
      0.53,
      1.585,
      0.635,
      1.69,
      0.74,
      1.7975,
      0.845,
      1.9025,
      0.9525,
      0.0,
      1.0575,
      0.105,
      1.1625,
      0.2125,
      1.2675,
      0.3175,
      1.375,
      0.4225,
      1.48,
      0.53,
      1.585,
      0.635,
      1.69,
      0.74,
      1.7975,
      0.845,
      1.9025,
      0.9525,
      0.0,
      1.0575,
      0.105,
      1.1625,
      0.2125,
      1.2675,
      0.3175,
      1.375,
      0.4225,
      1.48,
      0.53,
      1.585,
      0.635,
      1.69,
      0.74,
      1.7975,
      0.845,
      1.9025,
      0.9525,
      0.0,
      1.0575,
      0.105,
      1.1625,
      0.2125,
      1.2675,
      0.3175,
      1.375,
      0.4225,
      1.48,
      0.53,
      1.585,
      0.635,
      1.69,
      0.74,
      1.7975,
      0.845,
      1.9025,
      0.9525
    ],
    "TaskName": "perception",
    "dataset": "ds001506",
    "modality": "bold",
    "run_id": 2,
    "session_id": "perceptionNaturalImageTraining14",
    "subject_id": "03",
    "task_id": "perception"
  },
  "dummy_trs": 0,
  "dvars_nstd": 40.20470721781509,
  "dvars_std": 1.2533179702100843,
  "dvars_vstd": 1.0040591931092435,
  "efc": 0.5295836761905204,
  "fber": 1322.0091552734375,
  "fd_mean": 0.1016824728745915,
  "fd_num": 11,
  "fd_perc": 4.602510460251046,
  "fwhm_avg": 1.8582783333333335,
  "fwhm_x": 1.751835,
  "fwhm_y": 2.02505,
  "fwhm_z": 1.79795,
  "gcor": 0.0281197,
  "gsr_x": -0.027071615681052208,
  "gsr_y": 0.03730189427733421,
  "provenance": {
    "md5sum": "da15673a5a4bdad7d5b3d0e04696f191",
    "settings": {
      "fd_thres": 0.2,
      "testing": false
    },
    "software": "mriqc",
    "version": "23.1.0"
  },
  "size_t": 239,
  "size_x": 96,
  "size_y": 96,
  "size_z": 76,
  "snr": 4.372345835512784,
  "spacing_tr": 2.0,
  "spacing_x": 2.0,
  "spacing_y": 2.0,
  "spacing_z": 2.0,
  "summary_bg_k": 15.739380045052364,
  "summary_bg_mad": 11.817394154491621,
  "summary_bg_mean": 38.308272321981114,
  "summary_bg_median": 15.062761306762695,
  "summary_bg_n": 545061.0,
  "summary_bg_p05": 5.35146427154541,
  "summary_bg_p95": 161.98326110839844,
  "summary_bg_stdv": 57.522924367601405,
  "summary_fg_k": 3.5716372519978883,
  "summary_fg_mad": 89.16082343127482,
  "summary_fg_mean": 546.8355773083862,
  "summary_fg_median": 547.6736450195312,
  "summary_fg_n": 155355.0,
  "summary_fg_p05": 331.21337890625,
  "summary_fg_p95": 729.0711059570312,
  "summary_fg_stdv": 125.25813441294926,
  "tsnr": 47.01256582746282
}