{
  "aor": 0.0023416923076923076,
  "aqi": 0.015072124102564102,
  "bids_meta": {
    "EchoTime": 0.043,
    "FlipAngle": 80.0,
    "MagneticFieldStrength": 3.0,
    "Manufacturer": "SIEMENS",
    "ManufacturersModelName": "Verio",
    "MultibandAccelerationFactor": 4,
    "RepetitionTime": 2.0,
    "SliceTiming": [
      0.0,
      1.055,
      0.105,
      1.1625,
      0.21,
      1.2675,
      0.315,
      1.3725,
      0.4225,
      1.4775,
      0.5275,
      1.585,
      0.6325,
      1.69,
      0.7375,
      1.795,
      0.845,
      1.9,
      0.95,
      0.0,
      1.055,
      0.105,
      1.1625,
      0.21,
      1.2675,
      0.315,
      1.3725,
      0.4225,
      1.4775,
      0.5275,
      1.585,
      0.6325,
      1.69,
      0.7375,
      1.795,
      0.845,
      1.9,
      0.95,
      0.0,
      1.055,
      0.105,
      1.1625,
      0.21,
      1.2675,
      0.315,
      1.3725,
      0.4225,
      1.4775,
      0.5275,
      1.585,
      0.6325,
      1.69,
      0.7375,
      1.795,
      0.845,
      1.9,
      0.95,
      0.0,
      1.055,
      0.105,
      1.1625,
      0.21,
      1.2675,
      0.315,
      1.3725,
      0.4225,
      1.4775,
      0.5275,
      1.585,
      0.6325,
      1.69,
      0.7375,
      1.795,
      0.845,
      1.9,
      0.95
    ],
    "TaskName": "perception",
    "dataset": "ds001506",
    "modality": "bold",
    "run_id": 9,
    "session_id": "perceptionArtificialImage02",
    "subject_id": "03",
    "task_id": "perception"
  },
  "dummy_trs": 0,
  "dvars_nstd": 41.52803364010312,
  "dvars_std": 1.286922994742268,
  "dvars_vstd": 1.033804109742268,
  "efc": 0.5223307940599676,
  "fber": 1402.42529296875,
  "fd_mean": 0.10793292954267808,
  "fd_num": 16,
  "fd_perc": 8.205128205128204,
  "fwhm_avg": 1.850525,
  "fwhm_x": 1.743815,
  "fwhm_y": 2.02449,
  "fwhm_z": 1.78327,
  "gcor": 0.0177509,
  "gsr_x": -0.02195471152663231,
  "gsr_y": 0.03456209972500801,
  "provenance": {
    "md5sum": "783be522370252617f97ae56564f5fbb",
    "settings": {
      "fd_thres": 0.2,
      "testing": false
    },
    "software": "mriqc",
    "version": "23.1.0"
  },
  "size_t": 195,
  "size_x": 96,
  "size_y": 96,
  "size_z": 76,
  "snr": 4.300834619175155,
  "spacing_tr": 2.0,
  "spacing_x": 2.0,
  "spacing_y": 2.0,
  "spacing_z": 2.0,
  "summary_bg_k": 17.646776403364324,
  "summary_bg_mad": 11.199349370478858,
  "summary_bg_mean": 35.14249656001402,
  "summary_bg_median": 14.220513343811035,
  "summary_bg_n": 546903.0,
  "summary_bg_p05": 4.928205490112305,
  "summary_bg_p95": 146.63589477539062,
  "summary_bg_stdv": 52.751768366760004,
  "summary_fg_k": 3.6455221426040607,
  "summary_fg_mad": 86.95646612885804,
  "summary_fg_mean": 530.4121584988316,
  "summary_fg_median": 532.5435791015625,
  "summary_fg_n": 153513.0,
  "summary_fg_p05": 314.2974548339844,
  "summary_fg_p95": 706.0974731445312,
  "summary_fg_stdv": 123.82290688455522,
  "tsnr": 44.40954344905913
}