{
  "aor": 0.0013890256410256409,
  "aqi": 0.0159935358974359,
  "bids_meta": {
    "EchoTime": 0.043,
    "FlipAngle": 80.0,
    "MagneticFieldStrength": 3.0,
    "Manufacturer": "SIEMENS",
    "ManufacturersModelName": "Verio",
    "MultibandAccelerationFactor": 4,
    "RepetitionTime": 2.0,
    "SliceTiming": [
      0.0,
      1.055,
      0.105,
      1.1625,
      0.21,
      1.2675,
      0.3175,
      1.3725,
      0.4225,
      1.4775,
      0.5275,
      1.585,
      0.6325,
      1.69,
      0.74,
      1.795,
      0.845,
      1.9,
      0.95,
      0.0,
      1.055,
      0.105,
      1.1625,
      0.21,
      1.2675,
      0.3175,
      1.3725,
      0.4225,
      1.4775,
      0.5275,
      1.585,
      0.6325,
      1.69,
      0.74,
      1.795,
      0.845,
      1.9,
      0.95,
      0.0,
      1.055,
      0.105,
      1.1625,
      0.21,
      1.2675,
      0.3175,
      1.3725,
      0.4225,
      1.4775,
      0.5275,
      1.585,
      0.6325,
      1.69,
      0.74,
      1.795,
      0.845,
      1.9,
      0.95,
      0.0,
      1.055,
      0.105,
      1.1625,
      0.21,
      1.2675,
      0.3175,
      1.3725,
      0.4225,
      1.4775,
      0.5275,
      1.585,
      0.6325,
      1.69,
      0.74,
      1.795,
      0.845,
      1.9,
      0.95
    ],
    "TaskName": "perception",
    "dataset": "ds001506",
    "modality": "bold",
    "run_id": 2,
    "session_id": "perceptionArtificialImage02",
    "subject_id": "03",
    "task_id": "perception"
  },
  "dummy_trs": 0,
  "dvars_nstd": 38.35206643355668,
  "dvars_std": 1.2285214928865977,
  "dvars_vstd": 1.0111814630927833,
  "efc": 0.5220206851138111,
  "fber": 1467.9708251953125,
  "fd_mean": 0.07877776055842481,
  "fd_num": 5,
  "fd_perc": 2.5641025641025643,
  "fwhm_avg": 1.8577849999999998,
  "fwhm_x": 1.74908,
  "fwhm_y": 2.03199,
  "fwhm_z": 1.792285,
  "gcor": 0.01826,
  "gsr_x": -0.022232508286833763,
  "gsr_y": 0.03505245968699455,
  "provenance": {
    "md5sum": "e074933548cfb0f847243e45ee4f14f5",
    "settings": {
      "fd_thres": 0.2,
      "testing": false
    },
    "software": "mriqc",
    "version": "23.1.0"
  },
  "size_t": 195,
  "size_x": 96,
  "size_y": 96,
  "size_z": 76,
  "snr": 4.304086303515083,
  "spacing_tr": 2.0,
  "spacing_x": 2.0,
  "spacing_y": 2.0,
  "spacing_z": 2.0,
  "summary_bg_k": 18.78933783386366,
  "summary_bg_mad": 10.994065910243947,
  "summary_bg_mean": 34.937910321513634,
  "summary_bg_median": 13.958974838256836,
  "summary_bg_n": 545846.0,
  "summary_bg_p05": 4.815384864807129,
  "summary_bg_p95": 147.21539306640625,
  "summary_bg_stdv": 53.290951860775586,
  "summary_fg_k": 3.661474963019394,
  "summary_fg_mad": 87.01727598547643,
  "summary_fg_mean": 533.3273321830017,
  "summary_fg_median": 534.82568359375,
  "summary_fg_n": 154570.0,
  "summary_fg_p05": 316.90771484375,
  "summary_fg_p95": 711.3641357421875,
  "summary_fg_stdv": 124.25957934685293,
  "tsnr": 42.98057653475553
}