{
  "aor": 0.0012537435897435898,
  "aqi": 0.019059557435897434,
  "bids_meta": {
    "EchoTime": 0.043,
    "FlipAngle": 80.0,
    "MagneticFieldStrength": 3.0,
    "Manufacturer": "SIEMENS",
    "ManufacturersModelName": "Verio",
    "MultibandAccelerationFactor": 4,
    "RepetitionTime": 2.0,
    "SliceTiming": [
      0.0,
      1.055,
      0.105,
      1.16,
      0.21,
      1.2675,
      0.315,
      1.3725,
      0.4225,
      1.4775,
      0.5275,
      1.585,
      0.6325,
      1.69,
      0.7375,
      1.795,
      0.845,
      1.9,
      0.95,
      0.0,
      1.055,
      0.105,
      1.16,
      0.21,
      1.2675,
      0.315,
      1.3725,
      0.4225,
      1.4775,
      0.5275,
      1.585,
      0.6325,
      1.69,
      0.7375,
      1.795,
      0.845,
      1.9,
      0.95,
      0.0,
      1.055,
      0.105,
      1.16,
      0.21,
      1.2675,
      0.315,
      1.3725,
      0.4225,
      1.4775,
      0.5275,
      1.585,
      0.6325,
      1.69,
      0.7375,
      1.795,
      0.845,
      1.9,
      0.95,
      0.0,
      1.055,
      0.105,
      1.16,
      0.21,
      1.2675,
      0.315,
      1.3725,
      0.4225,
      1.4775,
      0.5275,
      1.585,
      0.6325,
      1.69,
      0.7375,
      1.795,
      0.845,
      1.9,
      0.95
    ],
    "TaskName": "perception",
    "dataset": "ds001506",
    "modality": "bold",
    "run_id": 6,
    "session_id": "perceptionArtificialImage01",
    "subject_id": "01",
    "task_id": "perception"
  },
  "dummy_trs": 0,
  "dvars_nstd": 40.318860378608235,
  "dvars_std": 1.2322816299484538,
  "dvars_vstd": 1.001439149432989,
  "efc": 0.5696426516921315,
  "fber": 1116.1656494140625,
  "fd_mean": 0.1006008926836876,
  "fd_num": 13,
  "fd_perc": 6.666666666666667,
  "fwhm_avg": 1.8469650000000002,
  "fwhm_x": 1.744215,
  "fwhm_y": 1.972345,
  "fwhm_z": 1.824335,
  "gcor": 0.0227479,
  "gsr_x": -0.010694018565118313,
  "gsr_y": 0.023525992408394814,
  "provenance": {
    "md5sum": "3a6c047504f3311547d6e292bb904a61",
    "settings": {
      "fd_thres": 0.2,
      "testing": false
    },
    "software": "mriqc",
    "version": "23.1.0"
  },
  "size_t": 195,
  "size_x": 96,
  "size_y": 96,
  "size_z": 76,
  "snr": 4.026072816273588,
  "spacing_tr": 2.0,
  "spacing_x": 2.0,
  "spacing_y": 2.0,
  "spacing_z": 2.0,
  "summary_bg_k": 13.008797550288037,
  "summary_bg_mad": 16.901666846275486,
  "summary_bg_mean": 49.511307783502474,
  "summary_bg_median": 18.666667938232422,
  "summary_bg_n": 513419.0,
  "summary_bg_p05": 5.574358940124512,
  "summary_bg_p95": 197.4871826171875,
  "summary_bg_stdv": 69.63258904790528,
  "summary_fg_k": 2.5203462918801645,
  "summary_fg_mad": 114.9130737823001,
  "summary_fg_mean": 628.2498285686752,
  "summary_fg_median": 623.6359252929688,
  "summary_fg_n": 186997.0,
  "summary_fg_p05": 372.6205139160156,
  "summary_fg_p95": 879.4154052734375,
  "summary_fg_stdv": 154.89890179519134,
  "tsnr": 37.84158723661676
}