{
  "aor": 0.0014926666666666667,
  "aqi": 0.018798945128205128,
  "bids_meta": {
    "EchoTime": 0.043,
    "FlipAngle": 80.0,
    "MagneticFieldStrength": 3.0,
    "Manufacturer": "SIEMENS",
    "ManufacturersModelName": "Verio",
    "MultibandAccelerationFactor": 4,
    "RepetitionTime": 2.0,
    "SliceTiming": [
      0.0,
      1.055,
      0.105,
      1.1625,
      0.21,
      1.2675,
      0.315,
      1.3725,
      0.4225,
      1.4775,
      0.5275,
      1.585,
      0.6325,
      1.69,
      0.74,
      1.795,
      0.845,
      1.9,
      0.95,
      0.0,
      1.055,
      0.105,
      1.1625,
      0.21,
      1.2675,
      0.315,
      1.3725,
      0.4225,
      1.4775,
      0.5275,
      1.585,
      0.6325,
      1.69,
      0.74,
      1.795,
      0.845,
      1.9,
      0.95,
      0.0,
      1.055,
      0.105,
      1.1625,
      0.21,
      1.2675,
      0.315,
      1.3725,
      0.4225,
      1.4775,
      0.5275,
      1.585,
      0.6325,
      1.69,
      0.74,
      1.795,
      0.845,
      1.9,
      0.95,
      0.0,
      1.055,
      0.105,
      1.1625,
      0.21,
      1.2675,
      0.315,
      1.3725,
      0.4225,
      1.4775,
      0.5275,
      1.585,
      0.6325,
      1.69,
      0.74,
      1.795,
      0.845,
      1.9,
      0.95
    ],
    "TaskName": "perception",
    "dataset": "ds001506",
    "modality": "bold",
    "run_id": 5,
    "session_id": "perceptionArtificialImage01",
    "subject_id": "01",
    "task_id": "perception"
  },
  "dummy_trs": 0,
  "dvars_nstd": 39.808307028350505,
  "dvars_std": 1.2160741015979373,
  "dvars_vstd": 0.9975836096391751,
  "efc": 0.5690326204929057,
  "fber": 1149.2725830078125,
  "fd_mean": 0.10520609389706692,
  "fd_num": 16,
  "fd_perc": 8.205128205128204,
  "fwhm_avg": 1.8484550000000002,
  "fwhm_x": 1.744475,
  "fwhm_y": 1.97366,
  "fwhm_z": 1.82723,
  "gcor": 0.0163976,
  "gsr_x": -0.01036508847028017,
  "gsr_y": 0.024502772837877274,
  "provenance": {
    "md5sum": "a47fc7e0dedcb20f4f2a566c77146f8e",
    "settings": {
      "fd_thres": 0.2,
      "testing": false
    },
    "software": "mriqc",
    "version": "23.1.0"
  },
  "size_t": 195,
  "size_x": 96,
  "size_y": 96,
  "size_z": 76,
  "snr": 4.031623331506596,
  "spacing_tr": 2.0,
  "spacing_x": 2.0,
  "spacing_y": 2.0,
  "spacing_z": 2.0,
  "summary_bg_k": 12.8037738415184,
  "summary_bg_mad": 17.030917483902375,
  "summary_bg_mean": 49.22182814158783,
  "summary_bg_median": 18.374359130859375,
  "summary_bg_n": 513491.0,
  "summary_bg_p05": 5.179487228393555,
  "summary_bg_p95": 196.6769256591797,
  "summary_bg_stdv": 69.5028902132616,
  "summary_fg_k": 2.513406100448023,
  "summary_fg_mad": 115.24001725248203,
  "summary_fg_mean": 627.4469865209527,
  "summary_fg_median": 622.90771484375,
  "summary_fg_n": 186925.0,
  "summary_fg_p05": 372.5897521972656,
  "summary_fg_p95": 876.6307983398438,
  "summary_fg_stdv": 154.5050212842763,
  "tsnr": 37.716444368474185
}