{
  "aor": 0.0007889743589743589,
  "aqi": 0.017671215897435897,
  "bids_meta": {
    "EchoTime": 0.043,
    "FlipAngle": 80.0,
    "MagneticFieldStrength": 3.0,
    "Manufacturer": "SIEMENS",
    "ManufacturersModelName": "Verio",
    "MultibandAccelerationFactor": 4,
    "RepetitionTime": 2.0,
    "SliceTiming": [
      0.0,
      1.0575,
      0.1075,
      1.1625,
      0.2125,
      1.2675,
      0.3175,
      1.375,
      0.4225,
      1.48,
      0.53,
      1.585,
      0.635,
      1.6925,
      0.74,
      1.7975,
      0.845,
      1.9025,
      0.9525,
      0.0,
      1.0575,
      0.1075,
      1.1625,
      0.2125,
      1.2675,
      0.3175,
      1.375,
      0.4225,
      1.48,
      0.53,
      1.585,
      0.635,
      1.6925,
      0.74,
      1.7975,
      0.845,
      1.9025,
      0.9525,
      0.0,
      1.0575,
      0.1075,
      1.1625,
      0.2125,
      1.2675,
      0.3175,
      1.375,
      0.4225,
      1.48,
      0.53,
      1.585,
      0.635,
      1.6925,
      0.74,
      1.7975,
      0.845,
      1.9025,
      0.9525,
      0.0,
      1.0575,
      0.1075,
      1.1625,
      0.2125,
      1.2675,
      0.3175,
      1.375,
      0.4225,
      1.48,
      0.53,
      1.585,
      0.635,
      1.6925,
      0.74,
      1.7975,
      0.845,
      1.9025,
      0.9525
    ],
    "TaskName": "perception",
    "dataset": "ds001506",
    "modality": "bold",
    "run_id": 7,
    "session_id": "perceptionArtificialImage01",
    "subject_id": "01",
    "task_id": "perception"
  },
  "dummy_trs": 0,
  "dvars_nstd": 40.26250710422681,
  "dvars_std": 1.216259079639175,
  "dvars_vstd": 0.9831283892268042,
  "efc": 0.5697419177651953,
  "fber": 1124.2606201171875,
  "fd_mean": 0.09576409779232452,
  "fd_num": 11,
  "fd_perc": 5.641025641025641,
  "fwhm_avg": 1.852475,
  "fwhm_x": 1.750035,
  "fwhm_y": 1.97614,
  "fwhm_z": 1.83125,
  "gcor": 0.0196481,
  "gsr_x": -0.009892519563436508,
  "gsr_y": 0.02417713962495327,
  "provenance": {
    "md5sum": "49568a5e83275d7a6785064a19c69363",
    "settings": {
      "fd_thres": 0.2,
      "testing": false
    },
    "software": "mriqc",
    "version": "23.1.0"
  },
  "size_t": 195,
  "size_x": 96,
  "size_y": 96,
  "size_z": 76,
  "snr": 4.03348355727052,
  "spacing_tr": 2.0,
  "spacing_x": 2.0,
  "spacing_y": 2.0,
  "spacing_z": 2.0,
  "summary_bg_k": 12.696224177159953,
  "summary_bg_mad": 16.901666846275486,
  "summary_bg_mean": 49.39252429077225,
  "summary_bg_median": 18.54871940612793,
  "summary_bg_n": 513364.0,
  "summary_bg_p05": 5.4358978271484375,
  "summary_bg_p95": 197.96923828125,
  "summary_bg_stdv": 69.59436320066071,
  "summary_fg_k": 2.5026819599200243,
  "summary_fg_mad": 114.20597821739514,
  "summary_fg_mean": 626.0177911418035,
  "summary_fg_median": 621.9384765625,
  "summary_fg_n": 187052.0,
  "summary_fg_p05": 369.4359130859375,
  "summary_fg_p95": 874.943603515625,
  "summary_fg_stdv": 154.1934670749806,
  "tsnr": 39.02327969064936
}