{
  "aor": 0.0009231799163179917,
  "aqi": 0.014997884518828454,
  "bids_meta": {
    "EchoTime": 0.043,
    "FlipAngle": 80.0,
    "MagneticFieldStrength": 3.0,
    "Manufacturer": "SIEMENS",
    "ManufacturersModelName": "Verio",
    "MultibandAccelerationFactor": 4,
    "RepetitionTime": 2.0,
    "SliceTiming": [
      0.0,
      1.0575,
      0.1075,
      1.1625,
      0.2125,
      1.2675,
      0.3175,
      1.375,
      0.4225,
      1.48,
      0.53,
      1.585,
      0.635,
      1.69,
      0.74,
      1.7975,
      0.845,
      1.9025,
      0.9525,
      0.0,
      1.0575,
      0.1075,
      1.1625,
      0.2125,
      1.2675,
      0.3175,
      1.375,
      0.4225,
      1.48,
      0.53,
      1.585,
      0.635,
      1.69,
      0.74,
      1.7975,
      0.845,
      1.9025,
      0.9525,
      0.0,
      1.0575,
      0.1075,
      1.1625,
      0.2125,
      1.2675,
      0.3175,
      1.375,
      0.4225,
      1.48,
      0.53,
      1.585,
      0.635,
      1.69,
      0.74,
      1.7975,
      0.845,
      1.9025,
      0.9525,
      0.0,
      1.0575,
      0.1075,
      1.1625,
      0.2125,
      1.2675,
      0.3175,
      1.375,
      0.4225,
      1.48,
      0.53,
      1.585,
      0.635,
      1.69,
      0.74,
      1.7975,
      0.845,
      1.9025,
      0.9525
    ],
    "TaskName": "perception",
    "dataset": "ds001506",
    "modality": "bold",
    "run_id": 6,
    "session_id": "perceptionNaturalImageTraining10",
    "subject_id": "02",
    "task_id": "perception"
  },
  "dummy_trs": 0,
  "dvars_nstd": 44.29521852352945,
  "dvars_std": 1.293678934789915,
  "dvars_vstd": 1.014661546806723,
  "efc": 0.558815584064459,
  "fber": 945.6903076171875,
  "fd_mean": 0.07292785018301506,
  "fd_num": 9,
  "fd_perc": 3.7656903765690375,
  "fwhm_avg": 1.8282800000000001,
  "fwhm_x": 1.729555,
  "fwhm_y": 2.011035,
  "fwhm_z": 1.74425,
  "gcor": 0.0370138,
  "gsr_x": -0.020353171974420547,
  "gsr_y": 0.05324995517730713,
  "provenance": {
    "md5sum": "1c1c3f28796c748bfa18a7315b22a56a",
    "settings": {
      "fd_thres": 0.2,
      "testing": false
    },
    "software": "mriqc",
    "version": "23.1.0"
  },
  "size_t": 239,
  "size_x": 96,
  "size_y": 96,
  "size_z": 76,
  "snr": 4.411047230497982,
  "spacing_tr": 2.0,
  "spacing_x": 2.0,
  "spacing_y": 2.0,
  "spacing_z": 2.0,
  "summary_bg_k": 24.253361111619,
  "summary_bg_mad": 14.484837009126583,
  "summary_bg_mean": 41.39027343171115,
  "summary_bg_median": 17.11297035217285,
  "summary_bg_n": 527657.0,
  "summary_bg_p05": 5.70292854309082,
  "summary_bg_p95": 164.76568603515625,
  "summary_bg_stdv": 61.32777514021689,
  "summary_fg_k": 3.017659744538223,
  "summary_fg_mad": 86.93384341434226,
  "summary_fg_mean": 517.3370647461244,
  "summary_fg_median": 526.2593994140625,
  "summary_fg_n": 172759.0,
  "summary_fg_p05": 293.4225769042969,
  "summary_fg_p95": 678.0878295898438,
  "summary_fg_stdv": 119.30452085631936,
  "tsnr": 42.50012997724116
}