{
  "aor": 0.001438828451882845,
  "aqi": 0.03164360251046026,
  "bids_meta": {
    "EchoTime": 0.043,
    "FlipAngle": 80.0,
    "MagneticFieldStrength": 3.0,
    "Manufacturer": "SIEMENS",
    "ManufacturersModelName": "Verio",
    "MultibandAccelerationFactor": 4,
    "RepetitionTime": 2.0,
    "SliceTiming": [
      0.0,
      1.0575,
      0.1075,
      1.1625,
      0.2125,
      1.2675,
      0.3175,
      1.375,
      0.4225,
      1.48,
      0.53,
      1.585,
      0.635,
      1.6925,
      0.74,
      1.7975,
      0.845,
      1.9025,
      0.9525,
      0.0,
      1.0575,
      0.1075,
      1.1625,
      0.2125,
      1.2675,
      0.3175,
      1.375,
      0.4225,
      1.48,
      0.53,
      1.585,
      0.635,
      1.6925,
      0.74,
      1.7975,
      0.845,
      1.9025,
      0.9525,
      0.0,
      1.0575,
      0.1075,
      1.1625,
      0.2125,
      1.2675,
      0.3175,
      1.375,
      0.4225,
      1.48,
      0.53,
      1.585,
      0.635,
      1.6925,
      0.74,
      1.7975,
      0.845,
      1.9025,
      0.9525,
      0.0,
      1.0575,
      0.1075,
      1.1625,
      0.2125,
      1.2675,
      0.3175,
      1.375,
      0.4225,
      1.48,
      0.53,
      1.585,
      0.635,
      1.6925,
      0.74,
      1.7975,
      0.845,
      1.9025,
      0.9525
    ],
    "TaskName": "perception",
    "dataset": "ds001506",
    "modality": "bold",
    "run_id": 7,
    "session_id": "perceptionNaturalImageTraining15",
    "subject_id": "01",
    "task_id": "perception"
  },
  "dummy_trs": 0,
  "dvars_nstd": 46.17561153600844,
  "dvars_std": 1.2125427925630246,
  "dvars_vstd": 0.9821976940756302,
  "efc": 0.5693310255789193,
  "fber": 1002.624755859375,
  "fd_mean": 0.17200449218924851,
  "fd_num": 72,
  "fd_perc": 30.1255230125523,
  "fwhm_avg": 1.8944033333333332,
  "fwhm_x": 1.781655,
  "fwhm_y": 2.08115,
  "fwhm_z": 1.820405,
  "gcor": 0.0265776,
  "gsr_x": -0.009678609669208527,
  "gsr_y": 0.0363004244863987,
  "provenance": {
    "md5sum": "350750744fb097e3b642e3685c8bb7ee",
    "settings": {
      "fd_thres": 0.2,
      "testing": false
    },
    "software": "mriqc",
    "version": "23.1.0"
  },
  "size_t": 239,
  "size_x": 96,
  "size_y": 96,
  "size_z": 76,
  "snr": 3.904361811332849,
  "spacing_tr": 2.0,
  "spacing_x": 2.0,
  "spacing_y": 2.0,
  "spacing_z": 2.0,
  "summary_bg_k": 12.846874828135833,
  "summary_bg_mad": 16.21557435091894,
  "summary_bg_mean": 44.47873955450338,
  "summary_bg_median": 17.895397186279297,
  "summary_bg_n": 511806.0,
  "summary_bg_p05": 5.050209045410156,
  "summary_bg_p95": 175.84518432617188,
  "summary_bg_stdv": 61.766700653872974,
  "summary_fg_k": 2.6700476848096875,
  "summary_fg_mad": 109.8459024487705,
  "summary_fg_mean": 573.7944161690771,
  "summary_fg_median": 566.6443481445312,
  "summary_fg_n": 188610.0,
  "summary_fg_p05": 338.4853515625,
  "summary_fg_p95": 815.0125122070312,
  "summary_fg_stdv": 145.1307213227475,
  "tsnr": 26.97130158788059
}