{
  "aor": 0.0008910041841004185,
  "aqi": 0.016495197112970712,
  "bids_meta": {
    "EchoTime": 0.043,
    "FlipAngle": 80.0,
    "MagneticFieldStrength": 3.0,
    "Manufacturer": "SIEMENS",
    "ManufacturersModelName": "Verio",
    "MultibandAccelerationFactor": 4,
    "RepetitionTime": 2.0,
    "SliceTiming": [
      0.0,
      1.055,
      0.105,
      1.1625,
      0.21,
      1.2675,
      0.315,
      1.3725,
      0.4225,
      1.4775,
      0.5275,
      1.585,
      0.6325,
      1.69,
      0.7375,
      1.795,
      0.845,
      1.9,
      0.95,
      0.0,
      1.055,
      0.105,
      1.1625,
      0.21,
      1.2675,
      0.315,
      1.3725,
      0.4225,
      1.4775,
      0.5275,
      1.585,
      0.6325,
      1.69,
      0.7375,
      1.795,
      0.845,
      1.9,
      0.95,
      0.0,
      1.055,
      0.105,
      1.1625,
      0.21,
      1.2675,
      0.315,
      1.3725,
      0.4225,
      1.4775,
      0.5275,
      1.585,
      0.6325,
      1.69,
      0.7375,
      1.795,
      0.845,
      1.9,
      0.95,
      0.0,
      1.055,
      0.105,
      1.1625,
      0.21,
      1.2675,
      0.315,
      1.3725,
      0.4225,
      1.4775,
      0.5275,
      1.585,
      0.6325,
      1.69,
      0.7375,
      1.795,
      0.845,
      1.9,
      0.95
    ],
    "TaskName": "perception",
    "dataset": "ds001506",
    "modality": "bold",
    "run_id": 4,
    "session_id": "perceptionNaturalImageTraining03",
    "subject_id": "01",
    "task_id": "perception"
  },
  "dummy_trs": 0,
  "dvars_nstd": 41.0122928136555,
  "dvars_std": 1.2155946699579838,
  "dvars_vstd": 1.0007263367226886,
  "efc": 0.5797505821354684,
  "fber": 758.9578247070312,
  "fd_mean": 0.11443969446965614,
  "fd_num": 37,
  "fd_perc": 15.481171548117155,
  "fwhm_avg": 1.852955,
  "fwhm_x": 1.74517,
  "fwhm_y": 2.03803,
  "fwhm_z": 1.775665,
  "gcor": 0.0259279,
  "gsr_x": -0.01754191890358925,
  "gsr_y": 0.03121337480843067,
  "provenance": {
    "md5sum": "6341edd520edbb9c27a2028a9a365696",
    "settings": {
      "fd_thres": 0.2,
      "testing": false
    },
    "software": "mriqc",
    "version": "23.1.0"
  },
  "size_t": 239,
  "size_x": 96,
  "size_y": 96,
  "size_z": 76,
  "snr": 3.9711512509318103,
  "spacing_tr": 2.0,
  "spacing_x": 2.0,
  "spacing_y": 2.0,
  "spacing_z": 2.0,
  "summary_bg_k": 10.81566596764393,
  "summary_bg_mad": 18.876815046977438,
  "summary_bg_mean": 49.00990237136688,
  "summary_bg_median": 20.669456481933594,
  "summary_bg_n": 511238.0,
  "summary_bg_p05": 5.85774040222168,
  "summary_bg_p95": 193.54393005371094,
  "summary_bg_stdv": 66.37267205325772,
  "summary_fg_k": 2.997357786792774,
  "summary_fg_mad": 107.85152918248912,
  "summary_fg_mean": 572.7510986828408,
  "summary_fg_median": 569.4267578125,
  "summary_fg_n": 189178.0,
  "summary_fg_p05": 332.4100341796875,
  "summary_fg_p95": 801.0711059570312,
  "summary_fg_stdv": 143.3904721393611,
  "tsnr": 38.00269712693989
}