{
  "aor": 0.0009187866108786611,
  "aqi": 0.01989858870292887,
  "bids_meta": {
    "EchoTime": 0.043,
    "FlipAngle": 80.0,
    "MagneticFieldStrength": 3.0,
    "Manufacturer": "SIEMENS",
    "ManufacturersModelName": "Verio",
    "MultibandAccelerationFactor": 4,
    "RepetitionTime": 2.0,
    "SliceTiming": [
      0.0,
      1.0575,
      0.105,
      1.1625,
      0.2125,
      1.2675,
      0.3175,
      1.3725,
      0.4225,
      1.48,
      0.5275,
      1.585,
      0.635,
      1.69,
      0.74,
      1.795,
      0.845,
      1.9025,
      0.95,
      0.0,
      1.0575,
      0.105,
      1.1625,
      0.2125,
      1.2675,
      0.3175,
      1.3725,
      0.4225,
      1.48,
      0.5275,
      1.585,
      0.635,
      1.69,
      0.74,
      1.795,
      0.845,
      1.9025,
      0.95,
      0.0,
      1.0575,
      0.105,
      1.1625,
      0.2125,
      1.2675,
      0.3175,
      1.3725,
      0.4225,
      1.48,
      0.5275,
      1.585,
      0.635,
      1.69,
      0.74,
      1.795,
      0.845,
      1.9025,
      0.95,
      0.0,
      1.0575,
      0.105,
      1.1625,
      0.2125,
      1.2675,
      0.3175,
      1.3725,
      0.4225,
      1.48,
      0.5275,
      1.585,
      0.635,
      1.69,
      0.74,
      1.795,
      0.845,
      1.9025,
      0.95
    ],
    "TaskName": "perception",
    "dataset": "ds001506",
    "modality": "bold",
    "run_id": 5,
    "session_id": "perceptionNaturalImageTraining03",
    "subject_id": "01",
    "task_id": "perception"
  },
  "dummy_trs": 0,
  "dvars_nstd": 42.00050757890756,
  "dvars_std": 1.2341569844957978,
  "dvars_vstd": 0.9970679052941175,
  "efc": 0.5798242731067385,
  "fber": 747.4841918945312,
  "fd_mean": 0.10930051234803811,
  "fd_num": 31,
  "fd_perc": 12.97071129707113,
  "fwhm_avg": 1.8561083333333332,
  "fwhm_x": 1.75338,
  "fwhm_y": 2.04277,
  "fwhm_z": 1.772175,
  "gcor": 0.0284439,
  "gsr_x": -0.01710745505988598,
  "gsr_y": 0.031222565099596977,
  "provenance": {
    "md5sum": "6fd729a43b36d76d3b25b5d5f10c86fe",
    "settings": {
      "fd_thres": 0.2,
      "testing": false
    },
    "software": "mriqc",
    "version": "23.1.0"
  },
  "size_t": 239,
  "size_x": 96,
  "size_y": 96,
  "size_z": 76,
  "snr": 3.9749108630720116,
  "spacing_tr": 2.0,
  "spacing_x": 2.0,
  "spacing_y": 2.0,
  "spacing_z": 2.0,
  "summary_bg_k": 10.957609949108443,
  "summary_bg_mad": 19.186980239546777,
  "summary_bg_mean": 49.12214450303952,
  "summary_bg_median": 20.8493709564209,
  "summary_bg_n": 511443.0,
  "summary_bg_p05": 5.836820125579834,
  "summary_bg_p95": 192.76150512695312,
  "summary_bg_stdv": 66.1871568715575,
  "summary_fg_k": 2.9871781660072303,
  "summary_fg_mad": 107.3676745644258,
  "summary_fg_mean": 573.7496790350252,
  "summary_fg_median": 570.0250854492188,
  "summary_fg_n": 188973.0,
  "summary_fg_p05": 333.9079284667969,
  "summary_fg_p95": 802.82421875,
  "summary_fg_stdv": 143.4053735706539,
  "tsnr": 35.056140691041946
}