{
  "aor": 0.0011497071129707114,
  "aqi": 0.020901289539748954,
  "bids_meta": {
    "EchoTime": 0.043,
    "FlipAngle": 80.0,
    "MagneticFieldStrength": 3.0,
    "Manufacturer": "SIEMENS",
    "ManufacturersModelName": "Verio",
    "MultibandAccelerationFactor": 4,
    "RepetitionTime": 2.0,
    "SliceTiming": [
      0.0,
      1.0575,
      0.1075,
      1.1625,
      0.2125,
      1.27,
      0.3175,
      1.375,
      0.425,
      1.48,
      0.53,
      1.585,
      0.635,
      1.6925,
      0.74,
      1.7975,
      0.8475,
      1.9025,
      0.9525,
      0.0,
      1.0575,
      0.1075,
      1.1625,
      0.2125,
      1.27,
      0.3175,
      1.375,
      0.425,
      1.48,
      0.53,
      1.585,
      0.635,
      1.6925,
      0.74,
      1.7975,
      0.8475,
      1.9025,
      0.9525,
      0.0,
      1.0575,
      0.1075,
      1.1625,
      0.2125,
      1.27,
      0.3175,
      1.375,
      0.425,
      1.48,
      0.53,
      1.585,
      0.635,
      1.6925,
      0.74,
      1.7975,
      0.8475,
      1.9025,
      0.9525,
      0.0,
      1.0575,
      0.1075,
      1.1625,
      0.2125,
      1.27,
      0.3175,
      1.375,
      0.425,
      1.48,
      0.53,
      1.585,
      0.635,
      1.6925,
      0.74,
      1.7975,
      0.8475,
      1.9025,
      0.9525
    ],
    "TaskName": "perception",
    "dataset": "ds001506",
    "modality": "bold",
    "run_id": 3,
    "session_id": "perceptionNaturalImageTraining02",
    "subject_id": "01",
    "task_id": "perception"
  },
  "dummy_trs": 0,
  "dvars_nstd": 41.49633379575631,
  "dvars_std": 1.1902834729831933,
  "dvars_vstd": 0.9933196170588235,
  "efc": 0.5792055723814808,
  "fber": 728.7574462890625,
  "fd_mean": 0.11257786088468713,
  "fd_num": 36,
  "fd_perc": 15.06276150627615,
  "fwhm_avg": 1.86742,
  "fwhm_x": 1.7521,
  "fwhm_y": 2.052,
  "fwhm_z": 1.79816,
  "gcor": 0.0315773,
  "gsr_x": -0.016709117218852043,
  "gsr_y": 0.03251444920897484,
  "provenance": {
    "md5sum": "c5c06d67318d71229af28134d87134b5",
    "settings": {
      "fd_thres": 0.2,
      "testing": false
    },
    "software": "mriqc",
    "version": "23.1.0"
  },
  "size_t": 239,
  "size_x": 96,
  "size_y": 96,
  "size_z": 76,
  "snr": 3.9241562253277973,
  "spacing_tr": 2.0,
  "spacing_x": 2.0,
  "spacing_y": 2.0,
  "spacing_z": 2.0,
  "summary_bg_k": 11.795552838877539,
  "summary_bg_mad": 18.783763580415098,
  "summary_bg_mean": 47.30409660559944,
  "summary_bg_median": 20.497907638549805,
  "summary_bg_n": 510971.0,
  "summary_bg_p05": 5.715480804443359,
  "summary_bg_p95": 183.07949829101562,
  "summary_bg_stdv": 63.10203216434319,
  "summary_fg_k": 2.9503844574536435,
  "summary_fg_mad": 107.04516514628895,
  "summary_fg_mean": 559.3217695362171,
  "summary_fg_median": 553.3514404296875,
  "summary_fg_n": 189445.0,
  "summary_fg_p05": 329.96234130859375,
  "summary_fg_p95": 791.9371948242188,
  "summary_fg_stdv": 141.01120042117404,
  "tsnr": 33.80131040723063
}