{
  "aor": 0.002185857740585774,
  "aqi": 0.01922189790794979,
  "bids_meta": {
    "EchoTime": 0.043,
    "FlipAngle": 80.0,
    "MagneticFieldStrength": 3.0,
    "Manufacturer": "SIEMENS",
    "ManufacturersModelName": "Verio",
    "MultibandAccelerationFactor": 4,
    "RepetitionTime": 2.0,
    "SliceTiming": [
      0.0,
      1.0575,
      0.105,
      1.1625,
      0.21,
      1.2675,
      0.3175,
      1.3725,
      0.4225,
      1.48,
      0.5275,
      1.585,
      0.6325,
      1.69,
      0.74,
      1.795,
      0.845,
      1.9025,
      0.95,
      0.0,
      1.0575,
      0.105,
      1.1625,
      0.21,
      1.2675,
      0.3175,
      1.3725,
      0.4225,
      1.48,
      0.5275,
      1.585,
      0.6325,
      1.69,
      0.74,
      1.795,
      0.845,
      1.9025,
      0.95,
      0.0,
      1.0575,
      0.105,
      1.1625,
      0.21,
      1.2675,
      0.3175,
      1.3725,
      0.4225,
      1.48,
      0.5275,
      1.585,
      0.6325,
      1.69,
      0.74,
      1.795,
      0.845,
      1.9025,
      0.95,
      0.0,
      1.0575,
      0.105,
      1.1625,
      0.21,
      1.2675,
      0.3175,
      1.3725,
      0.4225,
      1.48,
      0.5275,
      1.585,
      0.6325,
      1.69,
      0.74,
      1.795,
      0.845,
      1.9025,
      0.95
    ],
    "TaskName": "perception",
    "dataset": "ds001506",
    "modality": "bold",
    "run_id": 5,
    "session_id": "perceptionNaturalImageTraining02",
    "subject_id": "01",
    "task_id": "perception"
  },
  "dummy_trs": 0,
  "dvars_nstd": 42.05627533563026,
  "dvars_std": 1.2246777606722692,
  "dvars_vstd": 1.0168581391596643,
  "efc": 0.5801482532945459,
  "fber": 720.4747314453125,
  "fd_mean": 0.10959036133287813,
  "fd_num": 38,
  "fd_perc": 15.899581589958158,
  "fwhm_avg": 1.8660066666666666,
  "fwhm_x": 1.751365,
  "fwhm_y": 2.05418,
  "fwhm_z": 1.792475,
  "gcor": 0.0330261,
  "gsr_x": -0.01638096198439598,
  "gsr_y": 0.03294108435511589,
  "provenance": {
    "md5sum": "323953c3a728c7b036ab0ea2efbc3c21",
    "settings": {
      "fd_thres": 0.2,
      "testing": false
    },
    "software": "mriqc",
    "version": "23.1.0"
  },
  "size_t": 239,
  "size_x": 96,
  "size_y": 96,
  "size_z": 76,
  "snr": 3.9326361588961785,
  "spacing_tr": 2.0,
  "spacing_x": 2.0,
  "spacing_y": 2.0,
  "spacing_z": 2.0,
  "summary_bg_k": 11.959757637956363,
  "summary_bg_mad": 18.703118551885172,
  "summary_bg_mean": 47.2825794690623,
  "summary_bg_median": 20.518827438354492,
  "summary_bg_n": 510488.0,
  "summary_bg_p05": 5.832635879516602,
  "summary_bg_p95": 183.12551879882812,
  "summary_bg_stdv": 63.04901243652175,
  "summary_fg_k": 2.894152336233944,
  "summary_fg_mad": 106.1983516965346,
  "summary_fg_mean": 556.4122949762592,
  "summary_fg_median": 550.7593994140625,
  "summary_fg_n": 189928.0,
  "summary_fg_p05": 328.0794982910156,
  "summary_fg_p95": 784.8618774414062,
  "summary_fg_stdv": 140.04803069563891,
  "tsnr": 34.729879590217024
}