{
  "aor": 0.0016261924686192468,
  "aqi": 0.020275561924686197,
  "bids_meta": {
    "EchoTime": 0.043,
    "FlipAngle": 80.0,
    "MagneticFieldStrength": 3.0,
    "Manufacturer": "SIEMENS",
    "ManufacturersModelName": "Verio",
    "MultibandAccelerationFactor": 4,
    "RepetitionTime": 2.0,
    "SliceTiming": [
      0.0,
      1.055,
      0.105,
      1.1625,
      0.21,
      1.2675,
      0.3175,
      1.3725,
      0.4225,
      1.4775,
      0.5275,
      1.585,
      0.6325,
      1.69,
      0.74,
      1.795,
      0.845,
      1.9,
      0.95,
      0.0,
      1.055,
      0.105,
      1.1625,
      0.21,
      1.2675,
      0.3175,
      1.3725,
      0.4225,
      1.4775,
      0.5275,
      1.585,
      0.6325,
      1.69,
      0.74,
      1.795,
      0.845,
      1.9,
      0.95,
      0.0,
      1.055,
      0.105,
      1.1625,
      0.21,
      1.2675,
      0.3175,
      1.3725,
      0.4225,
      1.4775,
      0.5275,
      1.585,
      0.6325,
      1.69,
      0.74,
      1.795,
      0.845,
      1.9,
      0.95,
      0.0,
      1.055,
      0.105,
      1.1625,
      0.21,
      1.2675,
      0.3175,
      1.3725,
      0.4225,
      1.4775,
      0.5275,
      1.585,
      0.6325,
      1.69,
      0.74,
      1.795,
      0.845,
      1.9,
      0.95
    ],
    "TaskName": "perception",
    "dataset": "ds001506",
    "modality": "bold",
    "run_id": 2,
    "session_id": "perceptionNaturalImageTraining02",
    "subject_id": "01",
    "task_id": "perception"
  },
  "dummy_trs": 0,
  "dvars_nstd": 42.84127537567226,
  "dvars_std": 1.222046942226891,
  "dvars_vstd": 1.0056006740336136,
  "efc": 0.5794015470174291,
  "fber": 722.57861328125,
  "fd_mean": 0.11420727519326238,
  "fd_num": 33,
  "fd_perc": 13.807531380753138,
  "fwhm_avg": 1.8754966666666668,
  "fwhm_x": 1.756075,
  "fwhm_y": 2.0599,
  "fwhm_z": 1.810515,
  "gcor": 0.0346423,
  "gsr_x": -0.017145680263638496,
  "gsr_y": 0.03242265060544014,
  "provenance": {
    "md5sum": "a217486eab69b199fe73557f7575edff",
    "settings": {
      "fd_thres": 0.2,
      "testing": false
    },
    "software": "mriqc",
    "version": "23.1.0"
  },
  "size_t": 239,
  "size_x": 96,
  "size_y": 96,
  "size_z": 76,
  "snr": 3.9137587614708944,
  "spacing_tr": 2.0,
  "spacing_x": 2.0,
  "spacing_y": 2.0,
  "spacing_z": 2.0,
  "summary_bg_k": 11.860182273800314,
  "summary_bg_mad": 18.67210281028405,
  "summary_bg_mean": 47.07608482375764,
  "summary_bg_median": 20.57322120666504,
  "summary_bg_n": 510231.0,
  "summary_bg_p05": 5.807531356811523,
  "summary_bg_p95": 182.32635498046875,
  "summary_bg_stdv": 62.87390327811483,
  "summary_fg_k": 2.8447413427461274,
  "summary_fg_mad": 106.89621719391711,
  "summary_fg_mean": 558.7823992839104,
  "summary_fg_median": 553.0250854492188,
  "summary_fg_n": 190185.0,
  "summary_fg_p05": 329.0041809082031,
  "summary_fg_p95": 790.033447265625,
  "summary_fg_stdv": 141.30243207068463,
  "tsnr": 33.85877858067397
}