{
  "aor": 0.0008364238410596025,
  "aqi": 0.020787814569536423,
  "bids_meta": {
    "EchoTime": 0.043,
    "FlipAngle": 80.0,
    "MagneticFieldStrength": 3.0,
    "Manufacturer": "SIEMENS",
    "ManufacturersModelName": "Verio",
    "MultibandAccelerationFactor": 4,
    "RepetitionTime": 2.0,
    "SliceTiming": [
      0.0,
      1.0575,
      0.105,
      1.1625,
      0.21,
      1.2675,
      0.3175,
      1.3725,
      0.4225,
      1.48,
      0.5275,
      1.585,
      0.6325,
      1.69,
      0.74,
      1.795,
      0.845,
      1.9025,
      0.95,
      0.0,
      1.0575,
      0.105,
      1.1625,
      0.21,
      1.2675,
      0.3175,
      1.3725,
      0.4225,
      1.48,
      0.5275,
      1.585,
      0.6325,
      1.69,
      0.74,
      1.795,
      0.845,
      1.9025,
      0.95,
      0.0,
      1.0575,
      0.105,
      1.1625,
      0.21,
      1.2675,
      0.3175,
      1.3725,
      0.4225,
      1.48,
      0.5275,
      1.585,
      0.6325,
      1.69,
      0.74,
      1.795,
      0.845,
      1.9025,
      0.95,
      0.0,
      1.0575,
      0.105,
      1.1625,
      0.21,
      1.2675,
      0.3175,
      1.3725,
      0.4225,
      1.48,
      0.5275,
      1.585,
      0.6325,
      1.69,
      0.74,
      1.795,
      0.845,
      1.9025,
      0.95
    ],
    "TaskName": "perception",
    "dataset": "ds001506",
    "modality": "bold",
    "run_id": 1,
    "session_id": "perceptionLetterImage01",
    "subject_id": "01",
    "task_id": "perception"
  },
  "dummy_trs": 0,
  "dvars_nstd": 42.42783529886667,
  "dvars_std": 1.2449973397333336,
  "dvars_vstd": 0.947576374533333,
  "efc": 0.569373766342256,
  "fber": 933.9553833007812,
  "fd_mean": 0.07252500042779633,
  "fd_num": 5,
  "fd_perc": 3.3112582781456954,
  "fwhm_avg": 1.8625216666666666,
  "fwhm_x": 1.757845,
  "fwhm_y": 2.05237,
  "fwhm_z": 1.77735,
  "gcor": 0.0246986,
  "gsr_x": -0.010132578201591969,
  "gsr_y": 0.03504273667931557,
  "provenance": {
    "md5sum": "0337ec337a8af8a4926e150829d52c81",
    "settings": {
      "fd_thres": 0.2,
      "testing": false
    },
    "software": "mriqc",
    "version": "23.1.0"
  },
  "size_t": 151,
  "size_x": 96,
  "size_y": 96,
  "size_z": 76,
  "snr": 3.9354602796813607,
  "spacing_tr": 2.0,
  "spacing_x": 2.0,
  "spacing_y": 2.0,
  "spacing_z": 2.0,
  "summary_bg_k": 12.598383019581087,
  "summary_bg_mad": 17.634129543750905,
  "summary_bg_mean": 46.4033693184258,
  "summary_bg_median": 19.370861053466797,
  "summary_bg_n": 512001.0,
  "summary_bg_p05": 5.4966888427734375,
  "summary_bg_p95": 186.6953582763672,
  "summary_bg_stdv": 65.06609270438655,
  "summary_fg_k": 2.6697925320676816,
  "summary_fg_mad": 112.69740512262544,
  "summary_fg_mean": 596.1244059888837,
  "summary_fg_median": 591.9867553710938,
  "summary_fg_n": 188415.0,
  "summary_fg_p05": 346.423828125,
  "summary_fg_p95": 836.6622314453125,
  "summary_fg_stdv": 150.42336660348707,
  "tsnr": 35.22359947115183
}