{
  "aor": 0.0013253974895397489,
  "aqi": 0.018114010041841006,
  "bids_meta": {
    "EchoTime": 0.043,
    "FlipAngle": 80.0,
    "MagneticFieldStrength": 3.0,
    "Manufacturer": "SIEMENS",
    "ManufacturersModelName": "Verio",
    "MultibandAccelerationFactor": 4,
    "RepetitionTime": 2.0,
    "SliceTiming": [
      0.0,
      1.0575,
      0.1075,
      1.1625,
      0.2125,
      1.27,
      0.3175,
      1.375,
      0.4225,
      1.48,
      0.53,
      1.585,
      0.635,
      1.6925,
      0.74,
      1.7975,
      0.845,
      1.9025,
      0.9525,
      0.0,
      1.0575,
      0.1075,
      1.1625,
      0.2125,
      1.27,
      0.3175,
      1.375,
      0.4225,
      1.48,
      0.53,
      1.585,
      0.635,
      1.6925,
      0.74,
      1.7975,
      0.845,
      1.9025,
      0.9525,
      0.0,
      1.0575,
      0.1075,
      1.1625,
      0.2125,
      1.27,
      0.3175,
      1.375,
      0.4225,
      1.48,
      0.53,
      1.585,
      0.635,
      1.6925,
      0.74,
      1.7975,
      0.845,
      1.9025,
      0.9525,
      0.0,
      1.0575,
      0.1075,
      1.1625,
      0.2125,
      1.27,
      0.3175,
      1.375,
      0.4225,
      1.48,
      0.53,
      1.585,
      0.635,
      1.6925,
      0.74,
      1.7975,
      0.845,
      1.9025,
      0.9525
    ],
    "TaskName": "perception",
    "dataset": "ds001506",
    "modality": "bold",
    "run_id": 8,
    "session_id": "perceptionNaturalImageTraining12",
    "subject_id": "02",
    "task_id": "perception"
  },
  "dummy_trs": 0,
  "dvars_nstd": 44.67473716113445,
  "dvars_std": 1.2996269885714287,
  "dvars_vstd": 1.019662168991597,
  "efc": 0.5602028816200636,
  "fber": 976.2297973632812,
  "fd_mean": 0.0945950696866408,
  "fd_num": 15,
  "fd_perc": 6.2761506276150625,
  "fwhm_avg": 1.8678350000000001,
  "fwhm_x": 1.76192,
  "fwhm_y": 2.0595,
  "fwhm_z": 1.782085,
  "gcor": 0.0260872,
  "gsr_x": -0.019303182139992714,
  "gsr_y": 0.05202150717377663,
  "provenance": {
    "md5sum": "0773b7fd198703bb448954ed41d95e73",
    "settings": {
      "fd_thres": 0.2,
      "testing": false
    },
    "software": "mriqc",
    "version": "23.1.0"
  },
  "size_t": 239,
  "size_x": 96,
  "size_y": 96,
  "size_z": 76,
  "snr": 4.451871427886823,
  "spacing_tr": 2.0,
  "spacing_x": 2.0,
  "spacing_y": 2.0,
  "spacing_z": 2.0,
  "summary_bg_k": 21.012023831760832,
  "summary_bg_mad": 15.061749456390702,
  "summary_bg_mean": 43.23617690976106,
  "summary_bg_median": 17.485355377197266,
  "summary_bg_n": 527182.0,
  "summary_bg_p05": 5.728033542633057,
  "summary_bg_p95": 173.54811096191406,
  "summary_bg_stdv": 63.766117855551684,
  "summary_fg_k": 3.1832567322312117,
  "summary_fg_mad": 88.78551259745817,
  "summary_fg_mean": 535.7513719697698,
  "summary_fg_median": 546.3242492675781,
  "summary_fg_n": 173234.0,
  "summary_fg_p05": 304.2928771972656,
  "summary_fg_p95": 700.6234130859375,
  "summary_fg_stdv": 122.71753155405969,
  "tsnr": 39.207051382400095
}