{
  "aor": 0.0004173640167364017,
  "aqi": 0.013140538912133895,
  "bids_meta": {
    "EchoTime": 0.043,
    "FlipAngle": 80.0,
    "MagneticFieldStrength": 3.0,
    "Manufacturer": "SIEMENS",
    "ManufacturersModelName": "Verio",
    "MultibandAccelerationFactor": 4,
    "RepetitionTime": 2.0,
    "SliceTiming": [
      0.0,
      1.0575,
      0.105,
      1.1625,
      0.2125,
      1.2675,
      0.3175,
      1.375,
      0.4225,
      1.48,
      0.5275,
      1.585,
      0.635,
      1.69,
      0.74,
      1.7975,
      0.845,
      1.9025,
      0.9525,
      0.0,
      1.0575,
      0.105,
      1.1625,
      0.2125,
      1.2675,
      0.3175,
      1.375,
      0.4225,
      1.48,
      0.5275,
      1.585,
      0.635,
      1.69,
      0.74,
      1.7975,
      0.845,
      1.9025,
      0.9525,
      0.0,
      1.0575,
      0.105,
      1.1625,
      0.2125,
      1.2675,
      0.3175,
      1.375,
      0.4225,
      1.48,
      0.5275,
      1.585,
      0.635,
      1.69,
      0.74,
      1.7975,
      0.845,
      1.9025,
      0.9525,
      0.0,
      1.0575,
      0.105,
      1.1625,
      0.2125,
      1.2675,
      0.3175,
      1.375,
      0.4225,
      1.48,
      0.5275,
      1.585,
      0.635,
      1.69,
      0.74,
      1.7975,
      0.845,
      1.9025,
      0.9525
    ],
    "TaskName": "perception",
    "dataset": "ds001506",
    "modality": "bold",
    "run_id": 7,
    "session_id": "perceptionNaturalImageTraining14",
    "subject_id": "02",
    "task_id": "perception"
  },
  "dummy_trs": 0,
  "dvars_nstd": 40.885648599201694,
  "dvars_std": 1.2683424478571426,
  "dvars_vstd": 1.0047117959663867,
  "efc": 0.5596139607167251,
  "fber": 950.1553344726562,
  "fd_mean": 0.051827415081418485,
  "fd_num": 0,
  "fd_perc": 0.0,
  "fwhm_avg": 1.829855,
  "fwhm_x": 1.724925,
  "fwhm_y": 2.021705,
  "fwhm_z": 1.742935,
  "gcor": 0.0207651,
  "gsr_x": -0.020998230203986168,
  "gsr_y": 0.053365424275398254,
  "provenance": {
    "md5sum": "d9e37619fefa0b81129d9c5deacd1da9",
    "settings": {
      "fd_thres": 0.2,
      "testing": false
    },
    "software": "mriqc",
    "version": "23.1.0"
  },
  "size_t": 239,
  "size_x": 96,
  "size_y": 96,
  "size_z": 76,
  "snr": 4.388063067538603,
  "spacing_tr": 2.0,
  "spacing_x": 2.0,
  "spacing_y": 2.0,
  "spacing_z": 2.0,
  "summary_bg_k": 24.199619055534523,
  "summary_bg_mad": 15.452558263570312,
  "summary_bg_mean": 44.33059740899024,
  "summary_bg_median": 18.104602813720703,
  "summary_bg_n": 527413.0,
  "summary_bg_p05": 5.995815753936768,
  "summary_bg_p95": 177.91632080078125,
  "summary_bg_stdv": 66.13114053833681,
  "summary_fg_k": 2.96169194978084,
  "summary_fg_mad": 92.16331010180801,
  "summary_fg_mean": 548.030120559594,
  "summary_fg_median": 558.0669555664062,
  "summary_fg_n": 173003.0,
  "summary_fg_p05": 308.5648498535156,
  "summary_fg_p95": 720.6443481445312,
  "summary_fg_stdv": 127.17805876814893,
  "tsnr": 45.82707698037848
}