{
  "aor": 0.0007113846153846152,
  "aqi": 0.017802758461538462,
  "bids_meta": {
    "EchoTime": 0.043,
    "FlipAngle": 80.0,
    "MagneticFieldStrength": 3.0,
    "Manufacturer": "SIEMENS",
    "ManufacturersModelName": "Verio",
    "MultibandAccelerationFactor": 4,
    "RepetitionTime": 2.0,
    "SliceTiming": [
      0.0,
      1.055,
      0.105,
      1.1625,
      0.21,
      1.2675,
      0.3175,
      1.3725,
      0.4225,
      1.48,
      0.5275,
      1.585,
      0.6325,
      1.69,
      0.74,
      1.795,
      0.845,
      1.9025,
      0.95,
      0.0,
      1.055,
      0.105,
      1.1625,
      0.21,
      1.2675,
      0.3175,
      1.3725,
      0.4225,
      1.48,
      0.5275,
      1.585,
      0.6325,
      1.69,
      0.74,
      1.795,
      0.845,
      1.9025,
      0.95,
      0.0,
      1.055,
      0.105,
      1.1625,
      0.21,
      1.2675,
      0.3175,
      1.3725,
      0.4225,
      1.48,
      0.5275,
      1.585,
      0.6325,
      1.69,
      0.74,
      1.795,
      0.845,
      1.9025,
      0.95,
      0.0,
      1.055,
      0.105,
      1.1625,
      0.21,
      1.2675,
      0.3175,
      1.3725,
      0.4225,
      1.48,
      0.5275,
      1.585,
      0.6325,
      1.69,
      0.74,
      1.795,
      0.845,
      1.9025,
      0.95
    ],
    "TaskName": "perception",
    "dataset": "ds001506",
    "modality": "bold",
    "run_id": 7,
    "session_id": "perceptionArtificialImage02",
    "subject_id": "01",
    "task_id": "perception"
  },
  "dummy_trs": 0,
  "dvars_nstd": 39.54595689664948,
  "dvars_std": 1.1941661303608246,
  "dvars_vstd": 0.9869292053092775,
  "efc": 0.5726506737917463,
  "fber": 1102.916259765625,
  "fd_mean": 0.10394939807380213,
  "fd_num": 20,
  "fd_perc": 10.256410256410257,
  "fwhm_avg": 1.8284983333333333,
  "fwhm_x": 1.72795,
  "fwhm_y": 1.938065,
  "fwhm_z": 1.81948,
  "gcor": 0.0153288,
  "gsr_x": -0.010806361213326454,
  "gsr_y": 0.025996606796979904,
  "provenance": {
    "md5sum": "784906b809a2dd11210bebcf2e70812d",
    "settings": {
      "fd_thres": 0.2,
      "testing": false
    },
    "software": "mriqc",
    "version": "23.1.0"
  },
  "size_t": 195,
  "size_x": 96,
  "size_y": 96,
  "size_z": 76,
  "snr": 4.062317668742007,
  "spacing_tr": 2.0,
  "spacing_x": 2.0,
  "spacing_y": 2.0,
  "spacing_z": 2.0,
  "summary_bg_k": 12.656517896141851,
  "summary_bg_mad": 16.186974998012033,
  "summary_bg_mean": 48.77714469090808,
  "summary_bg_median": 18.03076934814453,
  "summary_bg_n": 512829.0,
  "summary_bg_p05": 5.548717975616455,
  "summary_bg_p95": 194.6717987060547,
  "summary_bg_stdv": 68.57373396722663,
  "summary_fg_k": 2.4716792805949694,
  "summary_fg_mad": 108.93705751581389,
  "summary_fg_mean": 603.4718220547353,
  "summary_fg_median": 598.80517578125,
  "summary_fg_n": 187587.0,
  "summary_fg_p05": 359.4410400390625,
  "summary_fg_p95": 843.6461791992188,
  "summary_fg_stdv": 147.4044199727326,
  "tsnr": 39.25739842001349
}