{
  "aor": 0.0007998461538461538,
  "aqi": 0.022208219487179486,
  "bids_meta": {
    "EchoTime": 0.043,
    "FlipAngle": 80.0,
    "MagneticFieldStrength": 3.0,
    "Manufacturer": "SIEMENS",
    "ManufacturersModelName": "Verio",
    "MultibandAccelerationFactor": 4,
    "RepetitionTime": 2.0,
    "SliceTiming": [
      0.0,
      1.055,
      0.105,
      1.1625,
      0.21,
      1.2675,
      0.3175,
      1.3725,
      0.4225,
      1.4775,
      0.5275,
      1.585,
      0.6325,
      1.69,
      0.74,
      1.795,
      0.845,
      1.9025,
      0.95,
      0.0,
      1.055,
      0.105,
      1.1625,
      0.21,
      1.2675,
      0.3175,
      1.3725,
      0.4225,
      1.4775,
      0.5275,
      1.585,
      0.6325,
      1.69,
      0.74,
      1.795,
      0.845,
      1.9025,
      0.95,
      0.0,
      1.055,
      0.105,
      1.1625,
      0.21,
      1.2675,
      0.3175,
      1.3725,
      0.4225,
      1.4775,
      0.5275,
      1.585,
      0.6325,
      1.69,
      0.74,
      1.795,
      0.845,
      1.9025,
      0.95,
      0.0,
      1.055,
      0.105,
      1.1625,
      0.21,
      1.2675,
      0.3175,
      1.3725,
      0.4225,
      1.4775,
      0.5275,
      1.585,
      0.6325,
      1.69,
      0.74,
      1.795,
      0.845,
      1.9025,
      0.95
    ],
    "TaskName": "perception",
    "dataset": "ds001506",
    "modality": "bold",
    "run_id": 3,
    "session_id": "perceptionArtificialImage01",
    "subject_id": "03",
    "task_id": "perception"
  },
  "dummy_trs": 0,
  "dvars_nstd": 42.9520182662371,
  "dvars_std": 1.2552032695876292,
  "dvars_vstd": 0.9797271538144332,
  "efc": 0.5234429642069539,
  "fber": 1622.353515625,
  "fd_mean": 0.12863977786663622,
  "fd_num": 17,
  "fd_perc": 8.717948717948717,
  "fwhm_avg": 1.872045,
  "fwhm_x": 1.762415,
  "fwhm_y": 2.05013,
  "fwhm_z": 1.80359,
  "gcor": 0.029052,
  "gsr_x": -0.023238342255353928,
  "gsr_y": 0.041039858013391495,
  "provenance": {
    "md5sum": "8648f17f0f0057f5889c80ccfa0f7cd3",
    "settings": {
      "fd_thres": 0.2,
      "testing": false
    },
    "software": "mriqc",
    "version": "23.1.0"
  },
  "size_t": 195,
  "size_x": 96,
  "size_y": 96,
  "size_z": 76,
  "snr": 4.3883670516518825,
  "spacing_tr": 2.0,
  "spacing_x": 2.0,
  "spacing_y": 2.0,
  "spacing_z": 2.0,
  "summary_bg_k": 16.82003605792675,
  "summary_bg_mad": 10.971257265293248,
  "summary_bg_mean": 37.08509041518262,
  "summary_bg_median": 13.923077583312988,
  "summary_bg_n": 545491.0,
  "summary_bg_p05": 4.964102745056152,
  "summary_bg_p95": 159.2666778564453,
  "summary_bg_stdv": 57.343422316484954,
  "summary_fg_k": 3.9807309744672974,
  "summary_fg_mad": 89.4047867846129,
  "summary_fg_mean": 558.5477927696095,
  "summary_fg_median": 560.7999877929688,
  "summary_fg_n": 154925.0,
  "summary_fg_p05": 333.74359130859375,
  "summary_fg_p95": 740.015380859375,
  "summary_fg_stdv": 127.79199444380347,
  "tsnr": 38.16838223906234
}