{
  "aor": 0.0010992307692307692,
  "aqi": 0.014947494871794871,
  "bids_meta": {
    "EchoTime": 0.043,
    "FlipAngle": 80.0,
    "MagneticFieldStrength": 3.0,
    "Manufacturer": "SIEMENS",
    "ManufacturersModelName": "Verio",
    "MultibandAccelerationFactor": 4,
    "RepetitionTime": 2.0,
    "SliceTiming": [
      0.0,
      1.055,
      0.105,
      1.1625,
      0.21,
      1.2675,
      0.315,
      1.3725,
      0.4225,
      1.4775,
      0.5275,
      1.585,
      0.6325,
      1.69,
      0.7375,
      1.795,
      0.845,
      1.9,
      0.95,
      0.0,
      1.055,
      0.105,
      1.1625,
      0.21,
      1.2675,
      0.315,
      1.3725,
      0.4225,
      1.4775,
      0.5275,
      1.585,
      0.6325,
      1.69,
      0.7375,
      1.795,
      0.845,
      1.9,
      0.95,
      0.0,
      1.055,
      0.105,
      1.1625,
      0.21,
      1.2675,
      0.315,
      1.3725,
      0.4225,
      1.4775,
      0.5275,
      1.585,
      0.6325,
      1.69,
      0.7375,
      1.795,
      0.845,
      1.9,
      0.95,
      0.0,
      1.055,
      0.105,
      1.1625,
      0.21,
      1.2675,
      0.315,
      1.3725,
      0.4225,
      1.4775,
      0.5275,
      1.585,
      0.6325,
      1.69,
      0.7375,
      1.795,
      0.845,
      1.9,
      0.95
    ],
    "TaskName": "perception",
    "dataset": "ds001506",
    "modality": "bold",
    "run_id": 9,
    "session_id": "perceptionArtificialImage01",
    "subject_id": "03",
    "task_id": "perception"
  },
  "dummy_trs": 0,
  "dvars_nstd": 40.4988545293299,
  "dvars_std": 1.2640333837113404,
  "dvars_vstd": 1.014226067216495,
  "efc": 0.5241305009689038,
  "fber": 1568.0616455078125,
  "fd_mean": 0.11141454558630476,
  "fd_num": 16,
  "fd_perc": 8.205128205128204,
  "fwhm_avg": 1.8474733333333333,
  "fwhm_x": 1.74217,
  "fwhm_y": 2.025405,
  "fwhm_z": 1.774845,
  "gcor": 0.0392423,
  "gsr_x": -0.022917374968528748,
  "gsr_y": 0.04032480716705322,
  "provenance": {
    "md5sum": "fb829787e3b12ed923638b8f93726408",
    "settings": {
      "fd_thres": 0.2,
      "testing": false
    },
    "software": "mriqc",
    "version": "23.1.0"
  },
  "size_t": 195,
  "size_x": 96,
  "size_y": 96,
  "size_z": 76,
  "snr": 4.413571813898141,
  "spacing_tr": 2.0,
  "spacing_x": 2.0,
  "spacing_y": 2.0,
  "spacing_z": 2.0,
  "summary_bg_k": 16.885811768101867,
  "summary_bg_mad": 10.902829209561668,
  "summary_bg_mean": 37.192223719794505,
  "summary_bg_median": 14.071795463562012,
  "summary_bg_n": 545785.0,
  "summary_bg_p05": 5.123076915740967,
  "summary_bg_p95": 160.09231567382812,
  "summary_bg_stdv": 57.59174711460887,
  "summary_fg_k": 4.170474052195952,
  "summary_fg_mad": 88.72049491593984,
  "summary_fg_mean": 554.7800710865232,
  "summary_fg_median": 557.2256469726562,
  "summary_fg_n": 154631.0,
  "summary_fg_p05": 332.8666687011719,
  "summary_fg_p95": 732.994873046875,
  "summary_fg_stdv": 126.25235720047806,
  "tsnr": 44.85005150362849
}