{
  "aor": 0.0008821538461538462,
  "aqi": 0.015498416923076921,
  "bids_meta": {
    "EchoTime": 0.043,
    "FlipAngle": 80.0,
    "MagneticFieldStrength": 3.0,
    "Manufacturer": "SIEMENS",
    "ManufacturersModelName": "Verio",
    "MultibandAccelerationFactor": 4,
    "RepetitionTime": 2.0,
    "SliceTiming": [
      0.0,
      1.055,
      0.105,
      1.1625,
      0.21,
      1.2675,
      0.315,
      1.3725,
      0.4225,
      1.4775,
      0.5275,
      1.585,
      0.6325,
      1.69,
      0.7375,
      1.795,
      0.845,
      1.9,
      0.95,
      0.0,
      1.055,
      0.105,
      1.1625,
      0.21,
      1.2675,
      0.315,
      1.3725,
      0.4225,
      1.4775,
      0.5275,
      1.585,
      0.6325,
      1.69,
      0.7375,
      1.795,
      0.845,
      1.9,
      0.95,
      0.0,
      1.055,
      0.105,
      1.1625,
      0.21,
      1.2675,
      0.315,
      1.3725,
      0.4225,
      1.4775,
      0.5275,
      1.585,
      0.6325,
      1.69,
      0.7375,
      1.795,
      0.845,
      1.9,
      0.95,
      0.0,
      1.055,
      0.105,
      1.1625,
      0.21,
      1.2675,
      0.315,
      1.3725,
      0.4225,
      1.4775,
      0.5275,
      1.585,
      0.6325,
      1.69,
      0.7375,
      1.795,
      0.845,
      1.9,
      0.95
    ],
    "TaskName": "perception",
    "dataset": "ds001506",
    "modality": "bold",
    "run_id": 10,
    "session_id": "perceptionArtificialImage01",
    "subject_id": "03",
    "task_id": "perception"
  },
  "dummy_trs": 0,
  "dvars_nstd": 40.92550557896906,
  "dvars_std": 1.2619286199484536,
  "dvars_vstd": 1.0067249786082473,
  "efc": 0.5244291227930683,
  "fber": 1561.8455810546875,
  "fd_mean": 0.11848944628593168,
  "fd_num": 12,
  "fd_perc": 6.153846153846154,
  "fwhm_avg": 1.8505933333333333,
  "fwhm_x": 1.74035,
  "fwhm_y": 2.031725,
  "fwhm_z": 1.779705,
  "gcor": 0.0225392,
  "gsr_x": -0.02299213781952858,
  "gsr_y": 0.04005071148276329,
  "provenance": {
    "md5sum": "690e91fc32bbb77ee869da9f00faefe1",
    "settings": {
      "fd_thres": 0.2,
      "testing": false
    },
    "software": "mriqc",
    "version": "23.1.0"
  },
  "size_t": 195,
  "size_x": 96,
  "size_y": 96,
  "size_z": 76,
  "snr": 4.409027380529625,
  "spacing_tr": 2.0,
  "spacing_x": 2.0,
  "spacing_y": 2.0,
  "spacing_z": 2.0,
  "summary_bg_k": 16.33260023158875,
  "summary_bg_mad": 11.054889906058913,
  "summary_bg_mean": 37.2719314254592,
  "summary_bg_median": 14.09743595123291,
  "summary_bg_n": 545694.0,
  "summary_bg_p05": 5.046154022216797,
  "summary_bg_p95": 160.4871826171875,
  "summary_bg_stdv": 57.612869916095626,
  "summary_fg_k": 4.329409419033298,
  "summary_fg_mad": 88.84211462917663,
  "summary_fg_mean": 554.6665863309377,
  "summary_fg_median": 557.1333618164062,
  "summary_fg_n": 154722.0,
  "summary_fg_p05": 333.1025695800781,
  "summary_fg_p95": 733.1487426757812,
  "summary_fg_stdv": 126.36155625620435,
  "tsnr": 43.69990595942363
}