{
  "aor": 0.002233641025641026,
  "aqi": 0.016282300512820515,
  "bids_meta": {
    "EchoTime": 0.043,
    "FlipAngle": 80.0,
    "MagneticFieldStrength": 3.0,
    "Manufacturer": "SIEMENS",
    "ManufacturersModelName": "Verio",
    "MultibandAccelerationFactor": 4,
    "RepetitionTime": 2.0,
    "SliceTiming": [
      0.0,
      1.0575,
      0.105,
      1.1625,
      0.2125,
      1.2675,
      0.3175,
      1.375,
      0.4225,
      1.48,
      0.5275,
      1.585,
      0.635,
      1.69,
      0.74,
      1.7975,
      0.845,
      1.9025,
      0.95,
      0.0,
      1.0575,
      0.105,
      1.1625,
      0.2125,
      1.2675,
      0.3175,
      1.375,
      0.4225,
      1.48,
      0.5275,
      1.585,
      0.635,
      1.69,
      0.74,
      1.7975,
      0.845,
      1.9025,
      0.95,
      0.0,
      1.0575,
      0.105,
      1.1625,
      0.2125,
      1.2675,
      0.3175,
      1.375,
      0.4225,
      1.48,
      0.5275,
      1.585,
      0.635,
      1.69,
      0.74,
      1.7975,
      0.845,
      1.9025,
      0.95,
      0.0,
      1.0575,
      0.105,
      1.1625,
      0.2125,
      1.2675,
      0.3175,
      1.375,
      0.4225,
      1.48,
      0.5275,
      1.585,
      0.635,
      1.69,
      0.74,
      1.7975,
      0.845,
      1.9025,
      0.95
    ],
    "TaskName": "perception",
    "dataset": "ds001506",
    "modality": "bold",
    "run_id": 7,
    "session_id": "perceptionArtificialImage01",
    "subject_id": "03",
    "task_id": "perception"
  },
  "dummy_trs": 0,
  "dvars_nstd": 43.78694919695877,
  "dvars_std": 1.3324335553092785,
  "dvars_vstd": 1.026751654742268,
  "efc": 0.5239382542291492,
  "fber": 1592.6531982421875,
  "fd_mean": 0.11339769307107597,
  "fd_num": 12,
  "fd_perc": 6.153846153846154,
  "fwhm_avg": 1.8494716666666668,
  "fwhm_x": 1.74422,
  "fwhm_y": 2.02539,
  "fwhm_z": 1.778805,
  "gcor": 0.0359824,
  "gsr_x": -0.022616831585764885,
  "gsr_y": 0.04079382121562958,
  "provenance": {
    "md5sum": "c3a1c341f2c0348c5b60f6ec069b6788",
    "settings": {
      "fd_thres": 0.2,
      "testing": false
    },
    "software": "mriqc",
    "version": "23.1.0"
  },
  "size_t": 195,
  "size_x": 96,
  "size_y": 96,
  "size_z": 76,
  "snr": 4.424724546885362,
  "spacing_tr": 2.0,
  "spacing_x": 2.0,
  "spacing_y": 2.0,
  "spacing_z": 2.0,
  "summary_bg_k": 16.4376093252313,
  "summary_bg_mad": 10.842003799827046,
  "summary_bg_mean": 37.02912516857687,
  "summary_bg_median": 14.0,
  "summary_bg_n": 545488.0,
  "summary_bg_p05": 5.112820625305176,
  "summary_bg_p95": 159.1641082763672,
  "summary_bg_stdv": 57.206903597606846,
  "summary_fg_k": 4.220805074833299,
  "summary_fg_mad": 88.94853187825882,
  "summary_fg_mean": 556.1208822400157,
  "summary_fg_median": 558.7128295898438,
  "summary_fg_n": 154928.0,
  "summary_fg_p05": 335.25640869140625,
  "summary_fg_p95": 734.5795288085938,
  "summary_fg_stdv": 126.27023909164777,
  "tsnr": 43.34971816278994
}