{
  "aor": 0.000926192468619247,
  "aqi": 0.016086965271966524,
  "bids_meta": {
    "EchoTime": 0.043,
    "FlipAngle": 80.0,
    "MagneticFieldStrength": 3.0,
    "Manufacturer": "SIEMENS",
    "ManufacturersModelName": "Verio",
    "MultibandAccelerationFactor": 4,
    "RepetitionTime": 2.0,
    "SliceTiming": [
      0.0,
      1.0575,
      0.105,
      1.1625,
      0.2125,
      1.2675,
      0.3175,
      1.375,
      0.4225,
      1.48,
      0.53,
      1.585,
      0.635,
      1.69,
      0.74,
      1.7975,
      0.845,
      1.9025,
      0.9525,
      0.0,
      1.0575,
      0.105,
      1.1625,
      0.2125,
      1.2675,
      0.3175,
      1.375,
      0.4225,
      1.48,
      0.53,
      1.585,
      0.635,
      1.69,
      0.74,
      1.7975,
      0.845,
      1.9025,
      0.9525,
      0.0,
      1.0575,
      0.105,
      1.1625,
      0.2125,
      1.2675,
      0.3175,
      1.375,
      0.4225,
      1.48,
      0.53,
      1.585,
      0.635,
      1.69,
      0.74,
      1.7975,
      0.845,
      1.9025,
      0.9525,
      0.0,
      1.0575,
      0.105,
      1.1625,
      0.2125,
      1.2675,
      0.3175,
      1.375,
      0.4225,
      1.48,
      0.53,
      1.585,
      0.635,
      1.69,
      0.74,
      1.7975,
      0.845,
      1.9025,
      0.9525
    ],
    "TaskName": "perception",
    "dataset": "ds001506",
    "modality": "bold",
    "run_id": 8,
    "session_id": "perceptionNaturalImageTraining03",
    "subject_id": "03",
    "task_id": "perception"
  },
  "dummy_trs": 0,
  "dvars_nstd": 38.87930929373948,
  "dvars_std": 1.2308734010924376,
  "dvars_vstd": 1.0118211563865542,
  "efc": 0.5258784941550604,
  "fber": 1316.55712890625,
  "fd_mean": 0.10051034198503794,
  "fd_num": 8,
  "fd_perc": 3.3472803347280333,
  "fwhm_avg": 1.8664983333333334,
  "fwhm_x": 1.7624,
  "fwhm_y": 2.03119,
  "fwhm_z": 1.805905,
  "gcor": 0.0169183,
  "gsr_x": -0.02362787537276745,
  "gsr_y": 0.03679253160953522,
  "provenance": {
    "md5sum": "f801926a56c87c9f71e9fe93b97f2e94",
    "settings": {
      "fd_thres": 0.2,
      "testing": false
    },
    "software": "mriqc",
    "version": "23.1.0"
  },
  "size_t": 239,
  "size_x": 96,
  "size_y": 96,
  "size_z": 76,
  "snr": 4.3655697560788145,
  "spacing_tr": 2.0,
  "spacing_x": 2.0,
  "spacing_y": 2.0,
  "spacing_z": 2.0,
  "summary_bg_k": 18.04926648158579,
  "summary_bg_mad": 11.798784143963085,
  "summary_bg_mean": 37.05589272868866,
  "summary_bg_median": 14.933053970336914,
  "summary_bg_n": 547181.0,
  "summary_bg_p05": 5.313807487487793,
  "summary_bg_p95": 153.60250854492188,
  "summary_bg_stdv": 54.99015427937373,
  "summary_fg_k": 3.4879330772288615,
  "summary_fg_mad": 87.95738550989384,
  "summary_fg_mean": 540.3398028947006,
  "summary_fg_median": 541.8367919921875,
  "summary_fg_n": 153235.0,
  "summary_fg_p05": 324.9372253417969,
  "summary_fg_p95": 718.2551879882812,
  "summary_fg_stdv": 124.1155345741302,
  "tsnr": 43.343508465215564
}