{
  "aor": 0.001226861924686192,
  "aqi": 0.0182316539748954,
  "bids_meta": {
    "EchoTime": 0.043,
    "FlipAngle": 80.0,
    "MagneticFieldStrength": 3.0,
    "Manufacturer": "SIEMENS",
    "ManufacturersModelName": "Verio",
    "MultibandAccelerationFactor": 4,
    "RepetitionTime": 2.0,
    "SliceTiming": [
      0.0,
      1.055,
      0.105,
      1.1625,
      0.21,
      1.2675,
      0.3175,
      1.3725,
      0.4225,
      1.48,
      0.5275,
      1.585,
      0.6325,
      1.69,
      0.74,
      1.795,
      0.845,
      1.9025,
      0.95,
      0.0,
      1.055,
      0.105,
      1.1625,
      0.21,
      1.2675,
      0.3175,
      1.3725,
      0.4225,
      1.48,
      0.5275,
      1.585,
      0.6325,
      1.69,
      0.74,
      1.795,
      0.845,
      1.9025,
      0.95,
      0.0,
      1.055,
      0.105,
      1.1625,
      0.21,
      1.2675,
      0.3175,
      1.3725,
      0.4225,
      1.48,
      0.5275,
      1.585,
      0.6325,
      1.69,
      0.74,
      1.795,
      0.845,
      1.9025,
      0.95,
      0.0,
      1.055,
      0.105,
      1.1625,
      0.21,
      1.2675,
      0.3175,
      1.3725,
      0.4225,
      1.48,
      0.5275,
      1.585,
      0.6325,
      1.69,
      0.74,
      1.795,
      0.845,
      1.9025,
      0.95
    ],
    "TaskName": "perception",
    "dataset": "ds001506",
    "modality": "bold",
    "run_id": 5,
    "session_id": "perceptionNaturalImageTraining03",
    "subject_id": "03",
    "task_id": "perception"
  },
  "dummy_trs": 0,
  "dvars_nstd": 43.27510810499997,
  "dvars_std": 1.277198829957984,
  "dvars_vstd": 1.0127464446638657,
  "efc": 0.5277675838773842,
  "fber": 1262.822509765625,
  "fd_mean": 0.10427059630788747,
  "fd_num": 25,
  "fd_perc": 10.460251046025105,
  "fwhm_avg": 1.8641916666666667,
  "fwhm_x": 1.7635,
  "fwhm_y": 2.027415,
  "fwhm_z": 1.80166,
  "gcor": 0.0429075,
  "gsr_x": -0.02452089451253414,
  "gsr_y": 0.03628118708729744,
  "provenance": {
    "md5sum": "554817fc7801b9faa75fe8422a03a390",
    "settings": {
      "fd_thres": 0.2,
      "testing": false
    },
    "software": "mriqc",
    "version": "23.1.0"
  },
  "size_t": 239,
  "size_x": 96,
  "size_y": 96,
  "size_z": 76,
  "snr": 4.347603826194673,
  "spacing_tr": 2.0,
  "spacing_x": 2.0,
  "spacing_y": 2.0,
  "spacing_z": 2.0,
  "summary_bg_k": 17.074768269141764,
  "summary_bg_mad": 12.090342153843205,
  "summary_bg_mean": 37.47492080750387,
  "summary_bg_median": 15.192468643188477,
  "summary_bg_n": 546705.0,
  "summary_bg_p05": 5.347280025482178,
  "summary_bg_p95": 155.4184112548828,
  "summary_bg_stdv": 55.32169562054728,
  "summary_fg_k": 3.4803986334784742,
  "summary_fg_mad": 88.40404838529322,
  "summary_fg_mean": 538.249362475901,
  "summary_fg_median": 539.8828125,
  "summary_fg_n": 153711.0,
  "summary_fg_p05": 322.2384948730469,
  "summary_fg_p95": 715.15478515625,
  "summary_fg_stdv": 124.178990984042,
  "tsnr": 40.90174174052663
}