{
  "aor": 0.0010076150627615064,
  "aqi": 0.01640592970711297,
  "bids_meta": {
    "EchoTime": 0.043,
    "FlipAngle": 80.0,
    "MagneticFieldStrength": 3.0,
    "Manufacturer": "SIEMENS",
    "ManufacturersModelName": "Verio",
    "MultibandAccelerationFactor": 4,
    "RepetitionTime": 2.0,
    "SliceTiming": [
      0.0,
      1.0575,
      0.105,
      1.1625,
      0.2125,
      1.2675,
      0.3175,
      1.375,
      0.4225,
      1.48,
      0.53,
      1.585,
      0.635,
      1.69,
      0.74,
      1.7975,
      0.845,
      1.9025,
      0.9525,
      0.0,
      1.0575,
      0.105,
      1.1625,
      0.2125,
      1.2675,
      0.3175,
      1.375,
      0.4225,
      1.48,
      0.53,
      1.585,
      0.635,
      1.69,
      0.74,
      1.7975,
      0.845,
      1.9025,
      0.9525,
      0.0,
      1.0575,
      0.105,
      1.1625,
      0.2125,
      1.2675,
      0.3175,
      1.375,
      0.4225,
      1.48,
      0.53,
      1.585,
      0.635,
      1.69,
      0.74,
      1.7975,
      0.845,
      1.9025,
      0.9525,
      0.0,
      1.0575,
      0.105,
      1.1625,
      0.2125,
      1.2675,
      0.3175,
      1.375,
      0.4225,
      1.48,
      0.53,
      1.585,
      0.635,
      1.69,
      0.74,
      1.7975,
      0.845,
      1.9025,
      0.9525
    ],
    "TaskName": "perception",
    "dataset": "ds001506",
    "modality": "bold",
    "run_id": 3,
    "session_id": "perceptionNaturalImageTraining03",
    "subject_id": "03",
    "task_id": "perception"
  },
  "dummy_trs": 0,
  "dvars_nstd": 46.77064560638657,
  "dvars_std": 1.3558666804621846,
  "dvars_vstd": 1.0142630143697475,
  "efc": 0.5273073187403572,
  "fber": 1290.8851318359375,
  "fd_mean": 0.10046858805821024,
  "fd_num": 17,
  "fd_perc": 7.112970711297071,
  "fwhm_avg": 1.86468,
  "fwhm_x": 1.765195,
  "fwhm_y": 2.02498,
  "fwhm_z": 1.803865,
  "gcor": 0.0259647,
  "gsr_x": -0.024747449904680252,
  "gsr_y": 0.03591538220643997,
  "provenance": {
    "md5sum": "0a0078aa3d4f409e62000da0e17350ba",
    "settings": {
      "fd_thres": 0.2,
      "testing": false
    },
    "software": "mriqc",
    "version": "23.1.0"
  },
  "size_t": 239,
  "size_x": 96,
  "size_y": 96,
  "size_z": 76,
  "snr": 4.336426782048571,
  "spacing_tr": 2.0,
  "spacing_x": 2.0,
  "spacing_y": 2.0,
  "spacing_z": 2.0,
  "summary_bg_k": 17.87923335308568,
  "summary_bg_mad": 11.966274945679741,
  "summary_bg_mean": 37.29308087243062,
  "summary_bg_median": 15.062761306762695,
  "summary_bg_n": 546161.0,
  "summary_bg_p05": 5.305438995361328,
  "summary_bg_p95": 154.92886352539062,
  "summary_bg_stdv": 55.41576779421931,
  "summary_fg_k": 3.468317749487748,
  "summary_fg_mad": 89.0182098389674,
  "summary_fg_mean": 540.3066399864639,
  "summary_fg_median": 541.1882934570312,
  "summary_fg_n": 154255.0,
  "summary_fg_p05": 323.8158874511719,
  "summary_fg_p95": 719.4434814453125,
  "summary_fg_stdv": 124.80010996481289,
  "tsnr": 42.89173485827632
}