{
  "aor": 0.000574560669456067,
  "aqi": 0.013557499163179918,
  "bids_meta": {
    "EchoTime": 0.043,
    "FlipAngle": 80.0,
    "MagneticFieldStrength": 3.0,
    "Manufacturer": "SIEMENS",
    "ManufacturersModelName": "Verio",
    "MultibandAccelerationFactor": 4,
    "RepetitionTime": 2.0,
    "SliceTiming": [
      0.0,
      1.0575,
      0.105,
      1.1625,
      0.2125,
      1.2675,
      0.3175,
      1.3725,
      0.4225,
      1.48,
      0.5275,
      1.585,
      0.635,
      1.69,
      0.74,
      1.7975,
      0.845,
      1.9025,
      0.95,
      0.0,
      1.0575,
      0.105,
      1.1625,
      0.2125,
      1.2675,
      0.3175,
      1.3725,
      0.4225,
      1.48,
      0.5275,
      1.585,
      0.635,
      1.69,
      0.74,
      1.7975,
      0.845,
      1.9025,
      0.95,
      0.0,
      1.0575,
      0.105,
      1.1625,
      0.2125,
      1.2675,
      0.3175,
      1.3725,
      0.4225,
      1.48,
      0.5275,
      1.585,
      0.635,
      1.69,
      0.74,
      1.7975,
      0.845,
      1.9025,
      0.95,
      0.0,
      1.0575,
      0.105,
      1.1625,
      0.2125,
      1.2675,
      0.3175,
      1.3725,
      0.4225,
      1.48,
      0.5275,
      1.585,
      0.635,
      1.69,
      0.74,
      1.7975,
      0.845,
      1.9025,
      0.95
    ],
    "TaskName": "perception",
    "dataset": "ds001506",
    "modality": "bold",
    "run_id": 3,
    "session_id": "perceptionNaturalImageTraining05",
    "subject_id": "03",
    "task_id": "perception"
  },
  "dummy_trs": 0,
  "dvars_nstd": 43.21064678168066,
  "dvars_std": 1.318475473739496,
  "dvars_vstd": 1.004178342983193,
  "efc": 0.5256891517065264,
  "fber": 1393.548095703125,
  "fd_mean": 0.10358611401530311,
  "fd_num": 8,
  "fd_perc": 3.3472803347280333,
  "fwhm_avg": 1.848435,
  "fwhm_x": 1.748005,
  "fwhm_y": 2.011105,
  "fwhm_z": 1.786195,
  "gcor": 0.0253631,
  "gsr_x": -0.025470351800322533,
  "gsr_y": 0.03738648444414139,
  "provenance": {
    "md5sum": "d41869a0c0fb9d9cf04d6d3b7e53826a",
    "settings": {
      "fd_thres": 0.2,
      "testing": false
    },
    "software": "mriqc",
    "version": "23.1.0"
  },
  "size_t": 239,
  "size_x": 96,
  "size_y": 96,
  "size_z": 76,
  "snr": 4.256838807506271,
  "spacing_tr": 2.0,
  "spacing_x": 2.0,
  "spacing_y": 2.0,
  "spacing_z": 2.0,
  "summary_bg_k": 16.505510109948563,
  "summary_bg_mad": 11.991087821744571,
  "summary_bg_mean": 38.9292927029302,
  "summary_bg_median": 15.19665241241455,
  "summary_bg_n": 546174.0,
  "summary_bg_p05": 5.39330530166626,
  "summary_bg_p95": 166.2635955810547,
  "summary_bg_stdv": 59.41266566167111,
  "summary_fg_k": 3.8680173677804754,
  "summary_fg_mad": 91.53987333518238,
  "summary_fg_mean": 565.5237940076136,
  "summary_fg_median": 567.2949523925781,
  "summary_fg_n": 154242.0,
  "summary_fg_p05": 334.5439147949219,
  "summary_fg_p95": 756.0167236328125,
  "summary_fg_stdv": 133.26628962608518,
  "tsnr": 45.78972185309976
}