{
  "aor": 0.0004889539748953976,
  "aqi": 0.014228202928870292,
  "bids_meta": {
    "EchoTime": 0.043,
    "FlipAngle": 80.0,
    "MagneticFieldStrength": 3.0,
    "Manufacturer": "SIEMENS",
    "ManufacturersModelName": "Verio",
    "MultibandAccelerationFactor": 4,
    "RepetitionTime": 2.0,
    "SliceTiming": [
      0.0,
      1.0575,
      0.105,
      1.1625,
      0.21,
      1.2675,
      0.3175,
      1.3725,
      0.4225,
      1.48,
      0.5275,
      1.585,
      0.6325,
      1.69,
      0.74,
      1.795,
      0.845,
      1.9025,
      0.95,
      0.0,
      1.0575,
      0.105,
      1.1625,
      0.21,
      1.2675,
      0.3175,
      1.3725,
      0.4225,
      1.48,
      0.5275,
      1.585,
      0.6325,
      1.69,
      0.74,
      1.795,
      0.845,
      1.9025,
      0.95,
      0.0,
      1.0575,
      0.105,
      1.1625,
      0.21,
      1.2675,
      0.3175,
      1.3725,
      0.4225,
      1.48,
      0.5275,
      1.585,
      0.6325,
      1.69,
      0.74,
      1.795,
      0.845,
      1.9025,
      0.95,
      0.0,
      1.0575,
      0.105,
      1.1625,
      0.21,
      1.2675,
      0.3175,
      1.3725,
      0.4225,
      1.48,
      0.5275,
      1.585,
      0.6325,
      1.69,
      0.74,
      1.795,
      0.845,
      1.9025,
      0.95
    ],
    "TaskName": "perception",
    "dataset": "ds001506",
    "modality": "bold",
    "run_id": 4,
    "session_id": "perceptionNaturalImageTraining05",
    "subject_id": "03",
    "task_id": "perception"
  },
  "dummy_trs": 0,
  "dvars_nstd": 40.43001197361343,
  "dvars_std": 1.2729140075210073,
  "dvars_vstd": 0.999941406134454,
  "efc": 0.5259361898508018,
  "fber": 1382.6248779296875,
  "fd_mean": 0.09996696265256028,
  "fd_num": 12,
  "fd_perc": 5.02092050209205,
  "fwhm_avg": 1.85158,
  "fwhm_x": 1.74791,
  "fwhm_y": 2.01557,
  "fwhm_z": 1.79126,
  "gcor": 0.0351311,
  "gsr_x": -0.025434298440814018,
  "gsr_y": 0.037447620183229446,
  "provenance": {
    "md5sum": "2f97eda1e1aa4a6c3cc18804d46500e4",
    "settings": {
      "fd_thres": 0.2,
      "testing": false
    },
    "software": "mriqc",
    "version": "23.1.0"
  },
  "size_t": 239,
  "size_x": 96,
  "size_y": 96,
  "size_z": 76,
  "snr": 4.27503034897192,
  "spacing_tr": 2.0,
  "spacing_x": 2.0,
  "spacing_y": 2.0,
  "spacing_z": 2.0,
  "summary_bg_k": 16.459150417852435,
  "summary_bg_mad": 12.084137874387254,
  "summary_bg_mean": 39.10697450334563,
  "summary_bg_median": 15.26359748840332,
  "summary_bg_n": 546437.0,
  "summary_bg_p05": 5.384937286376953,
  "summary_bg_p95": 166.71128845214844,
  "summary_bg_stdv": 59.586349319122164,
  "summary_fg_k": 3.802319327051321,
  "summary_fg_mad": 91.58634039079777,
  "summary_fg_mean": 565.9150076413223,
  "summary_fg_median": 567.5564575195312,
  "summary_fg_n": 153979.0,
  "summary_fg_p05": 335.5899353027344,
  "summary_fg_p95": 755.7781982421875,
  "summary_fg_stdv": 132.7603708558332,
  "tsnr": 44.67651191330515
}