{
  "aor": 0.0012571365638766518,
  "aqi": 0.030786911453744494,
  "bids_meta": {
    "EchoTime": 0.043,
    "FlipAngle": 80.0,
    "MagneticFieldStrength": 3.0,
    "Manufacturer": "SIEMENS",
    "ManufacturersModelName": "Verio",
    "MultibandAccelerationFactor": 4,
    "RepetitionTime": 2.0,
    "SliceTiming": [
      0.0,
      1.055,
      0.105,
      1.1625,
      0.21,
      1.2675,
      0.3175,
      1.3725,
      0.4225,
      1.4775,
      0.5275,
      1.585,
      0.6325,
      1.69,
      0.74,
      1.795,
      0.845,
      1.9,
      0.95,
      0.0,
      1.055,
      0.105,
      1.1625,
      0.21,
      1.2675,
      0.3175,
      1.3725,
      0.4225,
      1.4775,
      0.5275,
      1.585,
      0.6325,
      1.69,
      0.74,
      1.795,
      0.845,
      1.9,
      0.95,
      0.0,
      1.055,
      0.105,
      1.1625,
      0.21,
      1.2675,
      0.3175,
      1.3725,
      0.4225,
      1.4775,
      0.5275,
      1.585,
      0.6325,
      1.69,
      0.74,
      1.795,
      0.845,
      1.9,
      0.95,
      0.0,
      1.055,
      0.105,
      1.1625,
      0.21,
      1.2675,
      0.3175,
      1.3725,
      0.4225,
      1.4775,
      0.5275,
      1.585,
      0.6325,
      1.69,
      0.74,
      1.795,
      0.845,
      1.9,
      0.95
    ],
    "TaskName": "imagery",
    "dataset": "ds001506",
    "modality": "bold",
    "run_id": 5,
    "session_id": "imagery01",
    "subject_id": "01",
    "task_id": "imagery"
  },
  "dummy_trs": 0,
  "dvars_nstd": 38.78968053982299,
  "dvars_std": 1.1097551248672564,
  "dvars_vstd": 0.9630040255752214,
  "efc": 0.5731099419332796,
  "fber": 960.4141235351562,
  "fd_mean": 0.1983633167688567,
  "fd_num": 94,
  "fd_perc": 41.409691629955944,
  "fwhm_avg": 1.8776616666666666,
  "fwhm_x": 1.764075,
  "fwhm_y": 2.000005,
  "fwhm_z": 1.868905,
  "gcor": 0.0138037,
  "gsr_x": -0.013274209573864937,
  "gsr_y": 0.025068366900086403,
  "provenance": {
    "md5sum": "c03daff1f8792a8a784db82c44602ec6",
    "settings": {
      "fd_thres": 0.2,
      "testing": false
    },
    "software": "mriqc",
    "version": "23.1.0"
  },
  "size_t": 227,
  "size_x": 96,
  "size_y": 96,
  "size_z": 76,
  "snr": 4.076271834526775,
  "spacing_tr": 2.0,
  "spacing_x": 2.0,
  "spacing_y": 2.0,
  "spacing_z": 2.0,
  "summary_bg_k": 12.20020157532375,
  "summary_bg_mad": 17.209940921303275,
  "summary_bg_mean": 46.10867642776823,
  "summary_bg_median": 18.638765335083008,
  "summary_bg_n": 511720.0,
  "summary_bg_p05": 5.185021877288818,
  "summary_bg_p95": 178.65858459472656,
  "summary_bg_stdv": 62.60346003402493,
  "summary_fg_k": 2.4079578249350533,
  "summary_fg_mad": 106.21504725984724,
  "summary_fg_mean": 581.481333950057,
  "summary_fg_median": 577.6255493164062,
  "summary_fg_n": 188696.0,
  "summary_fg_p05": 345.60791015625,
  "summary_fg_p95": 810.41845703125,
  "summary_fg_stdv": 141.70399870048053,
  "tsnr": 29.161499145207927
}