{
  "aor": 0.0006519246861924686,
  "aqi": 0.014020890794979082,
  "bids_meta": {
    "EchoTime": 0.043,
    "FlipAngle": 80.0,
    "MagneticFieldStrength": 3.0,
    "Manufacturer": "SIEMENS",
    "ManufacturersModelName": "Verio",
    "MultibandAccelerationFactor": 4,
    "RepetitionTime": 2.0,
    "SliceTiming": [
      0.0,
      1.0575,
      0.105,
      1.1625,
      0.2125,
      1.2675,
      0.3175,
      1.375,
      0.4225,
      1.48,
      0.5275,
      1.585,
      0.635,
      1.69,
      0.74,
      1.7975,
      0.845,
      1.9025,
      0.9525,
      0.0,
      1.0575,
      0.105,
      1.1625,
      0.2125,
      1.2675,
      0.3175,
      1.375,
      0.4225,
      1.48,
      0.5275,
      1.585,
      0.635,
      1.69,
      0.74,
      1.7975,
      0.845,
      1.9025,
      0.9525,
      0.0,
      1.0575,
      0.105,
      1.1625,
      0.2125,
      1.2675,
      0.3175,
      1.375,
      0.4225,
      1.48,
      0.5275,
      1.585,
      0.635,
      1.69,
      0.74,
      1.7975,
      0.845,
      1.9025,
      0.9525,
      0.0,
      1.0575,
      0.105,
      1.1625,
      0.2125,
      1.2675,
      0.3175,
      1.375,
      0.4225,
      1.48,
      0.5275,
      1.585,
      0.635,
      1.69,
      0.74,
      1.7975,
      0.845,
      1.9025,
      0.9525
    ],
    "TaskName": "perception",
    "dataset": "ds001506",
    "modality": "bold",
    "run_id": 6,
    "session_id": "perceptionNaturalImageTraining12",
    "subject_id": "03",
    "task_id": "perception"
  },
  "dummy_trs": 0,
  "dvars_nstd": 38.56780086655462,
  "dvars_std": 1.2464528655042013,
  "dvars_vstd": 1.0073080424369747,
  "efc": 0.5304570008953312,
  "fber": 1268.3966064453125,
  "fd_mean": 0.10741285678767087,
  "fd_num": 5,
  "fd_perc": 2.092050209205021,
  "fwhm_avg": 1.8679266666666665,
  "fwhm_x": 1.76633,
  "fwhm_y": 2.02329,
  "fwhm_z": 1.81416,
  "gcor": 0.0142978,
  "gsr_x": -0.027409633621573448,
  "gsr_y": 0.03646271675825119,
  "provenance": {
    "md5sum": "a01b17bb34e2c5dd3e32991a0d0498ab",
    "settings": {
      "fd_thres": 0.2,
      "testing": false
    },
    "software": "mriqc",
    "version": "23.1.0"
  },
  "size_t": 239,
  "size_x": 96,
  "size_y": 96,
  "size_z": 76,
  "snr": 4.382064361074634,
  "spacing_tr": 2.0,
  "spacing_x": 2.0,
  "spacing_y": 2.0,
  "spacing_z": 2.0,
  "summary_bg_k": 15.280196148672491,
  "summary_bg_mad": 12.592813145073519,
  "summary_bg_mean": 39.8445790870045,
  "summary_bg_median": 15.778242111206055,
  "summary_bg_n": 545990.0,
  "summary_bg_p05": 5.589958190917969,
  "summary_bg_p95": 165.8953857421875,
  "summary_bg_stdv": 58.81636254149426,
  "summary_fg_k": 3.748726526686851,
  "summary_fg_mad": 90.97842280632997,
  "summary_fg_mean": 561.1766831438567,
  "summary_fg_median": 561.9351196289062,
  "summary_fg_n": 154426.0,
  "summary_fg_p05": 339.28033447265625,
  "summary_fg_p95": 745.0669555664062,
  "summary_fg_stdv": 128.23483497546226,
  "tsnr": 46.726755106821656
}