{
  "aor": 0.0011023012552301256,
  "aqi": 0.01974189330543933,
  "bids_meta": {
    "EchoTime": 0.043,
    "FlipAngle": 80.0,
    "MagneticFieldStrength": 3.0,
    "Manufacturer": "SIEMENS",
    "ManufacturersModelName": "Verio",
    "MultibandAccelerationFactor": 4,
    "RepetitionTime": 2.0,
    "SliceTiming": [
      0.0,
      1.0575,
      0.105,
      1.1625,
      0.2125,
      1.2675,
      0.3175,
      1.3725,
      0.4225,
      1.48,
      0.5275,
      1.585,
      0.635,
      1.69,
      0.74,
      1.7975,
      0.845,
      1.9025,
      0.95,
      0.0,
      1.0575,
      0.105,
      1.1625,
      0.2125,
      1.2675,
      0.3175,
      1.3725,
      0.4225,
      1.48,
      0.5275,
      1.585,
      0.635,
      1.69,
      0.74,
      1.7975,
      0.845,
      1.9025,
      0.95,
      0.0,
      1.0575,
      0.105,
      1.1625,
      0.2125,
      1.2675,
      0.3175,
      1.3725,
      0.4225,
      1.48,
      0.5275,
      1.585,
      0.635,
      1.69,
      0.74,
      1.7975,
      0.845,
      1.9025,
      0.95,
      0.0,
      1.0575,
      0.105,
      1.1625,
      0.2125,
      1.2675,
      0.3175,
      1.3725,
      0.4225,
      1.48,
      0.5275,
      1.585,
      0.635,
      1.69,
      0.74,
      1.7975,
      0.845,
      1.9025,
      0.95
    ],
    "TaskName": "perception",
    "dataset": "ds001506",
    "modality": "bold",
    "run_id": 1,
    "session_id": "perceptionNaturalImageTraining02",
    "subject_id": "01",
    "task_id": "perception"
  },
  "dummy_trs": 0,
  "dvars_nstd": 43.31125442142859,
  "dvars_std": 1.229300951008403,
  "dvars_vstd": 0.9983641377310919,
  "efc": 0.5793040581972018,
  "fber": 704.1478881835938,
  "fd_mean": 0.1042817353111157,
  "fd_num": 26,
  "fd_perc": 10.878661087866108,
  "fwhm_avg": 1.8763116666666668,
  "fwhm_x": 1.757535,
  "fwhm_y": 2.06333,
  "fwhm_z": 1.80807,
  "gcor": 0.0247342,
  "gsr_x": -0.016631653532385826,
  "gsr_y": 0.03273908421397209,
  "provenance": {
    "md5sum": "d160ee872893ff33abf02dade0432ed6",
    "settings": {
      "fd_thres": 0.2,
      "testing": false
    },
    "software": "mriqc",
    "version": "23.1.0"
  },
  "size_t": 239,
  "size_x": 96,
  "size_y": 96,
  "size_z": 76,
  "snr": 3.923272330758621,
  "spacing_tr": 2.0,
  "spacing_x": 2.0,
  "spacing_y": 2.0,
  "spacing_z": 2.0,
  "summary_bg_k": 11.345416844508907,
  "summary_bg_mad": 19.149760218489707,
  "summary_bg_mean": 46.91964077194807,
  "summary_bg_median": 20.81171417236328,
  "summary_bg_n": 510386.0,
  "summary_bg_p05": 5.644351482391357,
  "summary_bg_p95": 180.90794372558594,
  "summary_bg_stdv": 62.27397066029026,
  "summary_fg_k": 2.918022030917201,
  "summary_fg_mad": 106.90241581769443,
  "summary_fg_mean": 558.2006593643499,
  "summary_fg_median": 552.2551879882812,
  "summary_fg_n": 190030.0,
  "summary_fg_p05": 329.8953857421875,
  "summary_fg_p95": 789.1422119140625,
  "summary_fg_stdv": 140.76354847533355,
  "tsnr": 34.423931388999335
}