{
  "aor": 0.0011181589958158995,
  "aqi": 0.014561742677824268,
  "bids_meta": {
    "EchoTime": 0.043,
    "FlipAngle": 80.0,
    "MagneticFieldStrength": 3.0,
    "Manufacturer": "SIEMENS",
    "ManufacturersModelName": "Verio",
    "MultibandAccelerationFactor": 4,
    "RepetitionTime": 2.0,
    "SliceTiming": [
      0.0,
      1.0575,
      0.105,
      1.1625,
      0.2125,
      1.2675,
      0.3175,
      1.375,
      0.4225,
      1.48,
      0.53,
      1.585,
      0.635,
      1.69,
      0.74,
      1.7975,
      0.845,
      1.9025,
      0.9525,
      0.0,
      1.0575,
      0.105,
      1.1625,
      0.2125,
      1.2675,
      0.3175,
      1.375,
      0.4225,
      1.48,
      0.53,
      1.585,
      0.635,
      1.69,
      0.74,
      1.7975,
      0.845,
      1.9025,
      0.9525,
      0.0,
      1.0575,
      0.105,
      1.1625,
      0.2125,
      1.2675,
      0.3175,
      1.375,
      0.4225,
      1.48,
      0.53,
      1.585,
      0.635,
      1.69,
      0.74,
      1.7975,
      0.845,
      1.9025,
      0.9525,
      0.0,
      1.0575,
      0.105,
      1.1625,
      0.2125,
      1.2675,
      0.3175,
      1.375,
      0.4225,
      1.48,
      0.53,
      1.585,
      0.635,
      1.69,
      0.74,
      1.7975,
      0.845,
      1.9025,
      0.9525
    ],
    "TaskName": "perception",
    "dataset": "ds001506",
    "modality": "bold",
    "run_id": 5,
    "session_id": "perceptionNaturalImageTraining05",
    "subject_id": "02",
    "task_id": "perception"
  },
  "dummy_trs": 0,
  "dvars_nstd": 42.29637880088238,
  "dvars_std": 1.2717180279411766,
  "dvars_vstd": 1.0116913987394962,
  "efc": 0.5569088085090304,
  "fber": 1077.803466796875,
  "fd_mean": 0.07456030090084304,
  "fd_num": 3,
  "fd_perc": 1.2552301255230125,
  "fwhm_avg": 1.85635,
  "fwhm_x": 1.75337,
  "fwhm_y": 2.04639,
  "fwhm_z": 1.76929,
  "gcor": 0.0262545,
  "gsr_x": -0.019371304661035538,
  "gsr_y": 0.051312875002622604,
  "provenance": {
    "md5sum": "da4a2094747d20aa1731159030cdb6ae",
    "settings": {
      "fd_thres": 0.2,
      "testing": false
    },
    "software": "mriqc",
    "version": "23.1.0"
  },
  "size_t": 239,
  "size_x": 96,
  "size_y": 96,
  "size_z": 76,
  "snr": 4.363894032972708,
  "spacing_tr": 2.0,
  "spacing_x": 2.0,
  "spacing_y": 2.0,
  "spacing_z": 2.0,
  "summary_bg_k": 23.76433469324862,
  "summary_bg_mad": 14.199483278702413,
  "summary_bg_mean": 41.63450393866279,
  "summary_bg_median": 16.334728240966797,
  "summary_bg_n": 527368.0,
  "summary_bg_p05": 5.221757411956787,
  "summary_bg_p95": 169.02928161621094,
  "summary_bg_stdv": 62.672557178466896,
  "summary_fg_k": 3.4551975602641942,
  "summary_fg_mad": 89.47717947106337,
  "summary_fg_mean": 527.4495772405857,
  "summary_fg_median": 536.2677612304688,
  "summary_fg_n": 173048.0,
  "summary_fg_p05": 299.606689453125,
  "summary_fg_p95": 693.489501953125,
  "summary_fg_stdv": 122.88708380620577,
  "tsnr": 42.04560352675617
}