{
  "aor": 0.0004132217573221758,
  "aqi": 0.013529554393305438,
  "bids_meta": {
    "EchoTime": 0.043,
    "FlipAngle": 80.0,
    "MagneticFieldStrength": 3.0,
    "Manufacturer": "SIEMENS",
    "ManufacturersModelName": "Verio",
    "MultibandAccelerationFactor": 4,
    "RepetitionTime": 2.0,
    "SliceTiming": [
      0.0,
      1.055,
      0.105,
      1.16,
      0.21,
      1.2675,
      0.315,
      1.3725,
      0.4225,
      1.4775,
      0.5275,
      1.585,
      0.6325,
      1.69,
      0.7375,
      1.795,
      0.845,
      1.9,
      0.95,
      0.0,
      1.055,
      0.105,
      1.16,
      0.21,
      1.2675,
      0.315,
      1.3725,
      0.4225,
      1.4775,
      0.5275,
      1.585,
      0.6325,
      1.69,
      0.7375,
      1.795,
      0.845,
      1.9,
      0.95,
      0.0,
      1.055,
      0.105,
      1.16,
      0.21,
      1.2675,
      0.315,
      1.3725,
      0.4225,
      1.4775,
      0.5275,
      1.585,
      0.6325,
      1.69,
      0.7375,
      1.795,
      0.845,
      1.9,
      0.95,
      0.0,
      1.055,
      0.105,
      1.16,
      0.21,
      1.2675,
      0.315,
      1.3725,
      0.4225,
      1.4775,
      0.5275,
      1.585,
      0.6325,
      1.69,
      0.7375,
      1.795,
      0.845,
      1.9,
      0.95
    ],
    "TaskName": "perception",
    "dataset": "ds001506",
    "modality": "bold",
    "run_id": 1,
    "session_id": "perceptionNaturalImageTraining05",
    "subject_id": "02",
    "task_id": "perception"
  },
  "dummy_trs": 0,
  "dvars_nstd": 37.377538264579854,
  "dvars_std": 1.173445975420168,
  "dvars_vstd": 1.0019970063865546,
  "efc": 0.556242685476379,
  "fber": 1041.55126953125,
  "fd_mean": 0.04595767879893261,
  "fd_num": 1,
  "fd_perc": 0.41841004184100417,
  "fwhm_avg": 1.8498983333333332,
  "fwhm_x": 1.743475,
  "fwhm_y": 2.03938,
  "fwhm_z": 1.76684,
  "gcor": 0.0111908,
  "gsr_x": -0.019021550193428993,
  "gsr_y": 0.05225219577550888,
  "provenance": {
    "md5sum": "841b6c94cfa6e0997c5614c03487bdac",
    "settings": {
      "fd_thres": 0.2,
      "testing": false
    },
    "software": "mriqc",
    "version": "23.1.0"
  },
  "size_t": 239,
  "size_x": 96,
  "size_y": 96,
  "size_z": 76,
  "snr": 4.367027046563836,
  "spacing_tr": 2.0,
  "spacing_x": 2.0,
  "spacing_y": 2.0,
  "spacing_z": 2.0,
  "summary_bg_k": 24.26264073858919,
  "summary_bg_mad": 14.000975321464976,
  "summary_bg_mean": 41.1385332408671,
  "summary_bg_median": 16.54811668395996,
  "summary_bg_n": 527493.0,
  "summary_bg_p05": 5.539748668670654,
  "summary_bg_p95": 166.84100341796875,
  "summary_bg_stdv": 61.874568157958066,
  "summary_fg_k": 3.519126316108408,
  "summary_fg_mad": 88.83211538936065,
  "summary_fg_mean": 525.3681980070637,
  "summary_fg_median": 534.05859375,
  "summary_fg_n": 172923.0,
  "summary_fg_p05": 298.9832458496094,
  "summary_fg_p95": 690.6484985351562,
  "summary_fg_stdv": 122.29304830129969,
  "tsnr": 43.50747563573532
}