{
  "aor": 0.0006498744769874477,
  "aqi": 0.014375279916317991,
  "bids_meta": {
    "EchoTime": 0.043,
    "FlipAngle": 80.0,
    "MagneticFieldStrength": 3.0,
    "Manufacturer": "SIEMENS",
    "ManufacturersModelName": "Verio",
    "MultibandAccelerationFactor": 4,
    "RepetitionTime": 2.0,
    "SliceTiming": [
      0.0,
      1.055,
      0.105,
      1.1625,
      0.21,
      1.2675,
      0.3175,
      1.3725,
      0.4225,
      1.48,
      0.5275,
      1.585,
      0.6325,
      1.69,
      0.74,
      1.795,
      0.845,
      1.9025,
      0.95,
      0.0,
      1.055,
      0.105,
      1.1625,
      0.21,
      1.2675,
      0.3175,
      1.3725,
      0.4225,
      1.48,
      0.5275,
      1.585,
      0.6325,
      1.69,
      0.74,
      1.795,
      0.845,
      1.9025,
      0.95,
      0.0,
      1.055,
      0.105,
      1.1625,
      0.21,
      1.2675,
      0.3175,
      1.3725,
      0.4225,
      1.48,
      0.5275,
      1.585,
      0.6325,
      1.69,
      0.74,
      1.795,
      0.845,
      1.9025,
      0.95,
      0.0,
      1.055,
      0.105,
      1.1625,
      0.21,
      1.2675,
      0.3175,
      1.3725,
      0.4225,
      1.48,
      0.5275,
      1.585,
      0.6325,
      1.69,
      0.74,
      1.795,
      0.845,
      1.9025,
      0.95
    ],
    "TaskName": "perception",
    "dataset": "ds001506",
    "modality": "bold",
    "run_id": 7,
    "session_id": "perceptionNaturalImageTraining05",
    "subject_id": "02",
    "task_id": "perception"
  },
  "dummy_trs": 0,
  "dvars_nstd": 42.718270165588194,
  "dvars_std": 1.2584671972268908,
  "dvars_vstd": 1.0092515851680666,
  "efc": 0.5562180640224488,
  "fber": 1118.3748779296875,
  "fd_mean": 0.07978630289996962,
  "fd_num": 4,
  "fd_perc": 1.6736401673640167,
  "fwhm_avg": 1.867215,
  "fwhm_x": 1.768645,
  "fwhm_y": 2.05431,
  "fwhm_z": 1.77869,
  "gcor": 0.011723,
  "gsr_x": -0.018967190757393837,
  "gsr_y": 0.05375619977712631,
  "provenance": {
    "md5sum": "af2a5cf3e9473384f85f4139fd711e3e",
    "settings": {
      "fd_thres": 0.2,
      "testing": false
    },
    "software": "mriqc",
    "version": "23.1.0"
  },
  "size_t": 239,
  "size_x": 96,
  "size_y": 96,
  "size_z": 76,
  "snr": 4.342942704547554,
  "spacing_tr": 2.0,
  "spacing_x": 2.0,
  "spacing_y": 2.0,
  "spacing_z": 2.0,
  "summary_bg_k": 24.430136033640014,
  "summary_bg_mad": 13.455080029721637,
  "summary_bg_mean": 41.55965551713641,
  "summary_bg_median": 16.046024322509766,
  "summary_bg_n": 527504.0,
  "summary_bg_p05": 5.510459899902344,
  "summary_bg_p95": 169.45187377929688,
  "summary_bg_stdv": 63.177222617128514,
  "summary_fg_k": 3.581833431515091,
  "summary_fg_mad": 89.23217547285756,
  "summary_fg_mean": 527.326360817948,
  "summary_fg_median": 536.6129455566406,
  "summary_fg_n": 172912.0,
  "summary_fg_p05": 297.1673583984375,
  "summary_fg_p95": 693.305419921875,
  "summary_fg_stdv": 123.55939978179686,
  "tsnr": 42.841682095080614
}