{
  "aor": 0.0006627196652719665,
  "aqi": 0.023167430962343093,
  "bids_meta": {
    "EchoTime": 0.043,
    "FlipAngle": 80.0,
    "MagneticFieldStrength": 3.0,
    "Manufacturer": "SIEMENS",
    "ManufacturersModelName": "Verio",
    "MultibandAccelerationFactor": 4,
    "RepetitionTime": 2.0,
    "SliceTiming": [
      0.0,
      1.055,
      0.105,
      1.1625,
      0.21,
      1.2675,
      0.3175,
      1.3725,
      0.4225,
      1.4775,
      0.5275,
      1.585,
      0.6325,
      1.69,
      0.74,
      1.795,
      0.845,
      1.9,
      0.95,
      0.0,
      1.055,
      0.105,
      1.1625,
      0.21,
      1.2675,
      0.3175,
      1.3725,
      0.4225,
      1.4775,
      0.5275,
      1.585,
      0.6325,
      1.69,
      0.74,
      1.795,
      0.845,
      1.9,
      0.95,
      0.0,
      1.055,
      0.105,
      1.1625,
      0.21,
      1.2675,
      0.3175,
      1.3725,
      0.4225,
      1.4775,
      0.5275,
      1.585,
      0.6325,
      1.69,
      0.74,
      1.795,
      0.845,
      1.9,
      0.95,
      0.0,
      1.055,
      0.105,
      1.1625,
      0.21,
      1.2675,
      0.3175,
      1.3725,
      0.4225,
      1.4775,
      0.5275,
      1.585,
      0.6325,
      1.69,
      0.74,
      1.795,
      0.845,
      1.9,
      0.95
    ],
    "TaskName": "perception",
    "dataset": "ds001506",
    "modality": "bold",
    "run_id": 5,
    "session_id": "perceptionNaturalImageTest03",
    "subject_id": "01",
    "task_id": "perception"
  },
  "dummy_trs": 0,
  "dvars_nstd": 47.32624760768906,
  "dvars_std": 1.319755109033613,
  "dvars_vstd": 0.9851133609243699,
  "efc": 0.5694357534533833,
  "fber": 1001.7666625976562,
  "fd_mean": 0.12401057901555117,
  "fd_num": 43,
  "fd_perc": 17.99163179916318,
  "fwhm_avg": 1.8476266666666668,
  "fwhm_x": 1.739755,
  "fwhm_y": 2.031105,
  "fwhm_z": 1.77202,
  "gcor": 0.03624,
  "gsr_x": -0.010756725445389748,
  "gsr_y": 0.03311117738485336,
  "provenance": {
    "md5sum": "4c7bdd117280e6782cd260d199ba82aa",
    "settings": {
      "fd_thres": 0.2,
      "testing": false
    },
    "software": "mriqc",
    "version": "23.1.0"
  },
  "size_t": 239,
  "size_x": 96,
  "size_y": 96,
  "size_z": 76,
  "snr": 3.9719599643167167,
  "spacing_tr": 2.0,
  "spacing_x": 2.0,
  "spacing_y": 2.0,
  "spacing_z": 2.0,
  "summary_bg_k": 14.017625328077933,
  "summary_bg_mad": 15.539407571556186,
  "summary_bg_mean": 44.43587500535194,
  "summary_bg_median": 17.7280330657959,
  "summary_bg_n": 513212.0,
  "summary_bg_p05": 5.531380653381348,
  "summary_bg_p95": 177.5313720703125,
  "summary_bg_stdv": 62.43178178060632,
  "summary_fg_k": 2.7773823038432033,
  "summary_fg_mad": 105.07870830972003,
  "summary_fg_mean": 564.8522433020162,
  "summary_fg_median": 561.1046142578125,
  "summary_fg_n": 187204.0,
  "summary_fg_p05": 329.9874267578125,
  "summary_fg_p95": 791.853515625,
  "summary_fg_stdv": 141.2660552099759,
  "tsnr": 32.61968003842048
}