{
  "aor": 0.0010030543933054394,
  "aqi": 0.02473910209205021,
  "bids_meta": {
    "EchoTime": 0.043,
    "FlipAngle": 80.0,
    "MagneticFieldStrength": 3.0,
    "Manufacturer": "SIEMENS",
    "ManufacturersModelName": "Verio",
    "MultibandAccelerationFactor": 4,
    "RepetitionTime": 2.0,
    "SliceTiming": [
      0.0,
      1.0575,
      0.105,
      1.1625,
      0.2125,
      1.2675,
      0.3175,
      1.375,
      0.4225,
      1.48,
      0.5275,
      1.585,
      0.635,
      1.69,
      0.74,
      1.7975,
      0.845,
      1.9025,
      0.9525,
      0.0,
      1.0575,
      0.105,
      1.1625,
      0.2125,
      1.2675,
      0.3175,
      1.375,
      0.4225,
      1.48,
      0.5275,
      1.585,
      0.635,
      1.69,
      0.74,
      1.7975,
      0.845,
      1.9025,
      0.9525,
      0.0,
      1.0575,
      0.105,
      1.1625,
      0.2125,
      1.2675,
      0.3175,
      1.375,
      0.4225,
      1.48,
      0.5275,
      1.585,
      0.635,
      1.69,
      0.74,
      1.7975,
      0.845,
      1.9025,
      0.9525,
      0.0,
      1.0575,
      0.105,
      1.1625,
      0.2125,
      1.2675,
      0.3175,
      1.375,
      0.4225,
      1.48,
      0.5275,
      1.585,
      0.635,
      1.69,
      0.74,
      1.7975,
      0.845,
      1.9025,
      0.9525
    ],
    "TaskName": "perception",
    "dataset": "ds001506",
    "modality": "bold",
    "run_id": 6,
    "session_id": "perceptionNaturalImageTest03",
    "subject_id": "01",
    "task_id": "perception"
  },
  "dummy_trs": 0,
  "dvars_nstd": 45.59929097558821,
  "dvars_std": 1.2648774932352944,
  "dvars_vstd": 0.9758392455462187,
  "efc": 0.5695904611454202,
  "fber": 1002.7779541015625,
  "fd_mean": 0.12523296618621396,
  "fd_num": 40,
  "fd_perc": 16.736401673640167,
  "fwhm_avg": 1.8541600000000003,
  "fwhm_x": 1.741465,
  "fwhm_y": 2.040735,
  "fwhm_z": 1.78028,
  "gcor": 0.0302473,
  "gsr_x": -0.010577086359262466,
  "gsr_y": 0.03279513493180275,
  "provenance": {
    "md5sum": "7c999288c8ad819112fd830539daeb5c",
    "settings": {
      "fd_thres": 0.2,
      "testing": false
    },
    "software": "mriqc",
    "version": "23.1.0"
  },
  "size_t": 239,
  "size_x": 96,
  "size_y": 96,
  "size_z": 76,
  "snr": 3.974775183658377,
  "spacing_tr": 2.0,
  "spacing_x": 2.0,
  "spacing_y": 2.0,
  "spacing_z": 2.0,
  "summary_bg_k": 13.684949264753012,
  "summary_bg_mad": 15.589035444565333,
  "summary_bg_mean": 44.27516219260034,
  "summary_bg_median": 17.67363929748535,
  "summary_bg_n": 512999.0,
  "summary_bg_p05": 5.397489547729492,
  "summary_bg_p95": 176.8995819091797,
  "summary_bg_stdv": 62.16261819577618,
  "summary_fg_k": 2.7619309568230515,
  "summary_fg_mad": 105.06622057130733,
  "summary_fg_mean": 563.1677661084683,
  "summary_fg_median": 559.665283203125,
  "summary_fg_n": 187417.0,
  "summary_fg_p05": 329.6527099609375,
  "summary_fg_p95": 789.1171264648438,
  "summary_fg_stdv": 140.80388556323783,
  "tsnr": 31.46561086596921
}