{
  "aor": 0.002037866108786611,
  "aqi": 0.019568762343096232,
  "bids_meta": {
    "EchoTime": 0.043,
    "FlipAngle": 80.0,
    "MagneticFieldStrength": 3.0,
    "Manufacturer": "SIEMENS",
    "ManufacturersModelName": "Verio",
    "MultibandAccelerationFactor": 4,
    "RepetitionTime": 2.0,
    "SliceTiming": [
      0.0,
      1.055,
      0.105,
      1.1625,
      0.21,
      1.2675,
      0.3175,
      1.3725,
      0.4225,
      1.48,
      0.5275,
      1.585,
      0.6325,
      1.69,
      0.74,
      1.795,
      0.845,
      1.9025,
      0.95,
      0.0,
      1.055,
      0.105,
      1.1625,
      0.21,
      1.2675,
      0.3175,
      1.3725,
      0.4225,
      1.48,
      0.5275,
      1.585,
      0.6325,
      1.69,
      0.74,
      1.795,
      0.845,
      1.9025,
      0.95,
      0.0,
      1.055,
      0.105,
      1.1625,
      0.21,
      1.2675,
      0.3175,
      1.3725,
      0.4225,
      1.48,
      0.5275,
      1.585,
      0.6325,
      1.69,
      0.74,
      1.795,
      0.845,
      1.9025,
      0.95,
      0.0,
      1.055,
      0.105,
      1.1625,
      0.21,
      1.2675,
      0.3175,
      1.3725,
      0.4225,
      1.48,
      0.5275,
      1.585,
      0.6325,
      1.69,
      0.74,
      1.795,
      0.845,
      1.9025,
      0.95
    ],
    "TaskName": "perception",
    "dataset": "ds001506",
    "modality": "bold",
    "run_id": 1,
    "session_id": "perceptionNaturalImageTest03",
    "subject_id": "01",
    "task_id": "perception"
  },
  "dummy_trs": 0,
  "dvars_nstd": 44.85916991991596,
  "dvars_std": 1.3008763902941178,
  "dvars_vstd": 1.0142439344957985,
  "efc": 0.5706406875289094,
  "fber": 947.131103515625,
  "fd_mean": 0.1266070563628501,
  "fd_num": 36,
  "fd_perc": 15.06276150627615,
  "fwhm_avg": 1.8447300000000002,
  "fwhm_x": 1.73519,
  "fwhm_y": 2.0384,
  "fwhm_z": 1.7606,
  "gcor": 0.0332456,
  "gsr_x": -0.011859646998345852,
  "gsr_y": 0.033873625099658966,
  "provenance": {
    "md5sum": "e1e16fadea36f37e0e86388b9a1b54c1",
    "settings": {
      "fd_thres": 0.2,
      "testing": false
    },
    "software": "mriqc",
    "version": "23.1.0"
  },
  "size_t": 239,
  "size_x": 96,
  "size_y": 96,
  "size_z": 76,
  "snr": 3.981173243029123,
  "spacing_tr": 2.0,
  "spacing_x": 2.0,
  "spacing_y": 2.0,
  "spacing_z": 2.0,
  "summary_bg_k": 13.870148657680144,
  "summary_bg_mad": 16.56296097846501,
  "summary_bg_mean": 44.376037322120524,
  "summary_bg_median": 18.13389015197754,
  "summary_bg_n": 512334.0,
  "summary_bg_p05": 4.907949447631836,
  "summary_bg_p95": 177.5397491455078,
  "summary_bg_stdv": 62.50288787579849,
  "summary_fg_k": 2.8066516776350747,
  "summary_fg_mad": 104.43040917984158,
  "summary_fg_mean": 560.9851028611389,
  "summary_fg_median": 558.0794677734375,
  "summary_fg_n": 188082.0,
  "summary_fg_p05": 327.121337890625,
  "summary_fg_p95": 784.2844848632812,
  "summary_fg_stdv": 140.17927633313607,
  "tsnr": 34.669259609654546
}