{
  "aor": 0.0012369456066945606,
  "aqi": 0.018235851046025105,
  "bids_meta": {
    "EchoTime": 0.043,
    "FlipAngle": 80.0,
    "MagneticFieldStrength": 3.0,
    "Manufacturer": "SIEMENS",
    "ManufacturersModelName": "Verio",
    "MultibandAccelerationFactor": 4,
    "RepetitionTime": 2.0,
    "SliceTiming": [
      0.0,
      1.055,
      0.105,
      1.1625,
      0.21,
      1.2675,
      0.315,
      1.3725,
      0.4225,
      1.4775,
      0.5275,
      1.585,
      0.6325,
      1.69,
      0.74,
      1.795,
      0.845,
      1.9,
      0.95,
      0.0,
      1.055,
      0.105,
      1.1625,
      0.21,
      1.2675,
      0.315,
      1.3725,
      0.4225,
      1.4775,
      0.5275,
      1.585,
      0.6325,
      1.69,
      0.74,
      1.795,
      0.845,
      1.9,
      0.95,
      0.0,
      1.055,
      0.105,
      1.1625,
      0.21,
      1.2675,
      0.315,
      1.3725,
      0.4225,
      1.4775,
      0.5275,
      1.585,
      0.6325,
      1.69,
      0.74,
      1.795,
      0.845,
      1.9,
      0.95,
      0.0,
      1.055,
      0.105,
      1.1625,
      0.21,
      1.2675,
      0.315,
      1.3725,
      0.4225,
      1.4775,
      0.5275,
      1.585,
      0.6325,
      1.69,
      0.74,
      1.795,
      0.845,
      1.9,
      0.95
    ],
    "TaskName": "perception",
    "dataset": "ds001506",
    "modality": "bold",
    "run_id": 7,
    "session_id": "perceptionNaturalImageTest03",
    "subject_id": "01",
    "task_id": "perception"
  },
  "dummy_trs": 0,
  "dvars_nstd": 44.56337561705881,
  "dvars_std": 1.3069785783193275,
  "dvars_vstd": 1.0110525140336137,
  "efc": 0.56956857059219,
  "fber": 1010.243896484375,
  "fd_mean": 0.11133913763304416,
  "fd_num": 23,
  "fd_perc": 9.623430962343097,
  "fwhm_avg": 1.834545,
  "fwhm_x": 1.72708,
  "fwhm_y": 2.019155,
  "fwhm_z": 1.7574,
  "gcor": 0.0225756,
  "gsr_x": -0.010365786962211132,
  "gsr_y": 0.03345056250691414,
  "provenance": {
    "md5sum": "77e5a155a7634b15432685c48b83e440",
    "settings": {
      "fd_thres": 0.2,
      "testing": false
    },
    "software": "mriqc",
    "version": "23.1.0"
  },
  "size_t": 239,
  "size_x": 96,
  "size_y": 96,
  "size_z": 76,
  "snr": 3.972613425992649,
  "spacing_tr": 2.0,
  "spacing_x": 2.0,
  "spacing_y": 2.0,
  "spacing_z": 2.0,
  "summary_bg_k": 13.759049548573415,
  "summary_bg_mad": 15.452561091409626,
  "summary_bg_mean": 44.25258024702531,
  "summary_bg_median": 17.57740592956543,
  "summary_bg_n": 513059.0,
  "summary_bg_p05": 5.397489547729492,
  "summary_bg_p95": 177.0460205078125,
  "summary_bg_stdv": 62.26679105155466,
  "summary_fg_k": 2.777852948801658,
  "summary_fg_mad": 104.39007287985994,
  "summary_fg_mean": 561.9995574606912,
  "summary_fg_median": 558.6861572265625,
  "summary_fg_n": 187357.0,
  "summary_fg_p05": 327.4685974121094,
  "summary_fg_p95": 787.577392578125,
  "summary_fg_stdv": 140.63403768467842,
  "tsnr": 36.90556210500654
}