{
  "aor": 0.0011307949790794979,
  "aqi": 0.021209728870292887,
  "bids_meta": {
    "EchoTime": 0.043,
    "FlipAngle": 80.0,
    "MagneticFieldStrength": 3.0,
    "Manufacturer": "SIEMENS",
    "ManufacturersModelName": "Verio",
    "MultibandAccelerationFactor": 4,
    "RepetitionTime": 2.0,
    "SliceTiming": [
      0.0,
      1.055,
      0.105,
      1.1625,
      0.21,
      1.2675,
      0.315,
      1.3725,
      0.4225,
      1.4775,
      0.5275,
      1.585,
      0.6325,
      1.69,
      0.74,
      1.795,
      0.845,
      1.9,
      0.95,
      0.0,
      1.055,
      0.105,
      1.1625,
      0.21,
      1.2675,
      0.315,
      1.3725,
      0.4225,
      1.4775,
      0.5275,
      1.585,
      0.6325,
      1.69,
      0.74,
      1.795,
      0.845,
      1.9,
      0.95,
      0.0,
      1.055,
      0.105,
      1.1625,
      0.21,
      1.2675,
      0.315,
      1.3725,
      0.4225,
      1.4775,
      0.5275,
      1.585,
      0.6325,
      1.69,
      0.74,
      1.795,
      0.845,
      1.9,
      0.95,
      0.0,
      1.055,
      0.105,
      1.1625,
      0.21,
      1.2675,
      0.315,
      1.3725,
      0.4225,
      1.4775,
      0.5275,
      1.585,
      0.6325,
      1.69,
      0.74,
      1.795,
      0.845,
      1.9,
      0.95
    ],
    "TaskName": "perception",
    "dataset": "ds001506",
    "modality": "bold",
    "run_id": 3,
    "session_id": "perceptionNaturalImageTest03",
    "subject_id": "01",
    "task_id": "perception"
  },
  "dummy_trs": 0,
  "dvars_nstd": 46.672070832226886,
  "dvars_std": 1.3263778024369746,
  "dvars_vstd": 0.9959685061764709,
  "efc": 0.5695801877570725,
  "fber": 1004.1949462890625,
  "fd_mean": 0.12621446895198762,
  "fd_num": 42,
  "fd_perc": 17.573221757322177,
  "fwhm_avg": 1.8447283333333333,
  "fwhm_x": 1.73772,
  "fwhm_y": 2.029385,
  "fwhm_z": 1.76708,
  "gcor": 0.0323716,
  "gsr_x": -0.01185584720224142,
  "gsr_y": 0.03278390318155289,
  "provenance": {
    "md5sum": "86496af8898d53a570197399b32f306a",
    "settings": {
      "fd_thres": 0.2,
      "testing": false
    },
    "software": "mriqc",
    "version": "23.1.0"
  },
  "size_t": 239,
  "size_x": 96,
  "size_y": 96,
  "size_z": 76,
  "snr": 3.960665792685604,
  "spacing_tr": 2.0,
  "spacing_x": 2.0,
  "spacing_y": 2.0,
  "spacing_z": 2.0,
  "summary_bg_k": 13.75715976462267,
  "summary_bg_mad": 15.657272621143186,
  "summary_bg_mean": 44.54683443474433,
  "summary_bg_median": 17.70711326599121,
  "summary_bg_n": 513014.0,
  "summary_bg_p05": 5.443514347076416,
  "summary_bg_p95": 179.07530212402344,
  "summary_bg_stdv": 62.89985463079531,
  "summary_fg_k": 2.843394072095334,
  "summary_fg_mad": 105.54392181102236,
  "summary_fg_mean": 565.0100446725568,
  "summary_fg_median": 561.121337890625,
  "summary_fg_n": 187402.0,
  "summary_fg_p05": 329.5564880371094,
  "summary_fg_p95": 792.7698364257812,
  "summary_fg_stdv": 141.67311006619792,
  "tsnr": 33.27786200679839
}