{
  "aor": 0.0004997907949790795,
  "aqi": 0.017294667782426776,
  "bids_meta": {
    "EchoTime": 0.043,
    "FlipAngle": 80.0,
    "MagneticFieldStrength": 3.0,
    "Manufacturer": "SIEMENS",
    "ManufacturersModelName": "Verio",
    "MultibandAccelerationFactor": 4,
    "RepetitionTime": 2.0,
    "SliceTiming": [
      0.0,
      1.0575,
      0.105,
      1.1625,
      0.2125,
      1.2675,
      0.3175,
      1.3725,
      0.4225,
      1.48,
      0.5275,
      1.585,
      0.635,
      1.69,
      0.74,
      1.7975,
      0.845,
      1.9025,
      0.95,
      0.0,
      1.0575,
      0.105,
      1.1625,
      0.2125,
      1.2675,
      0.3175,
      1.3725,
      0.4225,
      1.48,
      0.5275,
      1.585,
      0.635,
      1.69,
      0.74,
      1.7975,
      0.845,
      1.9025,
      0.95,
      0.0,
      1.0575,
      0.105,
      1.1625,
      0.2125,
      1.2675,
      0.3175,
      1.3725,
      0.4225,
      1.48,
      0.5275,
      1.585,
      0.635,
      1.69,
      0.74,
      1.7975,
      0.845,
      1.9025,
      0.95,
      0.0,
      1.0575,
      0.105,
      1.1625,
      0.2125,
      1.2675,
      0.3175,
      1.3725,
      0.4225,
      1.48,
      0.5275,
      1.585,
      0.635,
      1.69,
      0.74,
      1.7975,
      0.845,
      1.9025,
      0.95
    ],
    "TaskName": "perception",
    "dataset": "ds001506",
    "modality": "bold",
    "run_id": 5,
    "session_id": "perceptionNaturalImageTest01",
    "subject_id": "02",
    "task_id": "perception"
  },
  "dummy_trs": 0,
  "dvars_nstd": 43.17602447718489,
  "dvars_std": 1.2196892576470584,
  "dvars_vstd": 1.0012937102100836,
  "efc": 0.5617627894389609,
  "fber": 893.0103149414062,
  "fd_mean": 0.10523276896680392,
  "fd_num": 17,
  "fd_perc": 7.112970711297071,
  "fwhm_avg": 1.8728566666666666,
  "fwhm_x": 1.76197,
  "fwhm_y": 2.067625,
  "fwhm_z": 1.788975,
  "gcor": 0.0243786,
  "gsr_x": -0.01880403235554695,
  "gsr_y": 0.04602573812007904,
  "provenance": {
    "md5sum": "7b8a6ccb8a268c40cfb6e9e2c9b9cd01",
    "settings": {
      "fd_thres": 0.2,
      "testing": false
    },
    "software": "mriqc",
    "version": "23.1.0"
  },
  "size_t": 239,
  "size_x": 96,
  "size_y": 96,
  "size_z": 76,
  "snr": 4.368417366236133,
  "spacing_tr": 2.0,
  "spacing_x": 2.0,
  "spacing_y": 2.0,
  "spacing_z": 2.0,
  "summary_bg_k": 19.879511949733487,
  "summary_bg_mad": 15.564221154580846,
  "summary_bg_mean": 42.43530271381809,
  "summary_bg_median": 17.815898895263672,
  "summary_bg_n": 526231.0,
  "summary_bg_p05": 5.615062713623047,
  "summary_bg_p95": 169.83682250976562,
  "summary_bg_stdv": 61.449826193883396,
  "summary_fg_k": 3.1153433348514685,
  "summary_fg_mad": 88.34817028043928,
  "summary_fg_mean": 522.7303389292096,
  "summary_fg_median": 532.3974609375,
  "summary_fg_n": 174185.0,
  "summary_fg_p05": 294.69036865234375,
  "summary_fg_p95": 687.062744140625,
  "summary_fg_stdv": 121.87387056862858,
  "tsnr": 38.95663611218333
}