{
  "aor": 0.0010628870292887027,
  "aqi": 0.01971972468619247,
  "bids_meta": {
    "EchoTime": 0.043,
    "FlipAngle": 80.0,
    "MagneticFieldStrength": 3.0,
    "Manufacturer": "SIEMENS",
    "ManufacturersModelName": "Verio",
    "MultibandAccelerationFactor": 4,
    "RepetitionTime": 2.0,
    "SliceTiming": [
      0.0,
      1.0575,
      0.105,
      1.1625,
      0.2125,
      1.2675,
      0.3175,
      1.375,
      0.4225,
      1.48,
      0.53,
      1.585,
      0.635,
      1.69,
      0.74,
      1.7975,
      0.845,
      1.9025,
      0.9525,
      0.0,
      1.0575,
      0.105,
      1.1625,
      0.2125,
      1.2675,
      0.3175,
      1.375,
      0.4225,
      1.48,
      0.53,
      1.585,
      0.635,
      1.69,
      0.74,
      1.7975,
      0.845,
      1.9025,
      0.9525,
      0.0,
      1.0575,
      0.105,
      1.1625,
      0.2125,
      1.2675,
      0.3175,
      1.375,
      0.4225,
      1.48,
      0.53,
      1.585,
      0.635,
      1.69,
      0.74,
      1.7975,
      0.845,
      1.9025,
      0.9525,
      0.0,
      1.0575,
      0.105,
      1.1625,
      0.2125,
      1.2675,
      0.3175,
      1.375,
      0.4225,
      1.48,
      0.53,
      1.585,
      0.635,
      1.69,
      0.74,
      1.7975,
      0.845,
      1.9025,
      0.9525
    ],
    "TaskName": "perception",
    "dataset": "ds001506",
    "modality": "bold",
    "run_id": 6,
    "session_id": "perceptionNaturalImageTest01",
    "subject_id": "02",
    "task_id": "perception"
  },
  "dummy_trs": 0,
  "dvars_nstd": 43.13021494773114,
  "dvars_std": 1.2076791285714292,
  "dvars_vstd": 1.0150185210924374,
  "efc": 0.561437075345947,
  "fber": 887.4046630859375,
  "fd_mean": 0.11988208197522361,
  "fd_num": 29,
  "fd_perc": 12.133891213389122,
  "fwhm_avg": 1.8793816666666665,
  "fwhm_x": 1.766975,
  "fwhm_y": 2.07376,
  "fwhm_z": 1.79741,
  "gcor": 0.0168442,
  "gsr_x": -0.018107980489730835,
  "gsr_y": 0.04579537361860275,
  "provenance": {
    "md5sum": "aa3ea11d694c473a5cd65fa48c255da0",
    "settings": {
      "fd_thres": 0.2,
      "testing": false
    },
    "software": "mriqc",
    "version": "23.1.0"
  },
  "size_t": 239,
  "size_x": 96,
  "size_y": 96,
  "size_z": 76,
  "snr": 4.360623196286152,
  "spacing_tr": 2.0,
  "spacing_x": 2.0,
  "spacing_y": 2.0,
  "spacing_z": 2.0,
  "summary_bg_k": 20.685783552380656,
  "summary_bg_mad": 15.328493176286335,
  "summary_bg_mean": 42.286019806108335,
  "summary_bg_median": 17.815898895263672,
  "summary_bg_n": 526756.0,
  "summary_bg_p05": 5.811715126037598,
  "summary_bg_p95": 168.46861267089844,
  "summary_bg_stdv": 61.10646082704235,
  "summary_fg_k": 3.054604589502355,
  "summary_fg_mad": 88.38540726853223,
  "summary_fg_mean": 520.1440941413866,
  "summary_fg_median": 530.7238159179688,
  "summary_fg_n": 173660.0,
  "summary_fg_p05": 291.8305358886719,
  "summary_fg_p95": 682.8388977050781,
  "summary_fg_stdv": 121.70789907128041,
  "tsnr": 36.94188496097922
}