{
  "aor": 0.0013234728033472802,
  "aqi": 0.021437373221757323,
  "bids_meta": {
    "EchoTime": 0.043,
    "FlipAngle": 80.0,
    "MagneticFieldStrength": 3.0,
    "Manufacturer": "SIEMENS",
    "ManufacturersModelName": "Verio",
    "MultibandAccelerationFactor": 4,
    "RepetitionTime": 2.0,
    "SliceTiming": [
      0.0,
      1.0575,
      0.105,
      1.1625,
      0.21,
      1.2675,
      0.3175,
      1.3725,
      0.4225,
      1.48,
      0.5275,
      1.585,
      0.635,
      1.69,
      0.74,
      1.795,
      0.845,
      1.9025,
      0.95,
      0.0,
      1.0575,
      0.105,
      1.1625,
      0.21,
      1.2675,
      0.3175,
      1.3725,
      0.4225,
      1.48,
      0.5275,
      1.585,
      0.635,
      1.69,
      0.74,
      1.795,
      0.845,
      1.9025,
      0.95,
      0.0,
      1.0575,
      0.105,
      1.1625,
      0.21,
      1.2675,
      0.3175,
      1.3725,
      0.4225,
      1.48,
      0.5275,
      1.585,
      0.635,
      1.69,
      0.74,
      1.795,
      0.845,
      1.9025,
      0.95,
      0.0,
      1.0575,
      0.105,
      1.1625,
      0.21,
      1.2675,
      0.3175,
      1.3725,
      0.4225,
      1.48,
      0.5275,
      1.585,
      0.635,
      1.69,
      0.74,
      1.795,
      0.845,
      1.9025,
      0.95
    ],
    "TaskName": "perception",
    "dataset": "ds001506",
    "modality": "bold",
    "run_id": 7,
    "session_id": "perceptionNaturalImageTest01",
    "subject_id": "02",
    "task_id": "perception"
  },
  "dummy_trs": 0,
  "dvars_nstd": 41.17155517474788,
  "dvars_std": 1.192732849369747,
  "dvars_vstd": 1.0116112105042014,
  "efc": 0.5612221144479892,
  "fber": 875.3732299804688,
  "fd_mean": 0.10187606213930386,
  "fd_num": 20,
  "fd_perc": 8.368200836820083,
  "fwhm_avg": 1.8779533333333334,
  "fwhm_x": 1.766765,
  "fwhm_y": 2.079015,
  "fwhm_z": 1.78808,
  "gcor": 0.0213381,
  "gsr_x": -0.018200920894742012,
  "gsr_y": 0.046103209257125854,
  "provenance": {
    "md5sum": "fb467026b85b5dc5aff79f40ea7b2710",
    "settings": {
      "fd_thres": 0.2,
      "testing": false
    },
    "software": "mriqc",
    "version": "23.1.0"
  },
  "size_t": 239,
  "size_x": 96,
  "size_y": 96,
  "size_z": 76,
  "snr": 4.3632651445121695,
  "spacing_tr": 2.0,
  "spacing_x": 2.0,
  "spacing_y": 2.0,
  "spacing_z": 2.0,
  "summary_bg_k": 21.21555835488908,
  "summary_bg_mad": 15.433951787840918,
  "summary_bg_mean": 42.27128645199052,
  "summary_bg_median": 17.974895477294922,
  "summary_bg_n": 526882.0,
  "summary_bg_p05": 5.845188140869141,
  "summary_bg_p95": 167.7740478515625,
  "summary_bg_stdv": 60.8350548033106,
  "summary_fg_k": 3.0660499861442663,
  "summary_fg_mad": 88.53738666464919,
  "summary_fg_mean": 521.5403604499327,
  "summary_fg_median": 531.8179626464844,
  "summary_fg_n": 173534.0,
  "summary_fg_p05": 292.99163818359375,
  "summary_fg_p95": 684.18408203125,
  "summary_fg_stdv": 121.88496749890042,
  "tsnr": 35.94797963730525
}