{
  "aor": 0.002462026431718062,
  "aqi": 0.030667754625550665,
  "bids_meta": {
    "EchoTime": 0.043,
    "FlipAngle": 80.0,
    "MagneticFieldStrength": 3.0,
    "Manufacturer": "SIEMENS",
    "ManufacturersModelName": "Verio",
    "MultibandAccelerationFactor": 4,
    "RepetitionTime": 2.0,
    "SliceTiming": [
      0.0,
      1.0575,
      0.105,
      1.1625,
      0.2125,
      1.2675,
      0.3175,
      1.375,
      0.4225,
      1.48,
      0.5275,
      1.585,
      0.635,
      1.69,
      0.74,
      1.7975,
      0.845,
      1.9025,
      0.9525,
      0.0,
      1.0575,
      0.105,
      1.1625,
      0.2125,
      1.2675,
      0.3175,
      1.375,
      0.4225,
      1.48,
      0.5275,
      1.585,
      0.635,
      1.69,
      0.74,
      1.7975,
      0.845,
      1.9025,
      0.9525,
      0.0,
      1.0575,
      0.105,
      1.1625,
      0.2125,
      1.2675,
      0.3175,
      1.375,
      0.4225,
      1.48,
      0.5275,
      1.585,
      0.635,
      1.69,
      0.74,
      1.7975,
      0.845,
      1.9025,
      0.9525,
      0.0,
      1.0575,
      0.105,
      1.1625,
      0.2125,
      1.2675,
      0.3175,
      1.375,
      0.4225,
      1.48,
      0.5275,
      1.585,
      0.635,
      1.69,
      0.74,
      1.7975,
      0.845,
      1.9025,
      0.9525
    ],
    "TaskName": "imagery",
    "dataset": "ds001506",
    "modality": "bold",
    "run_id": 1,
    "session_id": "imagery03",
    "subject_id": "01",
    "task_id": "imagery"
  },
  "dummy_trs": 0,
  "dvars_nstd": 51.13231491814162,
  "dvars_std": 1.230020321327434,
  "dvars_vstd": 0.9847537147345137,
  "efc": 0.5717579293486242,
  "fber": 1027.876953125,
  "fd_mean": 0.23109371154344008,
  "fd_num": 91,
  "fd_perc": 40.08810572687225,
  "fwhm_avg": 1.8956600000000001,
  "fwhm_x": 1.775525,
  "fwhm_y": 2.053725,
  "fwhm_z": 1.85773,
  "gcor": 0.0133296,
  "gsr_x": -0.01164880208671093,
  "gsr_y": 0.03201989084482193,
  "provenance": {
    "md5sum": "58f45d401d37fdb39cd7590f205c2d1d",
    "settings": {
      "fd_thres": 0.2,
      "testing": false
    },
    "software": "mriqc",
    "version": "23.1.0"
  },
  "size_t": 227,
  "size_x": 96,
  "size_y": 96,
  "size_z": 76,
  "snr": 3.9581413149306615,
  "spacing_tr": 2.0,
  "spacing_x": 2.0,
  "spacing_y": 2.0,
  "spacing_z": 2.0,
  "summary_bg_k": 12.522604887141403,
  "summary_bg_mad": 16.66131181590267,
  "summary_bg_mean": 47.30556983277185,
  "summary_bg_median": 18.343610763549805,
  "summary_bg_n": 511743.0,
  "summary_bg_p05": 5.4052863121032715,
  "summary_bg_p95": 189.41409301757812,
  "summary_bg_stdv": 66.39462592059476,
  "summary_fg_k": 2.5618638670001426,
  "summary_fg_mad": 110.24808906743189,
  "summary_fg_mean": 593.7130398676027,
  "summary_fg_median": 588.105712890625,
  "summary_fg_n": 188673.0,
  "summary_fg_p05": 348.98236083984375,
  "summary_fg_p95": 837.7841186523438,
  "summary_fg_stdv": 148.5808887465494,
  "tsnr": 28.744511855766177
}