{
  "aor": 0.0006184873949579832,
  "aqi": 0.015381795378151262,
  "bids_meta": {
    "EchoTime": 0.043,
    "FlipAngle": 80.0,
    "MagneticFieldStrength": 3.0,
    "Manufacturer": "SIEMENS",
    "ManufacturersModelName": "Verio",
    "MultibandAccelerationFactor": 4,
    "RepetitionTime": 2.0,
    "SliceTiming": [
      0.0,
      1.0575,
      0.1075,
      1.1625,
      0.2125,
      1.27,
      0.3175,
      1.375,
      0.4225,
      1.48,
      0.53,
      1.585,
      0.635,
      1.6925,
      0.74,
      1.7975,
      0.845,
      1.9025,
      0.9525,
      0.0,
      1.0575,
      0.1075,
      1.1625,
      0.2125,
      1.27,
      0.3175,
      1.375,
      0.4225,
      1.48,
      0.53,
      1.585,
      0.635,
      1.6925,
      0.74,
      1.7975,
      0.845,
      1.9025,
      0.9525,
      0.0,
      1.0575,
      0.1075,
      1.1625,
      0.2125,
      1.27,
      0.3175,
      1.375,
      0.4225,
      1.48,
      0.53,
      1.585,
      0.635,
      1.6925,
      0.74,
      1.7975,
      0.845,
      1.9025,
      0.9525,
      0.0,
      1.0575,
      0.1075,
      1.1625,
      0.2125,
      1.27,
      0.3175,
      1.375,
      0.4225,
      1.48,
      0.53,
      1.585,
      0.635,
      1.6925,
      0.74,
      1.7975,
      0.845,
      1.9025,
      0.9525
    ],
    "TaskName": "perception",
    "dataset": "ds001506",
    "modality": "bold",
    "run_id": 5,
    "session_id": "perceptionNaturalImageTraining12",
    "subject_id": "01",
    "task_id": "perception"
  },
  "dummy_trs": 1,
  "dvars_nstd": 41.170328711603375,
  "dvars_std": 1.264917086075949,
  "dvars_vstd": 0.9969284077637133,
  "efc": 0.5675497414128008,
  "fber": 1004.0335693359375,
  "fd_mean": 0.08208114783329858,
  "fd_num": 15,
  "fd_perc": 6.302521008403361,
  "fwhm_avg": 1.8331366666666666,
  "fwhm_x": 1.729935,
  "fwhm_y": 2.018985,
  "fwhm_z": 1.75049,
  "gcor": 0.0115554,
  "gsr_x": -0.007862136699259281,
  "gsr_y": 0.03421826660633087,
  "provenance": {
    "md5sum": "15c5e093d3ea4a42119d3ba8d1c1f3c3",
    "settings": {
      "fd_thres": 0.2,
      "testing": false
    },
    "software": "mriqc",
    "version": "23.1.0"
  },
  "size_t": 238,
  "size_x": 96,
  "size_y": 96,
  "size_z": 76,
  "snr": 3.980310950359887,
  "spacing_tr": 2.0,
  "spacing_x": 2.0,
  "spacing_y": 2.0,
  "spacing_z": 2.0,
  "summary_bg_k": 12.295140429166356,
  "summary_bg_mad": 16.738453858481794,
  "summary_bg_mean": 46.440301688773495,
  "summary_bg_median": 18.65546226501465,
  "summary_bg_n": 514484.0,
  "summary_bg_p05": 5.336134910583496,
  "summary_bg_p95": 186.8235321044922,
  "summary_bg_stdv": 65.32321094572968,
  "summary_fg_k": 2.7088579094912415,
  "summary_fg_mad": 111.2543474090934,
  "summary_fg_mean": 594.2670718556752,
  "summary_fg_median": 591.1260986328125,
  "summary_fg_n": 185932.0,
  "summary_fg_p05": 346.01263427734375,
  "summary_fg_p95": 830.0841064453125,
  "summary_fg_stdv": 148.5121429890849,
  "tsnr": 40.779640886583365
}