{
  "aor": 0.001907154811715481,
  "aqi": 0.03402361715481172,
  "bids_meta": {
    "EchoTime": 0.043,
    "FlipAngle": 80.0,
    "MagneticFieldStrength": 3.0,
    "Manufacturer": "SIEMENS",
    "ManufacturersModelName": "Verio",
    "MultibandAccelerationFactor": 4,
    "RepetitionTime": 2.0,
    "SliceTiming": [
      0.0,
      1.0575,
      0.1075,
      1.1625,
      0.2125,
      1.2675,
      0.3175,
      1.375,
      0.4225,
      1.48,
      0.53,
      1.585,
      0.635,
      1.6925,
      0.74,
      1.7975,
      0.845,
      1.9025,
      0.9525,
      0.0,
      1.0575,
      0.1075,
      1.1625,
      0.2125,
      1.2675,
      0.3175,
      1.375,
      0.4225,
      1.48,
      0.53,
      1.585,
      0.635,
      1.6925,
      0.74,
      1.7975,
      0.845,
      1.9025,
      0.9525,
      0.0,
      1.0575,
      0.1075,
      1.1625,
      0.2125,
      1.2675,
      0.3175,
      1.375,
      0.4225,
      1.48,
      0.53,
      1.585,
      0.635,
      1.6925,
      0.74,
      1.7975,
      0.845,
      1.9025,
      0.9525,
      0.0,
      1.0575,
      0.1075,
      1.1625,
      0.2125,
      1.2675,
      0.3175,
      1.375,
      0.4225,
      1.48,
      0.53,
      1.585,
      0.635,
      1.6925,
      0.74,
      1.7975,
      0.845,
      1.9025,
      0.9525
    ],
    "TaskName": "perception",
    "dataset": "ds001506",
    "modality": "bold",
    "run_id": 6,
    "session_id": "perceptionNaturalImageTraining01",
    "subject_id": "01",
    "task_id": "perception"
  },
  "dummy_trs": 0,
  "dvars_nstd": 58.24474448500002,
  "dvars_std": 1.313237351428572,
  "dvars_vstd": 1.0103983421428568,
  "efc": 0.5750279878725495,
  "fber": 790.345458984375,
  "fd_mean": 0.28287636465104704,
  "fd_num": 143,
  "fd_perc": 59.8326359832636,
  "fwhm_avg": 1.9251166666666666,
  "fwhm_x": 1.803385,
  "fwhm_y": 2.120755,
  "fwhm_z": 1.85121,
  "gcor": 0.0287013,
  "gsr_x": -0.013776775449514389,
  "gsr_y": 0.035267941653728485,
  "provenance": {
    "md5sum": "993a160484e3efef397f841c2003ed3d",
    "settings": {
      "fd_thres": 0.2,
      "testing": false
    },
    "software": "mriqc",
    "version": "23.1.0"
  },
  "size_t": 239,
  "size_x": 96,
  "size_y": 96,
  "size_z": 76,
  "snr": 3.9008766873633305,
  "spacing_tr": 2.0,
  "spacing_x": 2.0,
  "spacing_y": 2.0,
  "spacing_z": 2.0,
  "summary_bg_k": 12.565755771914565,
  "summary_bg_mad": 19.22420026060385,
  "summary_bg_mean": 47.404178324924665,
  "summary_bg_median": 20.27614974975586,
  "summary_bg_n": 511962.0,
  "summary_bg_p05": 5.025104522705078,
  "summary_bg_p95": 184.4560546875,
  "summary_bg_stdv": 64.1886649073525,
  "summary_fg_k": 2.811070563756866,
  "summary_fg_mad": 111.0928212274508,
  "summary_fg_mean": 576.99126888578,
  "summary_fg_median": 570.0250854492188,
  "summary_fg_n": 188454.0,
  "summary_fg_p05": 339.5606689453125,
  "summary_fg_p95": 819.276123046875,
  "summary_fg_stdv": 146.12704239583513,
  "tsnr": 26.251341365044937
}