{
  "aor": 0.001966569037656904,
  "aqi": 0.034534843933054386,
  "bids_meta": {
    "EchoTime": 0.043,
    "FlipAngle": 80.0,
    "MagneticFieldStrength": 3.0,
    "Manufacturer": "SIEMENS",
    "ManufacturersModelName": "Verio",
    "MultibandAccelerationFactor": 4,
    "RepetitionTime": 2.0,
    "SliceTiming": [
      0.0,
      1.0575,
      0.105,
      1.1625,
      0.2125,
      1.2675,
      0.3175,
      1.375,
      0.4225,
      1.48,
      0.53,
      1.585,
      0.635,
      1.69,
      0.74,
      1.7975,
      0.845,
      1.9025,
      0.9525,
      0.0,
      1.0575,
      0.105,
      1.1625,
      0.2125,
      1.2675,
      0.3175,
      1.375,
      0.4225,
      1.48,
      0.53,
      1.585,
      0.635,
      1.69,
      0.74,
      1.7975,
      0.845,
      1.9025,
      0.9525,
      0.0,
      1.0575,
      0.105,
      1.1625,
      0.2125,
      1.2675,
      0.3175,
      1.375,
      0.4225,
      1.48,
      0.53,
      1.585,
      0.635,
      1.69,
      0.74,
      1.7975,
      0.845,
      1.9025,
      0.9525,
      0.0,
      1.0575,
      0.105,
      1.1625,
      0.2125,
      1.2675,
      0.3175,
      1.375,
      0.4225,
      1.48,
      0.53,
      1.585,
      0.635,
      1.69,
      0.74,
      1.7975,
      0.845,
      1.9025,
      0.9525
    ],
    "TaskName": "perception",
    "dataset": "ds001506",
    "modality": "bold",
    "run_id": 7,
    "session_id": "perceptionNaturalImageTraining04",
    "subject_id": "02",
    "task_id": "perception"
  },
  "dummy_trs": 0,
  "dvars_nstd": 44.950271830924386,
  "dvars_std": 1.1859318787815125,
  "dvars_vstd": 0.9674213052941184,
  "efc": 0.5561800914984295,
  "fber": 1108.5032958984375,
  "fd_mean": 0.09906164869609863,
  "fd_num": 16,
  "fd_perc": 6.694560669456067,
  "fwhm_avg": 1.920563369960191,
  "fwhm_x": 1.79633,
  "fwhm_y": 2.12187,
  "fwhm_z": 1.8434901098805732,
  "gcor": 0.0182667,
  "gsr_x": -0.015634428709745407,
  "gsr_y": 0.05555536597967148,
  "provenance": {
    "md5sum": "e5ff131deba0b60e6d1a903a4635309e",
    "settings": {
      "fd_thres": 0.2,
      "testing": false
    },
    "software": "mriqc",
    "version": "23.1.0"
  },
  "size_t": 239,
  "size_x": 96,
  "size_y": 96,
  "size_z": 76,
  "snr": 4.443368583426889,
  "spacing_tr": 2.0,
  "spacing_x": 2.0,
  "spacing_y": 2.0,
  "spacing_z": 1.9999998807907104,
  "summary_bg_k": 20.952537899426094,
  "summary_bg_mad": 13.541927923787854,
  "summary_bg_mean": 40.88948844111729,
  "summary_bg_median": 16.0,
  "summary_bg_n": 527975.0,
  "summary_bg_p05": 5.569037437438965,
  "summary_bg_p95": 165.32217407226562,
  "summary_bg_stdv": 60.95944723474148,
  "summary_fg_k": 3.488907144843786,
  "summary_fg_mad": 86.63612849131472,
  "summary_fg_mean": 523.4118135144015,
  "summary_fg_median": 532.7070922851562,
  "summary_fg_n": 172441.0,
  "summary_fg_p05": 298.5648498535156,
  "summary_fg_p95": 684.3598022460938,
  "summary_fg_stdv": 119.88776930705266,
  "tsnr": 30.18682435620576
}