{
  "aor": 0.0007352301255230125,
  "aqi": 0.02536161757322176,
  "bids_meta": {
    "EchoTime": 0.043,
    "FlipAngle": 80.0,
    "MagneticFieldStrength": 3.0,
    "Manufacturer": "SIEMENS",
    "ManufacturersModelName": "Verio",
    "MultibandAccelerationFactor": 4,
    "RepetitionTime": 2.0,
    "SliceTiming": [
      0.0,
      1.055,
      0.105,
      1.1625,
      0.21,
      1.2675,
      0.3175,
      1.3725,
      0.4225,
      1.4775,
      0.5275,
      1.585,
      0.6325,
      1.69,
      0.74,
      1.795,
      0.845,
      1.9025,
      0.95,
      0.0,
      1.055,
      0.105,
      1.1625,
      0.21,
      1.2675,
      0.3175,
      1.3725,
      0.4225,
      1.4775,
      0.5275,
      1.585,
      0.6325,
      1.69,
      0.74,
      1.795,
      0.845,
      1.9025,
      0.95,
      0.0,
      1.055,
      0.105,
      1.1625,
      0.21,
      1.2675,
      0.3175,
      1.3725,
      0.4225,
      1.4775,
      0.5275,
      1.585,
      0.6325,
      1.69,
      0.74,
      1.795,
      0.845,
      1.9025,
      0.95,
      0.0,
      1.055,
      0.105,
      1.1625,
      0.21,
      1.2675,
      0.3175,
      1.3725,
      0.4225,
      1.4775,
      0.5275,
      1.585,
      0.6325,
      1.69,
      0.74,
      1.795,
      0.845,
      1.9025,
      0.95
    ],
    "TaskName": "perception",
    "dataset": "ds001506",
    "modality": "bold",
    "run_id": 6,
    "session_id": "perceptionNaturalImageTraining04",
    "subject_id": "02",
    "task_id": "perception"
  },
  "dummy_trs": 0,
  "dvars_nstd": 45.14913388239496,
  "dvars_std": 1.2053784231932771,
  "dvars_vstd": 0.9851127379411772,
  "efc": 0.5568546239713318,
  "fber": 1081.62158203125,
  "fd_mean": 0.10597609125525725,
  "fd_num": 20,
  "fd_perc": 8.368200836820083,
  "fwhm_avg": 1.8977133692100665,
  "fwhm_x": 1.78382,
  "fwhm_y": 2.103585,
  "fwhm_z": 1.8057351076301997,
  "gcor": 0.0262097,
  "gsr_x": -0.016028689220547676,
  "gsr_y": 0.056619297713041306,
  "provenance": {
    "md5sum": "2d202087c5ccf7ad4ae12fec4008e82e",
    "settings": {
      "fd_thres": 0.2,
      "testing": false
    },
    "software": "mriqc",
    "version": "23.1.0"
  },
  "size_t": 239,
  "size_x": 96,
  "size_y": 96,
  "size_z": 76,
  "snr": 4.4152811390578925,
  "spacing_tr": 2.0,
  "spacing_x": 2.0,
  "spacing_y": 2.0,
  "spacing_z": 1.9999998807907104,
  "summary_bg_k": 20.744091709939926,
  "summary_bg_mad": 13.672196583567953,
  "summary_bg_mean": 41.22811822519585,
  "summary_bg_median": 16.196651458740234,
  "summary_bg_n": 527750.0,
  "summary_bg_p05": 5.631799221038818,
  "summary_bg_p95": 167.6527099609375,
  "summary_bg_stdv": 61.63997933487171,
  "summary_fg_k": 3.5923222125355156,
  "summary_fg_mad": 86.99275296294134,
  "summary_fg_mean": 523.7021178040997,
  "summary_fg_median": 532.6757202148438,
  "summary_fg_n": 172666.0,
  "summary_fg_p05": 297.28033447265625,
  "summary_fg_p95": 686.8033447265625,
  "summary_fg_stdv": 120.64332053452308,
  "tsnr": 34.52352137910202
}