{
  "aor": 0.00035443514644351465,
  "aqi": 0.014988217573221758,
  "bids_meta": {
    "EchoTime": 0.043,
    "FlipAngle": 80.0,
    "MagneticFieldStrength": 3.0,
    "Manufacturer": "SIEMENS",
    "ManufacturersModelName": "Verio",
    "MultibandAccelerationFactor": 4,
    "RepetitionTime": 2.0,
    "SliceTiming": [
      0.0,
      1.0575,
      0.105,
      1.1625,
      0.21,
      1.2675,
      0.3175,
      1.3725,
      0.4225,
      1.48,
      0.5275,
      1.585,
      0.6325,
      1.69,
      0.74,
      1.795,
      0.845,
      1.9025,
      0.95,
      0.0,
      1.0575,
      0.105,
      1.1625,
      0.21,
      1.2675,
      0.3175,
      1.3725,
      0.4225,
      1.48,
      0.5275,
      1.585,
      0.6325,
      1.69,
      0.74,
      1.795,
      0.845,
      1.9025,
      0.95,
      0.0,
      1.0575,
      0.105,
      1.1625,
      0.21,
      1.2675,
      0.3175,
      1.3725,
      0.4225,
      1.48,
      0.5275,
      1.585,
      0.6325,
      1.69,
      0.74,
      1.795,
      0.845,
      1.9025,
      0.95,
      0.0,
      1.0575,
      0.105,
      1.1625,
      0.21,
      1.2675,
      0.3175,
      1.3725,
      0.4225,
      1.48,
      0.5275,
      1.585,
      0.6325,
      1.69,
      0.74,
      1.795,
      0.845,
      1.9025,
      0.95
    ],
    "TaskName": "perception",
    "dataset": "ds001506",
    "modality": "bold",
    "run_id": 1,
    "session_id": "perceptionNaturalImageTraining04",
    "subject_id": "02",
    "task_id": "perception"
  },
  "dummy_trs": 0,
  "dvars_nstd": 44.150079967521016,
  "dvars_std": 1.2932302298319323,
  "dvars_vstd": 0.9969325822689081,
  "efc": 0.554331185029263,
  "fber": 1091.8251953125,
  "fd_mean": 0.053871506669543365,
  "fd_num": 2,
  "fd_perc": 0.8368200836820083,
  "fwhm_avg": 1.8381283680941685,
  "fwhm_x": 1.745955,
  "fwhm_y": 2.01886,
  "fwhm_z": 1.7495701042825047,
  "gcor": 0.0460547,
  "gsr_x": -0.017291365191340446,
  "gsr_y": 0.05319518223404884,
  "provenance": {
    "md5sum": "abf8bd99f863e30e0c23bb32f61681dc",
    "settings": {
      "fd_thres": 0.2,
      "testing": false
    },
    "software": "mriqc",
    "version": "23.1.0"
  },
  "size_t": 239,
  "size_x": 96,
  "size_y": 96,
  "size_z": 76,
  "snr": 4.420337208944777,
  "spacing_tr": 2.0,
  "spacing_x": 2.0,
  "spacing_y": 2.0,
  "spacing_z": 1.9999998807907104,
  "summary_bg_k": 23.343036056554002,
  "summary_bg_mad": 13.411656436168442,
  "summary_bg_mean": 40.3128833908373,
  "summary_bg_median": 16.13807487487793,
  "summary_bg_n": 528217.0,
  "summary_bg_p05": 5.635982990264893,
  "summary_bg_p95": 162.3891143798828,
  "summary_bg_stdv": 60.38993528261324,
  "summary_fg_k": 3.532372982893855,
  "summary_fg_mad": 88.05660873576001,
  "summary_fg_mean": 524.4147403660751,
  "summary_fg_median": 533.246826171875,
  "summary_fg_n": 172199.0,
  "summary_fg_p05": 299.32635498046875,
  "summary_fg_p95": 687.1171264648438,
  "summary_fg_stdv": 120.63452461179986,
  "tsnr": 43.07560911378823
}