{
  "aor": 0.0015449372384937238,
  "aqi": 0.029481123849372386,
  "bids_meta": {
    "EchoTime": 0.043,
    "FlipAngle": 80.0,
    "MagneticFieldStrength": 3.0,
    "Manufacturer": "SIEMENS",
    "ManufacturersModelName": "Verio",
    "MultibandAccelerationFactor": 4,
    "RepetitionTime": 2.0,
    "SliceTiming": [
      0.0,
      1.0575,
      0.105,
      1.1625,
      0.2125,
      1.2675,
      0.3175,
      1.3725,
      0.4225,
      1.48,
      0.5275,
      1.585,
      0.635,
      1.69,
      0.74,
      1.795,
      0.845,
      1.9025,
      0.95,
      0.0,
      1.0575,
      0.105,
      1.1625,
      0.2125,
      1.2675,
      0.3175,
      1.3725,
      0.4225,
      1.48,
      0.5275,
      1.585,
      0.635,
      1.69,
      0.74,
      1.795,
      0.845,
      1.9025,
      0.95,
      0.0,
      1.0575,
      0.105,
      1.1625,
      0.2125,
      1.2675,
      0.3175,
      1.3725,
      0.4225,
      1.48,
      0.5275,
      1.585,
      0.635,
      1.69,
      0.74,
      1.795,
      0.845,
      1.9025,
      0.95,
      0.0,
      1.0575,
      0.105,
      1.1625,
      0.2125,
      1.2675,
      0.3175,
      1.3725,
      0.4225,
      1.48,
      0.5275,
      1.585,
      0.635,
      1.69,
      0.74,
      1.795,
      0.845,
      1.9025,
      0.95
    ],
    "TaskName": "perception",
    "dataset": "ds001506",
    "modality": "bold",
    "run_id": 6,
    "session_id": "perceptionNaturalImageTraining03",
    "subject_id": "02",
    "task_id": "perception"
  },
  "dummy_trs": 0,
  "dvars_nstd": 42.567574124621835,
  "dvars_std": 1.1605897998319328,
  "dvars_vstd": 0.975865539159664,
  "efc": 0.5549511861834254,
  "fber": 1107.5849609375,
  "fd_mean": 0.12382819728158598,
  "fd_num": 32,
  "fd_perc": 13.389121338912133,
  "fwhm_avg": 1.8878266666666665,
  "fwhm_x": 1.77474,
  "fwhm_y": 2.066055,
  "fwhm_z": 1.822685,
  "gcor": 0.0215227,
  "gsr_x": -0.019277261570096016,
  "gsr_y": 0.050731878727674484,
  "provenance": {
    "md5sum": "7b9e509e6519cedf597ff42f063a28b0",
    "settings": {
      "fd_thres": 0.2,
      "testing": false
    },
    "software": "mriqc",
    "version": "23.1.0"
  },
  "size_t": 239,
  "size_x": 96,
  "size_y": 96,
  "size_z": 76,
  "snr": 4.4153919912143,
  "spacing_tr": 2.0,
  "spacing_x": 2.0,
  "spacing_y": 2.0,
  "spacing_z": 2.0,
  "summary_bg_k": 24.57834451261588,
  "summary_bg_mad": 13.355826404582832,
  "summary_bg_mean": 40.79100007122346,
  "summary_bg_median": 15.966526985168457,
  "summary_bg_n": 528805.0,
  "summary_bg_p05": 5.594141960144043,
  "summary_bg_p95": 164.80752563476562,
  "summary_bg_stdv": 61.373161063105016,
  "summary_fg_k": 3.411021789270726,
  "summary_fg_mad": 87.25639807790814,
  "summary_fg_mean": 522.7789459851476,
  "summary_fg_median": 531.3723754882812,
  "summary_fg_n": 171611.0,
  "summary_fg_p05": 297.69036865234375,
  "summary_fg_p95": 685.9539794921875,
  "summary_fg_stdv": 120.3451082836535,
  "tsnr": 31.745633932296187
}