{
  "aor": 0.005266778242677825,
  "aqi": 0.023840144769874477,
  "bids_meta": {
    "EchoTime": 0.043,
    "FlipAngle": 80.0,
    "MagneticFieldStrength": 3.0,
    "Manufacturer": "SIEMENS",
    "ManufacturersModelName": "Verio",
    "MultibandAccelerationFactor": 4,
    "RepetitionTime": 2.0,
    "SliceTiming": [
      0.0,
      1.0575,
      0.105,
      1.1625,
      0.2125,
      1.2675,
      0.3175,
      1.3725,
      0.4225,
      1.48,
      0.5275,
      1.585,
      0.635,
      1.69,
      0.74,
      1.795,
      0.845,
      1.9025,
      0.95,
      0.0,
      1.0575,
      0.105,
      1.1625,
      0.2125,
      1.2675,
      0.3175,
      1.3725,
      0.4225,
      1.48,
      0.5275,
      1.585,
      0.635,
      1.69,
      0.74,
      1.795,
      0.845,
      1.9025,
      0.95,
      0.0,
      1.0575,
      0.105,
      1.1625,
      0.2125,
      1.2675,
      0.3175,
      1.3725,
      0.4225,
      1.48,
      0.5275,
      1.585,
      0.635,
      1.69,
      0.74,
      1.795,
      0.845,
      1.9025,
      0.95,
      0.0,
      1.0575,
      0.105,
      1.1625,
      0.2125,
      1.2675,
      0.3175,
      1.3725,
      0.4225,
      1.48,
      0.5275,
      1.585,
      0.635,
      1.69,
      0.74,
      1.795,
      0.845,
      1.9025,
      0.95
    ],
    "TaskName": "perception",
    "dataset": "ds001506",
    "modality": "bold",
    "run_id": 7,
    "session_id": "perceptionNaturalImageTraining03",
    "subject_id": "02",
    "task_id": "perception"
  },
  "dummy_trs": 0,
  "dvars_nstd": 43.50869262088234,
  "dvars_std": 1.2206725050000005,
  "dvars_vstd": 1.053265005882353,
  "efc": 0.5552411818291884,
  "fber": 1111.6907958984375,
  "fd_mean": 0.17590889943059673,
  "fd_num": 52,
  "fd_perc": 21.757322175732217,
  "fwhm_avg": 1.8589799999999999,
  "fwhm_x": 1.756875,
  "fwhm_y": 2.039805,
  "fwhm_z": 1.78026,
  "gcor": 0.0258024,
  "gsr_x": -0.01845908910036087,
  "gsr_y": 0.05061887204647064,
  "provenance": {
    "md5sum": "c83ae24bc34012f8e8550673835f9df1",
    "settings": {
      "fd_thres": 0.2,
      "testing": false
    },
    "software": "mriqc",
    "version": "23.1.0"
  },
  "size_t": 239,
  "size_x": 96,
  "size_y": 96,
  "size_z": 76,
  "snr": 4.4062661971215835,
  "spacing_tr": 2.0,
  "spacing_x": 2.0,
  "spacing_y": 2.0,
  "spacing_z": 2.0,
  "summary_bg_k": 23.560841618553344,
  "summary_bg_mad": 13.554332947900612,
  "summary_bg_mean": 40.89540955088116,
  "summary_bg_median": 15.878661155700684,
  "summary_bg_n": 529112.0,
  "summary_bg_p05": 5.35146427154541,
  "summary_bg_p95": 165.3179931640625,
  "summary_bg_stdv": 61.350055290814666,
  "summary_fg_k": 3.196026951110805,
  "summary_fg_mad": 88.25514567835042,
  "summary_fg_mean": 520.2965518823786,
  "summary_fg_median": 529.4267578125,
  "summary_fg_n": 171304.0,
  "summary_fg_p05": 296.56903076171875,
  "summary_fg_p95": 683.702880859375,
  "summary_fg_stdv": 120.1527980474287,
  "tsnr": 33.16690066829324
}