{
  "aor": 0.0005789958158995816,
  "aqi": 0.019024715899581584,
  "bids_meta": {
    "EchoTime": 0.043,
    "FlipAngle": 80.0,
    "MagneticFieldStrength": 3.0,
    "Manufacturer": "SIEMENS",
    "ManufacturersModelName": "Verio",
    "MultibandAccelerationFactor": 4,
    "RepetitionTime": 2.0,
    "SliceTiming": [
      0.0,
      1.0575,
      0.105,
      1.1625,
      0.2125,
      1.2675,
      0.3175,
      1.375,
      0.4225,
      1.48,
      0.53,
      1.585,
      0.635,
      1.69,
      0.74,
      1.7975,
      0.845,
      1.9025,
      0.9525,
      0.0,
      1.0575,
      0.105,
      1.1625,
      0.2125,
      1.2675,
      0.3175,
      1.375,
      0.4225,
      1.48,
      0.53,
      1.585,
      0.635,
      1.69,
      0.74,
      1.7975,
      0.845,
      1.9025,
      0.9525,
      0.0,
      1.0575,
      0.105,
      1.1625,
      0.2125,
      1.2675,
      0.3175,
      1.375,
      0.4225,
      1.48,
      0.53,
      1.585,
      0.635,
      1.69,
      0.74,
      1.7975,
      0.845,
      1.9025,
      0.9525,
      0.0,
      1.0575,
      0.105,
      1.1625,
      0.2125,
      1.2675,
      0.3175,
      1.375,
      0.4225,
      1.48,
      0.53,
      1.585,
      0.635,
      1.69,
      0.74,
      1.7975,
      0.845,
      1.9025,
      0.9525
    ],
    "TaskName": "perception",
    "dataset": "ds001506",
    "modality": "bold",
    "run_id": 1,
    "session_id": "perceptionNaturalImageTraining03",
    "subject_id": "02",
    "task_id": "perception"
  },
  "dummy_trs": 0,
  "dvars_nstd": 43.43529366256301,
  "dvars_std": 1.2417229699159666,
  "dvars_vstd": 0.9842352578991602,
  "efc": 0.5548293793426791,
  "fber": 1074.0074462890625,
  "fd_mean": 0.08970124412716195,
  "fd_num": 10,
  "fd_perc": 4.184100418410042,
  "fwhm_avg": 1.8463666666666665,
  "fwhm_x": 1.74693,
  "fwhm_y": 2.02093,
  "fwhm_z": 1.77124,
  "gcor": 0.0234136,
  "gsr_x": -0.019235659390687943,
  "gsr_y": 0.052171528339385986,
  "provenance": {
    "md5sum": "7820026adbbacf2a4fb2546e0995e2cb",
    "settings": {
      "fd_thres": 0.2,
      "testing": false
    },
    "software": "mriqc",
    "version": "23.1.0"
  },
  "size_t": 239,
  "size_x": 96,
  "size_y": 96,
  "size_z": 76,
  "snr": 4.391358812617141,
  "spacing_tr": 2.0,
  "spacing_x": 2.0,
  "spacing_y": 2.0,
  "spacing_z": 2.0,
  "summary_bg_k": 25.934368573914938,
  "summary_bg_mad": 13.709418018544683,
  "summary_bg_mean": 40.86603852875729,
  "summary_bg_median": 16.317991256713867,
  "summary_bg_n": 528451.0,
  "summary_bg_p05": 5.602510452270508,
  "summary_bg_p95": 164.45606994628906,
  "summary_bg_stdv": 61.34947321953206,
  "summary_fg_k": 3.6610462469949843,
  "summary_fg_mad": 88.69560992997249,
  "summary_fg_mean": 526.197837903645,
  "summary_fg_median": 534.7740478515625,
  "summary_fg_n": 171965.0,
  "summary_fg_p05": 300.7238464355469,
  "summary_fg_p95": 691.3096313476562,
  "summary_fg_stdv": 121.77836423220172,
  "tsnr": 38.266285597812384
}