{
  "aor": 0.0018284937238493724,
  "aqi": 0.025465707531380753,
  "bids_meta": {
    "EchoTime": 0.043,
    "FlipAngle": 80.0,
    "MagneticFieldStrength": 3.0,
    "Manufacturer": "SIEMENS",
    "ManufacturersModelName": "Verio",
    "MultibandAccelerationFactor": 4,
    "RepetitionTime": 2.0,
    "SliceTiming": [
      0.0,
      1.055,
      0.105,
      1.1625,
      0.21,
      1.2675,
      0.315,
      1.3725,
      0.4225,
      1.4775,
      0.5275,
      1.585,
      0.6325,
      1.69,
      0.74,
      1.795,
      0.845,
      1.9,
      0.95,
      0.0,
      1.055,
      0.105,
      1.1625,
      0.21,
      1.2675,
      0.315,
      1.3725,
      0.4225,
      1.4775,
      0.5275,
      1.585,
      0.6325,
      1.69,
      0.74,
      1.795,
      0.845,
      1.9,
      0.95,
      0.0,
      1.055,
      0.105,
      1.1625,
      0.21,
      1.2675,
      0.315,
      1.3725,
      0.4225,
      1.4775,
      0.5275,
      1.585,
      0.6325,
      1.69,
      0.74,
      1.795,
      0.845,
      1.9,
      0.95,
      0.0,
      1.055,
      0.105,
      1.1625,
      0.21,
      1.2675,
      0.315,
      1.3725,
      0.4225,
      1.4775,
      0.5275,
      1.585,
      0.6325,
      1.69,
      0.74,
      1.795,
      0.845,
      1.9,
      0.95
    ],
    "TaskName": "perception",
    "dataset": "ds001506",
    "modality": "bold",
    "run_id": 4,
    "session_id": "perceptionNaturalImageTest02",
    "subject_id": "01",
    "task_id": "perception"
  },
  "dummy_trs": 0,
  "dvars_nstd": 44.724503557016824,
  "dvars_std": 1.2262467318067232,
  "dvars_vstd": 0.9971915278991598,
  "efc": 0.5650396968884511,
  "fber": 1104.53369140625,
  "fd_mean": 0.21420462395120365,
  "fd_num": 103,
  "fd_perc": 43.09623430962343,
  "fwhm_avg": 1.88085,
  "fwhm_x": 1.76675,
  "fwhm_y": 2.06627,
  "fwhm_z": 1.80953,
  "gcor": 0.0272315,
  "gsr_x": -0.007162871770560741,
  "gsr_y": 0.03499772399663925,
  "provenance": {
    "md5sum": "23f2b146b99cc045f0ca3c40235090f1",
    "settings": {
      "fd_thres": 0.2,
      "testing": false
    },
    "software": "mriqc",
    "version": "23.1.0"
  },
  "size_t": 239,
  "size_x": 96,
  "size_y": 96,
  "size_z": 76,
  "snr": 3.9071441868661654,
  "spacing_tr": 2.0,
  "spacing_x": 2.0,
  "spacing_y": 2.0,
  "spacing_z": 2.0,
  "summary_bg_k": 13.28078109384835,
  "summary_bg_mad": 16.339640852122574,
  "summary_bg_mean": 45.18977368130941,
  "summary_bg_median": 17.778242111206055,
  "summary_bg_n": 513352.0,
  "summary_bg_p05": 4.728033542633057,
  "summary_bg_p95": 182.8744659423828,
  "summary_bg_stdv": 64.29603325226667,
  "summary_fg_k": 2.7291549626566525,
  "summary_fg_mad": 112.83594662632002,
  "summary_fg_mean": 597.3795331263442,
  "summary_fg_median": 590.8514404296875,
  "summary_fg_n": 187064.0,
  "summary_fg_p05": 352.02508544921875,
  "summary_fg_p95": 845.849365234375,
  "summary_fg_stdv": 151.2229477318829,
  "tsnr": 29.99125375598669
}