{
  "aor": 0.0007592468619246862,
  "aqi": 0.01629234267782427,
  "bids_meta": {
    "EchoTime": 0.043,
    "FlipAngle": 80.0,
    "MagneticFieldStrength": 3.0,
    "Manufacturer": "SIEMENS",
    "ManufacturersModelName": "Verio",
    "MultibandAccelerationFactor": 4,
    "RepetitionTime": 2.0,
    "SliceTiming": [
      0.0,
      1.0575,
      0.105,
      1.1625,
      0.21,
      1.2675,
      0.3175,
      1.3725,
      0.4225,
      1.48,
      0.5275,
      1.585,
      0.635,
      1.69,
      0.74,
      1.795,
      0.845,
      1.9025,
      0.95,
      0.0,
      1.0575,
      0.105,
      1.1625,
      0.21,
      1.2675,
      0.3175,
      1.3725,
      0.4225,
      1.48,
      0.5275,
      1.585,
      0.635,
      1.69,
      0.74,
      1.795,
      0.845,
      1.9025,
      0.95,
      0.0,
      1.0575,
      0.105,
      1.1625,
      0.21,
      1.2675,
      0.3175,
      1.3725,
      0.4225,
      1.48,
      0.5275,
      1.585,
      0.635,
      1.69,
      0.74,
      1.795,
      0.845,
      1.9025,
      0.95,
      0.0,
      1.0575,
      0.105,
      1.1625,
      0.21,
      1.2675,
      0.3175,
      1.3725,
      0.4225,
      1.48,
      0.5275,
      1.585,
      0.635,
      1.69,
      0.74,
      1.795,
      0.845,
      1.9025,
      0.95
    ],
    "TaskName": "perception",
    "dataset": "ds001506",
    "modality": "bold",
    "run_id": 1,
    "session_id": "perceptionNaturalImageTest02",
    "subject_id": "01",
    "task_id": "perception"
  },
  "dummy_trs": 0,
  "dvars_nstd": 41.296488377352944,
  "dvars_std": 1.2550687260084028,
  "dvars_vstd": 0.9886784301680669,
  "efc": 0.5655585680214529,
  "fber": 1085.685546875,
  "fd_mean": 0.08382732864624604,
  "fd_num": 15,
  "fd_perc": 6.2761506276150625,
  "fwhm_avg": 1.8571466666666667,
  "fwhm_x": 1.74887,
  "fwhm_y": 2.041245,
  "fwhm_z": 1.781325,
  "gcor": 0.0294464,
  "gsr_x": -0.007555031217634678,
  "gsr_y": 0.03639647737145424,
  "provenance": {
    "md5sum": "fb72403c78fd0a87dbdccd64db826556",
    "settings": {
      "fd_thres": 0.2,
      "testing": false
    },
    "software": "mriqc",
    "version": "23.1.0"
  },
  "size_t": 239,
  "size_x": 96,
  "size_y": 96,
  "size_z": 76,
  "snr": 3.946381309699459,
  "spacing_tr": 2.0,
  "spacing_x": 2.0,
  "spacing_y": 2.0,
  "spacing_z": 2.0,
  "summary_bg_k": 13.92349762640211,
  "summary_bg_mad": 15.948830631023306,
  "summary_bg_mean": 44.87320196219829,
  "summary_bg_median": 17.899581909179688,
  "summary_bg_n": 512819.0,
  "summary_bg_p05": 5.276150703430176,
  "summary_bg_p95": 181.88702392578125,
  "summary_bg_stdv": 64.12247952094846,
  "summary_fg_k": 2.571528825315946,
  "summary_fg_mad": 111.2014102571265,
  "summary_fg_mean": 594.6189848198102,
  "summary_fg_median": 589.78662109375,
  "summary_fg_n": 187597.0,
  "summary_fg_p05": 348.4142150878906,
  "summary_fg_p95": 838.82421875,
  "summary_fg_stdv": 149.4495850390774,
  "tsnr": 38.00362335052341
}