{
  "aor": 0.0007971129707112971,
  "aqi": 0.018579780334728034,
  "bids_meta": {
    "EchoTime": 0.043,
    "FlipAngle": 80.0,
    "MagneticFieldStrength": 3.0,
    "Manufacturer": "SIEMENS",
    "ManufacturersModelName": "Verio",
    "MultibandAccelerationFactor": 4,
    "RepetitionTime": 2.0,
    "SliceTiming": [
      0.0,
      1.055,
      0.105,
      1.1625,
      0.21,
      1.2675,
      0.315,
      1.3725,
      0.4225,
      1.4775,
      0.5275,
      1.585,
      0.6325,
      1.69,
      0.7375,
      1.795,
      0.845,
      1.9,
      0.95,
      0.0,
      1.055,
      0.105,
      1.1625,
      0.21,
      1.2675,
      0.315,
      1.3725,
      0.4225,
      1.4775,
      0.5275,
      1.585,
      0.6325,
      1.69,
      0.7375,
      1.795,
      0.845,
      1.9,
      0.95,
      0.0,
      1.055,
      0.105,
      1.1625,
      0.21,
      1.2675,
      0.315,
      1.3725,
      0.4225,
      1.4775,
      0.5275,
      1.585,
      0.6325,
      1.69,
      0.7375,
      1.795,
      0.845,
      1.9,
      0.95,
      0.0,
      1.055,
      0.105,
      1.1625,
      0.21,
      1.2675,
      0.315,
      1.3725,
      0.4225,
      1.4775,
      0.5275,
      1.585,
      0.6325,
      1.69,
      0.7375,
      1.795,
      0.845,
      1.9,
      0.95
    ],
    "TaskName": "perception",
    "dataset": "ds001506",
    "modality": "bold",
    "run_id": 2,
    "session_id": "perceptionNaturalImageTest02",
    "subject_id": "01",
    "task_id": "perception"
  },
  "dummy_trs": 0,
  "dvars_nstd": 42.527885196680685,
  "dvars_std": 1.2532249699579832,
  "dvars_vstd": 0.9812265124789916,
  "efc": 0.5647734557440153,
  "fber": 1125.9052734375,
  "fd_mean": 0.1185729283180119,
  "fd_num": 34,
  "fd_perc": 14.225941422594142,
  "fwhm_avg": 1.860261666666667,
  "fwhm_x": 1.75028,
  "fwhm_y": 2.04088,
  "fwhm_z": 1.789625,
  "gcor": 0.0185367,
  "gsr_x": -0.007187592331320047,
  "gsr_y": 0.0353703573346138,
  "provenance": {
    "md5sum": "dcb67babf1c6bba3576d1b11d0dea32c",
    "settings": {
      "fd_thres": 0.2,
      "testing": false
    },
    "software": "mriqc",
    "version": "23.1.0"
  },
  "size_t": 239,
  "size_x": 96,
  "size_y": 96,
  "size_z": 76,
  "snr": 3.9225525975085467,
  "spacing_tr": 2.0,
  "spacing_x": 2.0,
  "spacing_y": 2.0,
  "spacing_z": 2.0,
  "summary_bg_k": 13.827964261139996,
  "summary_bg_mad": 15.700695507736551,
  "summary_bg_mean": 45.01837444430915,
  "summary_bg_median": 17.615062713623047,
  "summary_bg_n": 513236.0,
  "summary_bg_p05": 5.163179874420166,
  "summary_bg_p95": 183.7489471435547,
  "summary_bg_stdv": 64.64024767064907,
  "summary_fg_k": 2.664412544307477,
  "summary_fg_mad": 112.61266043404936,
  "summary_fg_mean": 597.3928191149383,
  "summary_fg_median": 591.0648498535156,
  "summary_fg_n": 187180.0,
  "summary_fg_p05": 352.864013671875,
  "summary_fg_p95": 845.5439147949219,
  "summary_fg_stdv": 150.68332579129566,
  "tsnr": 35.83052602596581
}