{
  "aor": 0.0008377405857740586,
  "aqi": 0.020999800000000002,
  "bids_meta": {
    "EchoTime": 0.043,
    "FlipAngle": 80.0,
    "MagneticFieldStrength": 3.0,
    "Manufacturer": "SIEMENS",
    "ManufacturersModelName": "Verio",
    "MultibandAccelerationFactor": 4,
    "RepetitionTime": 2.0,
    "SliceTiming": [
      0.0,
      1.0575,
      0.105,
      1.1625,
      0.2125,
      1.2675,
      0.3175,
      1.3725,
      0.4225,
      1.48,
      0.5275,
      1.585,
      0.635,
      1.69,
      0.74,
      1.7975,
      0.845,
      1.9025,
      0.95,
      0.0,
      1.0575,
      0.105,
      1.1625,
      0.2125,
      1.2675,
      0.3175,
      1.3725,
      0.4225,
      1.48,
      0.5275,
      1.585,
      0.635,
      1.69,
      0.74,
      1.7975,
      0.845,
      1.9025,
      0.95,
      0.0,
      1.0575,
      0.105,
      1.1625,
      0.2125,
      1.2675,
      0.3175,
      1.3725,
      0.4225,
      1.48,
      0.5275,
      1.585,
      0.635,
      1.69,
      0.74,
      1.7975,
      0.845,
      1.9025,
      0.95,
      0.0,
      1.0575,
      0.105,
      1.1625,
      0.2125,
      1.2675,
      0.3175,
      1.3725,
      0.4225,
      1.48,
      0.5275,
      1.585,
      0.635,
      1.69,
      0.74,
      1.7975,
      0.845,
      1.9025,
      0.95
    ],
    "TaskName": "perception",
    "dataset": "ds001506",
    "modality": "bold",
    "run_id": 3,
    "session_id": "perceptionNaturalImageTest02",
    "subject_id": "01",
    "task_id": "perception"
  },
  "dummy_trs": 0,
  "dvars_nstd": 43.263224665798305,
  "dvars_std": 1.2504437593277309,
  "dvars_vstd": 0.9794759828991598,
  "efc": 0.5649242188017078,
  "fber": 1138.534423828125,
  "fd_mean": 0.12789254810828118,
  "fd_num": 39,
  "fd_perc": 16.317991631799163,
  "fwhm_avg": 1.8696233333333332,
  "fwhm_x": 1.758025,
  "fwhm_y": 2.051215,
  "fwhm_z": 1.79963,
  "gcor": 0.0284265,
  "gsr_x": -0.0075869373977184296,
  "gsr_y": 0.035860199481248856,
  "provenance": {
    "md5sum": "59d3360a2f9632fa467687879cee5fad",
    "settings": {
      "fd_thres": 0.2,
      "testing": false
    },
    "software": "mriqc",
    "version": "23.1.0"
  },
  "size_t": 239,
  "size_x": 96,
  "size_y": 96,
  "size_z": 76,
  "snr": 3.929086671468924,
  "spacing_tr": 2.0,
  "spacing_x": 2.0,
  "spacing_y": 2.0,
  "spacing_z": 2.0,
  "summary_bg_k": 13.517981730345067,
  "summary_bg_mad": 15.719305518265088,
  "summary_bg_mean": 44.98139381480107,
  "summary_bg_median": 17.510459899902344,
  "summary_bg_n": 513130.0,
  "summary_bg_p05": 5.083682060241699,
  "summary_bg_p95": 183.4351348876953,
  "summary_bg_stdv": 64.42105588913827,
  "summary_fg_k": 2.680888505054541,
  "summary_fg_mad": 112.35516869743084,
  "summary_fg_mean": 597.15267598415,
  "summary_fg_median": 590.8410034179688,
  "summary_fg_n": 187286.0,
  "summary_fg_p05": 352.1087646484375,
  "summary_fg_p95": 844.0167236328125,
  "summary_fg_stdv": 150.37576807096784,
  "tsnr": 33.579618437215686
}