{
  "aor": 0.0028930125523012554,
  "aqi": 0.017110044351464435,
  "bids_meta": {
    "EchoTime": 0.043,
    "FlipAngle": 80.0,
    "MagneticFieldStrength": 3.0,
    "Manufacturer": "SIEMENS",
    "ManufacturersModelName": "Verio",
    "MultibandAccelerationFactor": 4,
    "RepetitionTime": 2.0,
    "SliceTiming": [
      0.0,
      1.0575,
      0.1075,
      1.1625,
      0.2125,
      1.27,
      0.3175,
      1.375,
      0.425,
      1.48,
      0.53,
      1.585,
      0.635,
      1.6925,
      0.74,
      1.7975,
      0.8475,
      1.9025,
      0.9525,
      0.0,
      1.0575,
      0.1075,
      1.1625,
      0.2125,
      1.27,
      0.3175,
      1.375,
      0.425,
      1.48,
      0.53,
      1.585,
      0.635,
      1.6925,
      0.74,
      1.7975,
      0.8475,
      1.9025,
      0.9525,
      0.0,
      1.0575,
      0.1075,
      1.1625,
      0.2125,
      1.27,
      0.3175,
      1.375,
      0.425,
      1.48,
      0.53,
      1.585,
      0.635,
      1.6925,
      0.74,
      1.7975,
      0.8475,
      1.9025,
      0.9525,
      0.0,
      1.0575,
      0.1075,
      1.1625,
      0.2125,
      1.27,
      0.3175,
      1.375,
      0.425,
      1.48,
      0.53,
      1.585,
      0.635,
      1.6925,
      0.74,
      1.7975,
      0.8475,
      1.9025,
      0.9525
    ],
    "TaskName": "perception",
    "dataset": "ds001506",
    "modality": "bold",
    "run_id": 3,
    "session_id": "perceptionNaturalImageTraining10",
    "subject_id": "03",
    "task_id": "perception"
  },
  "dummy_trs": 0,
  "dvars_nstd": 40.925388560504196,
  "dvars_std": 1.2599348261764707,
  "dvars_vstd": 1.0368085415546215,
  "efc": 0.5282869318343176,
  "fber": 1358.1785888671875,
  "fd_mean": 0.13039899124797466,
  "fd_num": 27,
  "fd_perc": 11.297071129707113,
  "fwhm_avg": 1.85839,
  "fwhm_x": 1.748995,
  "fwhm_y": 2.033235,
  "fwhm_z": 1.79294,
  "gcor": 0.0320107,
  "gsr_x": -0.02669178880751133,
  "gsr_y": 0.039763253182172775,
  "provenance": {
    "md5sum": "273be5f99a74dbd4de6caa3b8ee1c9dc",
    "settings": {
      "fd_thres": 0.2,
      "testing": false
    },
    "software": "mriqc",
    "version": "23.1.0"
  },
  "size_t": 239,
  "size_x": 96,
  "size_y": 96,
  "size_z": 76,
  "snr": 4.345558141933347,
  "spacing_tr": 2.0,
  "spacing_x": 2.0,
  "spacing_y": 2.0,
  "spacing_z": 2.0,
  "summary_bg_k": 16.88658382255055,
  "summary_bg_mad": 11.364548915390964,
  "summary_bg_mean": 37.593413723114615,
  "summary_bg_median": 14.677824020385742,
  "summary_bg_n": 545568.0,
  "summary_bg_p05": 5.476987361907959,
  "summary_bg_p95": 157.92886352539062,
  "summary_bg_stdv": 56.66665395016664,
  "summary_fg_k": 3.943687987961627,
  "summary_fg_mad": 88.05050060284076,
  "summary_fg_mean": 540.0295437318243,
  "summary_fg_median": 540.9288330078125,
  "summary_fg_n": 154848.0,
  "summary_fg_p05": 325.7489318847656,
  "summary_fg_p95": 717.489501953125,
  "summary_fg_stdv": 124.47816107685887,
  "tsnr": 41.19338303664699
}