{
  "aor": 0.0004863829787234043,
  "aqi": 0.018241223829787236,
  "bids_meta": {
    "EchoTime": 0.043,
    "FlipAngle": 80.0,
    "MagneticFieldStrength": 3.0,
    "Manufacturer": "SIEMENS",
    "ManufacturersModelName": "Verio",
    "MultibandAccelerationFactor": 4,
    "RepetitionTime": 2.0,
    "SliceTiming": [
      0.0,
      1.055,
      0.105,
      1.1625,
      0.21,
      1.2675,
      0.315,
      1.3725,
      0.4225,
      1.4775,
      0.5275,
      1.585,
      0.6325,
      1.69,
      0.7375,
      1.795,
      0.845,
      1.9,
      0.95,
      0.0,
      1.055,
      0.105,
      1.1625,
      0.21,
      1.2675,
      0.315,
      1.3725,
      0.4225,
      1.4775,
      0.5275,
      1.585,
      0.6325,
      1.69,
      0.7375,
      1.795,
      0.845,
      1.9,
      0.95,
      0.0,
      1.055,
      0.105,
      1.1625,
      0.21,
      1.2675,
      0.315,
      1.3725,
      0.4225,
      1.4775,
      0.5275,
      1.585,
      0.6325,
      1.69,
      0.7375,
      1.795,
      0.845,
      1.9,
      0.95,
      0.0,
      1.055,
      0.105,
      1.1625,
      0.21,
      1.2675,
      0.315,
      1.3725,
      0.4225,
      1.4775,
      0.5275,
      1.585,
      0.6325,
      1.69,
      0.7375,
      1.795,
      0.845,
      1.9,
      0.95
    ],
    "TaskName": "perception",
    "dataset": "ds001506",
    "modality": "bold",
    "run_id": 6,
    "session_id": "perceptionNaturalImageTraining07",
    "subject_id": "02",
    "task_id": "perception"
  },
  "dummy_trs": 4,
  "dvars_nstd": 44.63707561978635,
  "dvars_std": 1.2632296341452998,
  "dvars_vstd": 0.9903932209829064,
  "efc": 0.5599538061371707,
  "fber": 1034.5283203125,
  "fd_mean": 0.09972523299252838,
  "fd_num": 9,
  "fd_perc": 3.8297872340425534,
  "fwhm_avg": 1.8577166666666667,
  "fwhm_x": 1.757255,
  "fwhm_y": 2.038745,
  "fwhm_z": 1.77715,
  "gcor": 0.026418,
  "gsr_x": -0.01945612020790577,
  "gsr_y": 0.05249352380633354,
  "provenance": {
    "md5sum": "aa855fcbf1e83f2343161fbb3396dcbd",
    "settings": {
      "fd_thres": 0.2,
      "testing": false
    },
    "software": "mriqc",
    "version": "23.1.0"
  },
  "size_t": 235,
  "size_x": 96,
  "size_y": 96,
  "size_z": 76,
  "snr": 4.434665363310012,
  "spacing_tr": 2.0,
  "spacing_x": 2.0,
  "spacing_y": 2.0,
  "spacing_z": 2.0,
  "summary_bg_k": 22.357806744829276,
  "summary_bg_mad": 14.062639185556339,
  "summary_bg_mean": 42.164950606429066,
  "summary_bg_median": 16.46808433532715,
  "summary_bg_n": 527204.0,
  "summary_bg_p05": 5.612765789031982,
  "summary_bg_p95": 171.3446807861328,
  "summary_bg_stdv": 63.22650288335442,
  "summary_fg_k": 3.406884811915403,
  "summary_fg_mad": 86.83629426935026,
  "summary_fg_mean": 520.4189501723288,
  "summary_fg_median": 529.6808471679688,
  "summary_fg_n": 173212.0,
  "summary_fg_p05": 296.9319152832031,
  "summary_fg_p95": 680.5531616210938,
  "summary_fg_stdv": 119.44065104713881,
  "tsnr": 38.74522946868092
}