{
  "aor": 0.0009001673640167364,
  "aqi": 0.015855256903765692,
  "bids_meta": {
    "EchoTime": 0.043,
    "FlipAngle": 80.0,
    "MagneticFieldStrength": 3.0,
    "Manufacturer": "SIEMENS",
    "ManufacturersModelName": "Verio",
    "MultibandAccelerationFactor": 4,
    "RepetitionTime": 2.0,
    "SliceTiming": [
      0.0,
      1.0575,
      0.105,
      1.1625,
      0.2125,
      1.2675,
      0.3175,
      1.375,
      0.4225,
      1.48,
      0.5275,
      1.585,
      0.635,
      1.69,
      0.74,
      1.7975,
      0.845,
      1.9025,
      0.9525,
      0.0,
      1.0575,
      0.105,
      1.1625,
      0.2125,
      1.2675,
      0.3175,
      1.375,
      0.4225,
      1.48,
      0.5275,
      1.585,
      0.635,
      1.69,
      0.74,
      1.7975,
      0.845,
      1.9025,
      0.9525,
      0.0,
      1.0575,
      0.105,
      1.1625,
      0.2125,
      1.2675,
      0.3175,
      1.375,
      0.4225,
      1.48,
      0.5275,
      1.585,
      0.635,
      1.69,
      0.74,
      1.7975,
      0.845,
      1.9025,
      0.9525,
      0.0,
      1.0575,
      0.105,
      1.1625,
      0.2125,
      1.2675,
      0.3175,
      1.375,
      0.4225,
      1.48,
      0.5275,
      1.585,
      0.635,
      1.69,
      0.74,
      1.7975,
      0.845,
      1.9025,
      0.9525
    ],
    "TaskName": "perception",
    "dataset": "ds001506",
    "modality": "bold",
    "run_id": 7,
    "session_id": "perceptionNaturalImageTest03",
    "subject_id": "03",
    "task_id": "perception"
  },
  "dummy_trs": 0,
  "dvars_nstd": 34.71622741134452,
  "dvars_std": 1.1621097758403356,
  "dvars_vstd": 0.994811895168067,
  "efc": 0.5252320942941313,
  "fber": 1227.6815185546875,
  "fd_mean": 0.09188341451609928,
  "fd_num": 8,
  "fd_perc": 3.3472803347280333,
  "fwhm_avg": 1.8348833333333332,
  "fwhm_x": 1.735565,
  "fwhm_y": 2.00941,
  "fwhm_z": 1.759675,
  "gcor": 0.0179436,
  "gsr_x": -0.021768171340227127,
  "gsr_y": 0.03060547262430191,
  "provenance": {
    "md5sum": "5c87d2eb2909864b0cc3d23d63b9a3b9",
    "settings": {
      "fd_thres": 0.2,
      "testing": false
    },
    "software": "mriqc",
    "version": "23.1.0"
  },
  "size_t": 239,
  "size_x": 96,
  "size_y": 96,
  "size_z": 76,
  "snr": 4.4489530451708434,
  "spacing_tr": 2.0,
  "spacing_x": 2.0,
  "spacing_y": 2.0,
  "spacing_z": 2.0,
  "summary_bg_k": 15.126810040432304,
  "summary_bg_mad": 13.597757248413636,
  "summary_bg_mean": 39.002172283924615,
  "summary_bg_median": 16.3933048248291,
  "summary_bg_n": 548614.0,
  "summary_bg_p05": 5.225941181182861,
  "summary_bg_p95": 159.71128845214844,
  "summary_bg_stdv": 56.61343300666551,
  "summary_fg_k": 3.568414900072982,
  "summary_fg_mad": 89.00264541138054,
  "summary_fg_mean": 569.276356074753,
  "summary_fg_median": 574.393310546875,
  "summary_fg_n": 151802.0,
  "summary_fg_p05": 339.2008361816406,
  "summary_fg_p95": 748.5438842773438,
  "summary_fg_stdv": 129.10709841073475,
  "tsnr": 44.84539817785844
}