{
  "aor": 0.0018989121338912134,
  "aqi": 0.014139141422594143,
  "bids_meta": {
    "EchoTime": 0.043,
    "FlipAngle": 80.0,
    "MagneticFieldStrength": 3.0,
    "Manufacturer": "SIEMENS",
    "ManufacturersModelName": "Verio",
    "MultibandAccelerationFactor": 4,
    "RepetitionTime": 2.0,
    "SliceTiming": [
      0.0,
      1.0575,
      0.105,
      1.1625,
      0.21,
      1.2675,
      0.3175,
      1.3725,
      0.4225,
      1.48,
      0.5275,
      1.585,
      0.6325,
      1.69,
      0.74,
      1.795,
      0.845,
      1.9025,
      0.95,
      0.0,
      1.0575,
      0.105,
      1.1625,
      0.21,
      1.2675,
      0.3175,
      1.3725,
      0.4225,
      1.48,
      0.5275,
      1.585,
      0.6325,
      1.69,
      0.74,
      1.795,
      0.845,
      1.9025,
      0.95,
      0.0,
      1.0575,
      0.105,
      1.1625,
      0.21,
      1.2675,
      0.3175,
      1.3725,
      0.4225,
      1.48,
      0.5275,
      1.585,
      0.6325,
      1.69,
      0.74,
      1.795,
      0.845,
      1.9025,
      0.95,
      0.0,
      1.0575,
      0.105,
      1.1625,
      0.21,
      1.2675,
      0.3175,
      1.3725,
      0.4225,
      1.48,
      0.5275,
      1.585,
      0.6325,
      1.69,
      0.74,
      1.795,
      0.845,
      1.9025,
      0.95
    ],
    "TaskName": "perception",
    "dataset": "ds001506",
    "modality": "bold",
    "run_id": 4,
    "session_id": "perceptionNaturalImageTest03",
    "subject_id": "03",
    "task_id": "perception"
  },
  "dummy_trs": 0,
  "dvars_nstd": 35.0392017605042,
  "dvars_std": 1.1948859486134447,
  "dvars_vstd": 1.0261191628571427,
  "efc": 0.5240316683721415,
  "fber": 1268.1878662109375,
  "fd_mean": 0.08434892277073969,
  "fd_num": 8,
  "fd_perc": 3.3472803347280333,
  "fwhm_avg": 1.8351933333333335,
  "fwhm_x": 1.74046,
  "fwhm_y": 2.00664,
  "fwhm_z": 1.75848,
  "gcor": 0.0299699,
  "gsr_x": -0.02199886552989483,
  "gsr_y": 0.030613625422120094,
  "provenance": {
    "md5sum": "e2e787a1ea846480cb51a9c117d6d848",
    "settings": {
      "fd_thres": 0.2,
      "testing": false
    },
    "software": "mriqc",
    "version": "23.1.0"
  },
  "size_t": 239,
  "size_x": 96,
  "size_y": 96,
  "size_z": 76,
  "snr": 4.419401630462802,
  "spacing_tr": 2.0,
  "spacing_x": 2.0,
  "spacing_y": 2.0,
  "spacing_z": 2.0,
  "summary_bg_k": 15.543464464342609,
  "summary_bg_mad": 13.405451449752663,
  "summary_bg_mean": 38.86585819041985,
  "summary_bg_median": 16.192468643188477,
  "summary_bg_n": 548606.0,
  "summary_bg_p05": 5.167364120483398,
  "summary_bg_p95": 160.1882781982422,
  "summary_bg_stdv": 57.001472773056065,
  "summary_fg_k": 3.601970676144437,
  "summary_fg_mad": 89.97967520588769,
  "summary_fg_mean": 572.150024360981,
  "summary_fg_median": 576.64013671875,
  "summary_fg_n": 151810.0,
  "summary_fg_p05": 341.38909912109375,
  "summary_fg_p95": 754.7740478515625,
  "summary_fg_stdv": 130.47880362904715,
  "tsnr": 46.81624012161046
}