{
  "aor": 0.0005532635983263597,
  "aqi": 0.015392100836820083,
  "bids_meta": {
    "EchoTime": 0.043,
    "FlipAngle": 80.0,
    "MagneticFieldStrength": 3.0,
    "Manufacturer": "SIEMENS",
    "ManufacturersModelName": "Verio",
    "MultibandAccelerationFactor": 4,
    "RepetitionTime": 2.0,
    "SliceTiming": [
      0.0,
      1.055,
      0.105,
      1.1625,
      0.21,
      1.2675,
      0.3175,
      1.3725,
      0.4225,
      1.4775,
      0.5275,
      1.585,
      0.6325,
      1.69,
      0.74,
      1.795,
      0.845,
      1.9,
      0.95,
      0.0,
      1.055,
      0.105,
      1.1625,
      0.21,
      1.2675,
      0.3175,
      1.3725,
      0.4225,
      1.4775,
      0.5275,
      1.585,
      0.6325,
      1.69,
      0.74,
      1.795,
      0.845,
      1.9,
      0.95,
      0.0,
      1.055,
      0.105,
      1.1625,
      0.21,
      1.2675,
      0.3175,
      1.3725,
      0.4225,
      1.4775,
      0.5275,
      1.585,
      0.6325,
      1.69,
      0.74,
      1.795,
      0.845,
      1.9,
      0.95,
      0.0,
      1.055,
      0.105,
      1.1625,
      0.21,
      1.2675,
      0.3175,
      1.3725,
      0.4225,
      1.4775,
      0.5275,
      1.585,
      0.6325,
      1.69,
      0.74,
      1.795,
      0.845,
      1.9,
      0.95
    ],
    "TaskName": "perception",
    "dataset": "ds001506",
    "modality": "bold",
    "run_id": 8,
    "session_id": "perceptionNaturalImageTest03",
    "subject_id": "03",
    "task_id": "perception"
  },
  "dummy_trs": 0,
  "dvars_nstd": 36.05397698890756,
  "dvars_std": 1.1945903631512604,
  "dvars_vstd": 1.003189616680672,
  "efc": 0.525039674163856,
  "fber": 1222.0545654296875,
  "fd_mean": 0.08883674986503164,
  "fd_num": 2,
  "fd_perc": 0.8368200836820083,
  "fwhm_avg": 1.8422450000000001,
  "fwhm_x": 1.742755,
  "fwhm_y": 2.013015,
  "fwhm_z": 1.770965,
  "gcor": 0.0162723,
  "gsr_x": -0.021364262327551842,
  "gsr_y": 0.030903179198503494,
  "provenance": {
    "md5sum": "226256feb3d15a9fd593e8d321745547",
    "settings": {
      "fd_thres": 0.2,
      "testing": false
    },
    "software": "mriqc",
    "version": "23.1.0"
  },
  "size_t": 239,
  "size_x": 96,
  "size_y": 96,
  "size_z": 76,
  "snr": 4.44173597413832,
  "spacing_tr": 2.0,
  "spacing_x": 2.0,
  "spacing_y": 2.0,
  "spacing_z": 2.0,
  "summary_bg_k": 16.303844630561148,
  "summary_bg_mad": 13.579147944844928,
  "summary_bg_mean": 38.8750135125582,
  "summary_bg_median": 16.397489547729492,
  "summary_bg_n": 548597.0,
  "summary_bg_p05": 5.230125427246094,
  "summary_bg_p95": 158.7489471435547,
  "summary_bg_stdv": 56.616095959793434,
  "summary_fg_k": 3.5339754999149227,
  "summary_fg_mad": 88.99332485300005,
  "summary_fg_mean": 568.0698096700469,
  "summary_fg_median": 573.2217407226562,
  "summary_fg_n": 151819.0,
  "summary_fg_p05": 337.7322082519531,
  "summary_fg_p95": 746.761474609375,
  "summary_fg_stdv": 129.05311261435156,
  "tsnr": 45.359467945760116
}