{
  "aor": 0.0024038766519823788,
  "aqi": 0.04546600264317181,
  "bids_meta": {
    "EchoTime": 0.043,
    "FlipAngle": 80.0,
    "MagneticFieldStrength": 3.0,
    "Manufacturer": "SIEMENS",
    "ManufacturersModelName": "Verio",
    "MultibandAccelerationFactor": 4,
    "RepetitionTime": 2.0,
    "SliceTiming": [
      0.0,
      1.0575,
      0.1075,
      1.1625,
      0.2125,
      1.27,
      0.3175,
      1.375,
      0.4225,
      1.48,
      0.53,
      1.585,
      0.635,
      1.6925,
      0.74,
      1.7975,
      0.8475,
      1.9025,
      0.9525,
      0.0,
      1.0575,
      0.1075,
      1.1625,
      0.2125,
      1.27,
      0.3175,
      1.375,
      0.4225,
      1.48,
      0.53,
      1.585,
      0.635,
      1.6925,
      0.74,
      1.7975,
      0.8475,
      1.9025,
      0.9525,
      0.0,
      1.0575,
      0.1075,
      1.1625,
      0.2125,
      1.27,
      0.3175,
      1.375,
      0.4225,
      1.48,
      0.53,
      1.585,
      0.635,
      1.6925,
      0.74,
      1.7975,
      0.8475,
      1.9025,
      0.9525,
      0.0,
      1.0575,
      0.1075,
      1.1625,
      0.2125,
      1.27,
      0.3175,
      1.375,
      0.4225,
      1.48,
      0.53,
      1.585,
      0.635,
      1.6925,
      0.74,
      1.7975,
      0.8475,
      1.9025,
      0.9525
    ],
    "TaskName": "imagery",
    "dataset": "ds001506",
    "modality": "bold",
    "run_id": 1,
    "session_id": "imagery04",
    "subject_id": "01",
    "task_id": "imagery"
  },
  "dummy_trs": 0,
  "dvars_nstd": 49.331567485752224,
  "dvars_std": 1.143971303628318,
  "dvars_vstd": 0.9781876811946899,
  "efc": 0.577602403627685,
  "fber": 812.5057373046875,
  "fd_mean": 0.2994903027727883,
  "fd_num": 152,
  "fd_perc": 66.96035242290749,
  "fwhm_avg": 1.937515,
  "fwhm_x": 1.818585,
  "fwhm_y": 2.0634,
  "fwhm_z": 1.93056,
  "gcor": 0.0107955,
  "gsr_x": -0.015523038804531097,
  "gsr_y": 0.02381172776222229,
  "provenance": {
    "md5sum": "2e5ea70efaa618ae9951d6a77d2b046f",
    "settings": {
      "fd_thres": 0.2,
      "testing": false
    },
    "software": "mriqc",
    "version": "23.1.0"
  },
  "size_t": 227,
  "size_x": 96,
  "size_y": 96,
  "size_z": 76,
  "snr": 3.9622966828744173,
  "spacing_tr": 2.0,
  "spacing_x": 2.0,
  "spacing_y": 2.0,
  "spacing_z": 2.0,
  "summary_bg_k": 11.01797254151331,
  "summary_bg_mad": 19.541611084456697,
  "summary_bg_mean": 49.99083080084231,
  "summary_bg_median": 20.61673927307129,
  "summary_bg_n": 512423.0,
  "summary_bg_p05": 5.537444591522217,
  "summary_bg_p95": 191.48898315429688,
  "summary_bg_stdv": 66.50985732309474,
  "summary_fg_k": 2.452397621994831,
  "summary_fg_mad": 110.20899701674864,
  "summary_fg_mean": 594.3172270585768,
  "summary_fg_median": 587.6695556640625,
  "summary_fg_n": 187993.0,
  "summary_fg_p05": 351.8898620605469,
  "summary_fg_p95": 840.6784057617188,
  "summary_fg_stdv": 148.31498993824002,
  "tsnr": 23.03343606274575
}