{
  "aor": 0.0015083263598326358,
  "aqi": 0.029511478242677823,
  "bids_meta": {
    "EchoTime": 0.043,
    "FlipAngle": 80.0,
    "MagneticFieldStrength": 3.0,
    "Manufacturer": "SIEMENS",
    "ManufacturersModelName": "Verio",
    "MultibandAccelerationFactor": 4,
    "RepetitionTime": 2.0,
    "SliceTiming": [
      0.0,
      1.055,
      0.105,
      1.1625,
      0.21,
      1.2675,
      0.315,
      1.3725,
      0.4225,
      1.4775,
      0.5275,
      1.585,
      0.6325,
      1.69,
      0.7375,
      1.795,
      0.845,
      1.9,
      0.95,
      0.0,
      1.055,
      0.105,
      1.1625,
      0.21,
      1.2675,
      0.315,
      1.3725,
      0.4225,
      1.4775,
      0.5275,
      1.585,
      0.6325,
      1.69,
      0.7375,
      1.795,
      0.845,
      1.9,
      0.95,
      0.0,
      1.055,
      0.105,
      1.1625,
      0.21,
      1.2675,
      0.315,
      1.3725,
      0.4225,
      1.4775,
      0.5275,
      1.585,
      0.6325,
      1.69,
      0.7375,
      1.795,
      0.845,
      1.9,
      0.95,
      0.0,
      1.055,
      0.105,
      1.1625,
      0.21,
      1.2675,
      0.315,
      1.3725,
      0.4225,
      1.4775,
      0.5275,
      1.585,
      0.6325,
      1.69,
      0.7375,
      1.795,
      0.845,
      1.9,
      0.95
    ],
    "TaskName": "perception",
    "dataset": "ds001506",
    "modality": "bold",
    "run_id": 2,
    "session_id": "perceptionNaturalImageTest01",
    "subject_id": "01",
    "task_id": "perception"
  },
  "dummy_trs": 0,
  "dvars_nstd": 46.93803168516806,
  "dvars_std": 1.2170099767647053,
  "dvars_vstd": 0.98420009697479,
  "efc": 0.5672202994235933,
  "fber": 1005.37939453125,
  "fd_mean": 0.20880499596458782,
  "fd_num": 101,
  "fd_perc": 42.25941422594142,
  "fwhm_avg": 1.9206683333333334,
  "fwhm_x": 1.80558,
  "fwhm_y": 2.116995,
  "fwhm_z": 1.83943,
  "gcor": 0.0419854,
  "gsr_x": -0.011277532204985619,
  "gsr_y": 0.03180776163935661,
  "provenance": {
    "md5sum": "5910d746ebc587702d5634d8b4d064b6",
    "settings": {
      "fd_thres": 0.2,
      "testing": false
    },
    "software": "mriqc",
    "version": "23.1.0"
  },
  "size_t": 239,
  "size_x": 96,
  "size_y": 96,
  "size_z": 76,
  "snr": 3.8747587255401443,
  "spacing_tr": 2.0,
  "spacing_x": 2.0,
  "spacing_y": 2.0,
  "spacing_z": 2.0,
  "summary_bg_k": 13.179113443965623,
  "summary_bg_mad": 17.57410865430125,
  "summary_bg_mean": 46.30985745413568,
  "summary_bg_median": 18.753137588500977,
  "summary_bg_n": 512603.0,
  "summary_bg_p05": 4.53556489944458,
  "summary_bg_p95": 187.3849334716797,
  "summary_bg_stdv": 65.58202075996479,
  "summary_fg_k": 2.757573278803643,
  "summary_fg_mad": 114.97922259954422,
  "summary_fg_mean": 600.622326204857,
  "summary_fg_median": 594.6192016601562,
  "summary_fg_n": 187813.0,
  "summary_fg_p05": 349.6401672363281,
  "summary_fg_p95": 853.1757202148438,
  "summary_fg_stdv": 153.45926308392882,
  "tsnr": 27.977413687622175
}