{
  "aor": 0.002590209205020921,
  "aqi": 0.025413483263598328,
  "bids_meta": {
    "EchoTime": 0.043,
    "FlipAngle": 80.0,
    "MagneticFieldStrength": 3.0,
    "Manufacturer": "SIEMENS",
    "ManufacturersModelName": "Verio",
    "MultibandAccelerationFactor": 4,
    "RepetitionTime": 2.0,
    "SliceTiming": [
      0.0,
      1.055,
      0.105,
      1.1625,
      0.21,
      1.2675,
      0.3175,
      1.3725,
      0.4225,
      1.4775,
      0.5275,
      1.585,
      0.6325,
      1.69,
      0.74,
      1.795,
      0.845,
      1.9025,
      0.95,
      0.0,
      1.055,
      0.105,
      1.1625,
      0.21,
      1.2675,
      0.3175,
      1.3725,
      0.4225,
      1.4775,
      0.5275,
      1.585,
      0.6325,
      1.69,
      0.74,
      1.795,
      0.845,
      1.9025,
      0.95,
      0.0,
      1.055,
      0.105,
      1.1625,
      0.21,
      1.2675,
      0.3175,
      1.3725,
      0.4225,
      1.4775,
      0.5275,
      1.585,
      0.6325,
      1.69,
      0.74,
      1.795,
      0.845,
      1.9025,
      0.95,
      0.0,
      1.055,
      0.105,
      1.1625,
      0.21,
      1.2675,
      0.3175,
      1.3725,
      0.4225,
      1.4775,
      0.5275,
      1.585,
      0.6325,
      1.69,
      0.74,
      1.795,
      0.845,
      1.9025,
      0.95
    ],
    "TaskName": "perception",
    "dataset": "ds001506",
    "modality": "bold",
    "run_id": 8,
    "session_id": "perceptionNaturalImageTest02",
    "subject_id": "01",
    "task_id": "perception"
  },
  "dummy_trs": 0,
  "dvars_nstd": 45.09147607163867,
  "dvars_std": 1.265089096470588,
  "dvars_vstd": 1.0167467875630252,
  "efc": 0.5646180111422656,
  "fber": 1151.8948974609375,
  "fd_mean": 0.15961307419645362,
  "fd_num": 63,
  "fd_perc": 26.359832635983263,
  "fwhm_avg": 1.8758216666666667,
  "fwhm_x": 1.759255,
  "fwhm_y": 2.064035,
  "fwhm_z": 1.804175,
  "gcor": 0.0201034,
  "gsr_x": -0.006321440450847149,
  "gsr_y": 0.03651045635342598,
  "provenance": {
    "md5sum": "227efc808cfbb8e8ff0da6b8f3a80fb9",
    "settings": {
      "fd_thres": 0.2,
      "testing": false
    },
    "software": "mriqc",
    "version": "23.1.0"
  },
  "size_t": 239,
  "size_x": 96,
  "size_y": 96,
  "size_z": 76,
  "snr": 3.949449203472638,
  "spacing_tr": 2.0,
  "spacing_x": 2.0,
  "spacing_y": 2.0,
  "spacing_z": 2.0,
  "summary_bg_k": 13.597451044107398,
  "summary_bg_mad": 15.452560384449797,
  "summary_bg_mean": 44.68741745646556,
  "summary_bg_median": 17.380752563476562,
  "summary_bg_n": 513453.0,
  "summary_bg_p05": 5.171547889709473,
  "summary_bg_p95": 180.8242645263672,
  "summary_bg_stdv": 63.5997512679781,
  "summary_fg_k": 2.6501405754480816,
  "summary_fg_mad": 111.55495803957898,
  "summary_fg_mean": 595.2807566140677,
  "summary_fg_median": 589.8953857421875,
  "summary_fg_n": 186963.0,
  "summary_fg_p05": 350.96234130859375,
  "summary_fg_p95": 838.2258911132812,
  "summary_fg_stdv": 149.36103182410133,
  "tsnr": 31.28094768896699
}