{
  "aor": 0.0009807112970711296,
  "aqi": 0.02019335062761506,
  "bids_meta": {
    "EchoTime": 0.043,
    "FlipAngle": 80.0,
    "MagneticFieldStrength": 3.0,
    "Manufacturer": "SIEMENS",
    "ManufacturersModelName": "Verio",
    "MultibandAccelerationFactor": 4,
    "RepetitionTime": 2.0,
    "SliceTiming": [
      0.0,
      1.055,
      0.105,
      1.1625,
      0.21,
      1.2675,
      0.3175,
      1.3725,
      0.4225,
      1.4775,
      0.5275,
      1.585,
      0.6325,
      1.69,
      0.74,
      1.795,
      0.845,
      1.9025,
      0.95,
      0.0,
      1.055,
      0.105,
      1.1625,
      0.21,
      1.2675,
      0.3175,
      1.3725,
      0.4225,
      1.4775,
      0.5275,
      1.585,
      0.6325,
      1.69,
      0.74,
      1.795,
      0.845,
      1.9025,
      0.95,
      0.0,
      1.055,
      0.105,
      1.1625,
      0.21,
      1.2675,
      0.3175,
      1.3725,
      0.4225,
      1.4775,
      0.5275,
      1.585,
      0.6325,
      1.69,
      0.74,
      1.795,
      0.845,
      1.9025,
      0.95,
      0.0,
      1.055,
      0.105,
      1.1625,
      0.21,
      1.2675,
      0.3175,
      1.3725,
      0.4225,
      1.4775,
      0.5275,
      1.585,
      0.6325,
      1.69,
      0.74,
      1.795,
      0.845,
      1.9025,
      0.95
    ],
    "TaskName": "perception",
    "dataset": "ds001506",
    "modality": "bold",
    "run_id": 8,
    "session_id": "perceptionNaturalImageTraining12",
    "subject_id": "01",
    "task_id": "perception"
  },
  "dummy_trs": 0,
  "dvars_nstd": 39.51328350478995,
  "dvars_std": 1.2012592485714284,
  "dvars_vstd": 0.9791851366806725,
  "efc": 0.5685254532200469,
  "fber": 983.730224609375,
  "fd_mean": 0.0854398903833632,
  "fd_num": 22,
  "fd_perc": 9.205020920502092,
  "fwhm_avg": 1.8412366666666669,
  "fwhm_x": 1.73594,
  "fwhm_y": 2.02961,
  "fwhm_z": 1.75816,
  "gcor": 0.0162696,
  "gsr_x": -0.00795822311192751,
  "gsr_y": 0.03455634415149689,
  "provenance": {
    "md5sum": "2f6a2cfa8112c4a6b76138bec77003bd",
    "settings": {
      "fd_thres": 0.2,
      "testing": false
    },
    "software": "mriqc",
    "version": "23.1.0"
  },
  "size_t": 239,
  "size_x": 96,
  "size_y": 96,
  "size_z": 76,
  "snr": 4.001634786331008,
  "spacing_tr": 2.0,
  "spacing_x": 2.0,
  "spacing_y": 2.0,
  "spacing_z": 2.0,
  "summary_bg_k": 12.046166140429582,
  "summary_bg_mad": 16.966179051516352,
  "summary_bg_mean": 46.665570240307424,
  "summary_bg_median": 18.8326358795166,
  "summary_bg_n": 514332.0,
  "summary_bg_p05": 5.359832286834717,
  "summary_bg_p95": 187.35983276367188,
  "summary_bg_stdv": 65.22612228596982,
  "summary_fg_k": 2.7335065801686502,
  "summary_fg_mad": 109.83970382499318,
  "summary_fg_mean": 593.7597510282849,
  "summary_fg_median": 590.6757202148438,
  "summary_fg_n": 186084.0,
  "summary_fg_p05": 347.12969970703125,
  "summary_fg_p95": 829.4351196289062,
  "summary_fg_stdv": 147.60820630337724,
  "tsnr": 36.060929236002266
}