{
  "aor": 0.001026359832635983,
  "aqi": 0.0175178410041841,
  "bids_meta": {
    "EchoTime": 0.043,
    "FlipAngle": 80.0,
    "MagneticFieldStrength": 3.0,
    "Manufacturer": "SIEMENS",
    "ManufacturersModelName": "Verio",
    "MultibandAccelerationFactor": 4,
    "RepetitionTime": 2.0,
    "SliceTiming": [
      0.0,
      1.0575,
      0.1075,
      1.1625,
      0.2125,
      1.27,
      0.3175,
      1.375,
      0.4225,
      1.48,
      0.53,
      1.585,
      0.635,
      1.6925,
      0.74,
      1.7975,
      0.845,
      1.9025,
      0.9525,
      0.0,
      1.0575,
      0.1075,
      1.1625,
      0.2125,
      1.27,
      0.3175,
      1.375,
      0.4225,
      1.48,
      0.53,
      1.585,
      0.635,
      1.6925,
      0.74,
      1.7975,
      0.845,
      1.9025,
      0.9525,
      0.0,
      1.0575,
      0.1075,
      1.1625,
      0.2125,
      1.27,
      0.3175,
      1.375,
      0.4225,
      1.48,
      0.53,
      1.585,
      0.635,
      1.6925,
      0.74,
      1.7975,
      0.845,
      1.9025,
      0.9525,
      0.0,
      1.0575,
      0.1075,
      1.1625,
      0.2125,
      1.27,
      0.3175,
      1.375,
      0.4225,
      1.48,
      0.53,
      1.585,
      0.635,
      1.6925,
      0.74,
      1.7975,
      0.845,
      1.9025,
      0.9525
    ],
    "TaskName": "perception",
    "dataset": "ds001506",
    "modality": "bold",
    "run_id": 8,
    "session_id": "perceptionNaturalImageTraining02",
    "subject_id": "03",
    "task_id": "perception"
  },
  "dummy_trs": 0,
  "dvars_nstd": 40.425097088697505,
  "dvars_std": 1.240206407478991,
  "dvars_vstd": 1.010325890588235,
  "efc": 0.5262554017992919,
  "fber": 1405.82470703125,
  "fd_mean": 0.100905422609412,
  "fd_num": 12,
  "fd_perc": 5.02092050209205,
  "fwhm_avg": 1.8662066666666668,
  "fwhm_x": 1.763635,
  "fwhm_y": 2.02939,
  "fwhm_z": 1.805595,
  "gcor": 0.0274549,
  "gsr_x": -0.026680145412683487,
  "gsr_y": 0.03595060855150223,
  "provenance": {
    "md5sum": "7e41032ae1fb66bb1f65410d1447862d",
    "settings": {
      "fd_thres": 0.2,
      "testing": false
    },
    "software": "mriqc",
    "version": "23.1.0"
  },
  "size_t": 239,
  "size_x": 96,
  "size_y": 96,
  "size_z": 76,
  "snr": 4.388002570556837,
  "spacing_tr": 2.0,
  "spacing_x": 2.0,
  "spacing_y": 2.0,
  "spacing_z": 2.0,
  "summary_bg_k": 17.550420555753174,
  "summary_bg_mad": 11.922850645166719,
  "summary_bg_mean": 38.543883123024784,
  "summary_bg_median": 15.129706382751465,
  "summary_bg_n": 545692.0,
  "summary_bg_p05": 5.3221755027771,
  "summary_bg_p95": 163.0711212158203,
  "summary_bg_stdv": 58.586656582213585,
  "summary_fg_k": 3.7817389871615372,
  "summary_fg_mad": 90.28983262189891,
  "summary_fg_mean": 564.9463135293877,
  "summary_fg_median": 567.2782287597656,
  "summary_fg_n": 154724.0,
  "summary_fg_p05": 336.8995666503906,
  "summary_fg_p95": 747.18408203125,
  "summary_fg_stdv": 129.27895698355937,
  "tsnr": 42.01506037544459
}