{
  "aor": 0.0022237238493723853,
  "aqi": 0.01933374184100418,
  "bids_meta": {
    "EchoTime": 0.043,
    "FlipAngle": 80.0,
    "MagneticFieldStrength": 3.0,
    "Manufacturer": "SIEMENS",
    "ManufacturersModelName": "Verio",
    "MultibandAccelerationFactor": 4,
    "RepetitionTime": 2.0,
    "SliceTiming": [
      0.0,
      1.055,
      0.105,
      1.1625,
      0.21,
      1.2675,
      0.3175,
      1.3725,
      0.4225,
      1.4775,
      0.5275,
      1.585,
      0.6325,
      1.69,
      0.74,
      1.795,
      0.845,
      1.9025,
      0.95,
      0.0,
      1.055,
      0.105,
      1.1625,
      0.21,
      1.2675,
      0.3175,
      1.3725,
      0.4225,
      1.4775,
      0.5275,
      1.585,
      0.6325,
      1.69,
      0.74,
      1.795,
      0.845,
      1.9025,
      0.95,
      0.0,
      1.055,
      0.105,
      1.1625,
      0.21,
      1.2675,
      0.3175,
      1.3725,
      0.4225,
      1.4775,
      0.5275,
      1.585,
      0.6325,
      1.69,
      0.74,
      1.795,
      0.845,
      1.9025,
      0.95,
      0.0,
      1.055,
      0.105,
      1.1625,
      0.21,
      1.2675,
      0.3175,
      1.3725,
      0.4225,
      1.4775,
      0.5275,
      1.585,
      0.6325,
      1.69,
      0.74,
      1.795,
      0.845,
      1.9025,
      0.95
    ],
    "TaskName": "perception",
    "dataset": "ds001506",
    "modality": "bold",
    "run_id": 7,
    "session_id": "perceptionNaturalImageTraining02",
    "subject_id": "03",
    "task_id": "perception"
  },
  "dummy_trs": 0,
  "dvars_nstd": 41.246378185336134,
  "dvars_std": 1.2479610493277307,
  "dvars_vstd": 1.017951982142857,
  "efc": 0.5259948391944068,
  "fber": 1407.49609375,
  "fd_mean": 0.12120078673330856,
  "fd_num": 16,
  "fd_perc": 6.694560669456067,
  "fwhm_avg": 1.86874,
  "fwhm_x": 1.76001,
  "fwhm_y": 2.034935,
  "fwhm_z": 1.811275,
  "gcor": 0.023867,
  "gsr_x": -0.026761960238218307,
  "gsr_y": 0.036092694848775864,
  "provenance": {
    "md5sum": "67bf3456740353a0e43ef5387e3a853b",
    "settings": {
      "fd_thres": 0.2,
      "testing": false
    },
    "software": "mriqc",
    "version": "23.1.0"
  },
  "size_t": 239,
  "size_x": 96,
  "size_y": 96,
  "size_z": 76,
  "snr": 4.405218975066092,
  "spacing_tr": 2.0,
  "spacing_x": 2.0,
  "spacing_y": 2.0,
  "spacing_z": 2.0,
  "summary_bg_k": 17.59983695848935,
  "summary_bg_mad": 11.904240634638182,
  "summary_bg_mean": 38.410442506224896,
  "summary_bg_median": 15.112970352172852,
  "summary_bg_n": 545784.0,
  "summary_bg_p05": 5.301255226135254,
  "summary_bg_p95": 162.5104522705078,
  "summary_bg_stdv": 58.41457777784781,
  "summary_fg_k": 3.727103376103468,
  "summary_fg_mad": 90.02930944153529,
  "summary_fg_mean": 564.5473487620116,
  "summary_fg_median": 566.9874267578125,
  "summary_fg_n": 154632.0,
  "summary_fg_p05": 338.24267578125,
  "summary_fg_p95": 746.3179931640625,
  "summary_fg_stdv": 128.70769798723302,
  "tsnr": 40.002712100395
}