{
  "aor": 0.0014340585774058575,
  "aqi": 0.019989823430962343,
  "bids_meta": {
    "EchoTime": 0.043,
    "FlipAngle": 80.0,
    "MagneticFieldStrength": 3.0,
    "Manufacturer": "SIEMENS",
    "ManufacturersModelName": "Verio",
    "MultibandAccelerationFactor": 4,
    "RepetitionTime": 2.0,
    "SliceTiming": [
      0.0,
      1.0575,
      0.105,
      1.1625,
      0.2125,
      1.2675,
      0.3175,
      1.375,
      0.4225,
      1.48,
      0.5275,
      1.585,
      0.635,
      1.69,
      0.74,
      1.7975,
      0.845,
      1.9025,
      0.95,
      0.0,
      1.0575,
      0.105,
      1.1625,
      0.2125,
      1.2675,
      0.3175,
      1.375,
      0.4225,
      1.48,
      0.5275,
      1.585,
      0.635,
      1.69,
      0.74,
      1.7975,
      0.845,
      1.9025,
      0.95,
      0.0,
      1.0575,
      0.105,
      1.1625,
      0.2125,
      1.2675,
      0.3175,
      1.375,
      0.4225,
      1.48,
      0.5275,
      1.585,
      0.635,
      1.69,
      0.74,
      1.7975,
      0.845,
      1.9025,
      0.95,
      0.0,
      1.0575,
      0.105,
      1.1625,
      0.2125,
      1.2675,
      0.3175,
      1.375,
      0.4225,
      1.48,
      0.5275,
      1.585,
      0.635,
      1.69,
      0.74,
      1.7975,
      0.845,
      1.9025,
      0.95
    ],
    "TaskName": "perception",
    "dataset": "ds001506",
    "modality": "bold",
    "run_id": 7,
    "session_id": "perceptionNaturalImageTraining10",
    "subject_id": "02",
    "task_id": "perception"
  },
  "dummy_trs": 0,
  "dvars_nstd": 44.16162572567231,
  "dvars_std": 1.2629817309243696,
  "dvars_vstd": 1.0125769626050423,
  "efc": 0.5583318245118859,
  "fber": 948.990478515625,
  "fd_mean": 0.09421047493487544,
  "fd_num": 12,
  "fd_perc": 5.02092050209205,
  "fwhm_avg": 1.8623133333333335,
  "fwhm_x": 1.759825,
  "fwhm_y": 2.045195,
  "fwhm_z": 1.78192,
  "gcor": 0.0202186,
  "gsr_x": -0.01892293244600296,
  "gsr_y": 0.05447765439748764,
  "provenance": {
    "md5sum": "f8efcae4d4983a54076c62a93b35cf24",
    "settings": {
      "fd_thres": 0.2,
      "testing": false
    },
    "software": "mriqc",
    "version": "23.1.0"
  },
  "size_t": 239,
  "size_x": 96,
  "size_y": 96,
  "size_z": 76,
  "snr": 4.394755641192232,
  "spacing_tr": 2.0,
  "spacing_x": 2.0,
  "spacing_y": 2.0,
  "spacing_z": 2.0,
  "summary_bg_k": 24.695005600956684,
  "summary_bg_mad": 14.58408922034573,
  "summary_bg_mean": 41.031003467791535,
  "summary_bg_median": 17.054393768310547,
  "summary_bg_n": 527679.0,
  "summary_bg_p05": 5.619246482849121,
  "summary_bg_p95": 161.42259216308594,
  "summary_bg_stdv": 60.508864174413844,
  "summary_fg_k": 2.950224971176426,
  "summary_fg_mad": 86.89040780247198,
  "summary_fg_mean": 515.4706214115354,
  "summary_fg_median": 525.3723754882812,
  "summary_fg_n": 172737.0,
  "summary_fg_p05": 288.96234130859375,
  "summary_fg_p95": 675.2844848632812,
  "summary_fg_stdv": 119.54495258681206,
  "tsnr": 37.29674024856649
}