{
  "aor": 0.001713849372384937,
  "aqi": 0.018112323430962342,
  "bids_meta": {
    "EchoTime": 0.043,
    "FlipAngle": 80.0,
    "MagneticFieldStrength": 3.0,
    "Manufacturer": "SIEMENS",
    "ManufacturersModelName": "Verio",
    "MultibandAccelerationFactor": 4,
    "RepetitionTime": 2.0,
    "SliceTiming": [
      0.0,
      1.055,
      0.105,
      1.1625,
      0.21,
      1.2675,
      0.3175,
      1.3725,
      0.4225,
      1.4775,
      0.5275,
      1.585,
      0.6325,
      1.69,
      0.74,
      1.795,
      0.845,
      1.9025,
      0.95,
      0.0,
      1.055,
      0.105,
      1.1625,
      0.21,
      1.2675,
      0.3175,
      1.3725,
      0.4225,
      1.4775,
      0.5275,
      1.585,
      0.6325,
      1.69,
      0.74,
      1.795,
      0.845,
      1.9025,
      0.95,
      0.0,
      1.055,
      0.105,
      1.1625,
      0.21,
      1.2675,
      0.3175,
      1.3725,
      0.4225,
      1.4775,
      0.5275,
      1.585,
      0.6325,
      1.69,
      0.74,
      1.795,
      0.845,
      1.9025,
      0.95,
      0.0,
      1.055,
      0.105,
      1.1625,
      0.21,
      1.2675,
      0.3175,
      1.3725,
      0.4225,
      1.4775,
      0.5275,
      1.585,
      0.6325,
      1.69,
      0.74,
      1.795,
      0.845,
      1.9025,
      0.95
    ],
    "TaskName": "perception",
    "dataset": "ds001506",
    "modality": "bold",
    "run_id": 1,
    "session_id": "perceptionNaturalImageTraining10",
    "subject_id": "02",
    "task_id": "perception"
  },
  "dummy_trs": 0,
  "dvars_nstd": 44.041322676260506,
  "dvars_std": 1.268059669621848,
  "dvars_vstd": 1.0169477877731095,
  "efc": 0.558225709513257,
  "fber": 916.4537963867188,
  "fd_mean": 0.07808006019176572,
  "fd_num": 4,
  "fd_perc": 1.6736401673640167,
  "fwhm_avg": 1.8462266666666667,
  "fwhm_x": 1.73974,
  "fwhm_y": 2.031695,
  "fwhm_z": 1.767245,
  "gcor": 0.0250984,
  "gsr_x": -0.021103378385305405,
  "gsr_y": 0.05387315899133682,
  "provenance": {
    "md5sum": "5d8948b9f65a92ac6f94a8698204fc8a",
    "settings": {
      "fd_thres": 0.2,
      "testing": false
    },
    "software": "mriqc",
    "version": "23.1.0"
  },
  "size_t": 239,
  "size_x": 96,
  "size_y": 96,
  "size_z": 76,
  "snr": 4.416980028768539,
  "spacing_tr": 2.0,
  "spacing_x": 2.0,
  "spacing_y": 2.0,
  "spacing_z": 2.0,
  "summary_bg_k": 24.13643602696602,
  "summary_bg_mad": 14.962493710372412,
  "summary_bg_mean": 41.367132570341674,
  "summary_bg_median": 17.56485366821289,
  "summary_bg_n": 527323.0,
  "summary_bg_p05": 5.74476957321167,
  "summary_bg_p95": 164.01254272460938,
  "summary_bg_stdv": 61.105706213856685,
  "summary_fg_k": 3.1003472161872407,
  "summary_fg_mad": 88.19311419514817,
  "summary_fg_mean": 523.53817258464,
  "summary_fg_median": 531.7406005859375,
  "summary_fg_n": 173093.0,
  "summary_fg_p05": 299.46441650390625,
  "summary_fg_p95": 687.2259521484375,
  "summary_fg_stdv": 120.38520915276423,
  "tsnr": 39.30057511758059
}