{
  "aor": 0.002850220264317181,
  "aqi": 0.025098870044052864,
  "bids_meta": {
    "EchoTime": 0.043,
    "FlipAngle": 80.0,
    "MagneticFieldStrength": 3.0,
    "Manufacturer": "SIEMENS",
    "ManufacturersModelName": "Verio",
    "MultibandAccelerationFactor": 4,
    "RepetitionTime": 2.0,
    "SliceTiming": [
      0.0,
      1.055,
      0.105,
      1.1625,
      0.21,
      1.2675,
      0.315,
      1.3725,
      0.4225,
      1.4775,
      0.5275,
      1.585,
      0.6325,
      1.69,
      0.74,
      1.795,
      0.845,
      1.9,
      0.95,
      0.0,
      1.055,
      0.105,
      1.1625,
      0.21,
      1.2675,
      0.315,
      1.3725,
      0.4225,
      1.4775,
      0.5275,
      1.585,
      0.6325,
      1.69,
      0.74,
      1.795,
      0.845,
      1.9,
      0.95,
      0.0,
      1.055,
      0.105,
      1.1625,
      0.21,
      1.2675,
      0.315,
      1.3725,
      0.4225,
      1.4775,
      0.5275,
      1.585,
      0.6325,
      1.69,
      0.74,
      1.795,
      0.845,
      1.9,
      0.95,
      0.0,
      1.055,
      0.105,
      1.1625,
      0.21,
      1.2675,
      0.315,
      1.3725,
      0.4225,
      1.4775,
      0.5275,
      1.585,
      0.6325,
      1.69,
      0.74,
      1.795,
      0.845,
      1.9,
      0.95
    ],
    "TaskName": "imagery",
    "dataset": "ds001506",
    "modality": "bold",
    "run_id": 1,
    "session_id": "imagery02",
    "subject_id": "01",
    "task_id": "imagery"
  },
  "dummy_trs": 0,
  "dvars_nstd": 44.15825858999998,
  "dvars_std": 1.2380075577876104,
  "dvars_vstd": 1.0157217038053108,
  "efc": 0.5717224276395242,
  "fber": 1074.6414794921875,
  "fd_mean": 0.2246875931262512,
  "fd_num": 104,
  "fd_perc": 45.81497797356828,
  "fwhm_avg": 1.844055,
  "fwhm_x": 1.74246,
  "fwhm_y": 1.95904,
  "fwhm_z": 1.830665,
  "gcor": 0.0149965,
  "gsr_x": -0.012600230053067207,
  "gsr_y": 0.026472028344869614,
  "provenance": {
    "md5sum": "6c6254560a48fbb4e4424f76443d2723",
    "settings": {
      "fd_thres": 0.2,
      "testing": false
    },
    "software": "mriqc",
    "version": "23.1.0"
  },
  "size_t": 227,
  "size_x": 96,
  "size_y": 96,
  "size_z": 76,
  "snr": 4.016682457468627,
  "spacing_tr": 2.0,
  "spacing_x": 2.0,
  "spacing_y": 2.0,
  "spacing_z": 2.0,
  "summary_bg_k": 13.72091013593878,
  "summary_bg_mad": 16.935627075562802,
  "summary_bg_mean": 47.53743335454321,
  "summary_bg_median": 18.224668502807617,
  "summary_bg_n": 511361.0,
  "summary_bg_p05": 5.162995338439941,
  "summary_bg_p95": 188.03082275390625,
  "summary_bg_stdv": 66.56837338481377,
  "summary_fg_k": 2.5530253469794566,
  "summary_fg_mad": 110.09787424304716,
  "summary_fg_mean": 602.4001560221838,
  "summary_fg_median": 597.4360961914062,
  "summary_fg_n": 189055.0,
  "summary_fg_p05": 357.2158508300781,
  "summary_fg_p95": 844.4977416992188,
  "summary_fg_stdv": 148.73829894605646,
  "tsnr": 31.696288654580712
}