{
  "aor": 0.0024417621145374456,
  "aqi": 0.03985477356828194,
  "bids_meta": {
    "EchoTime": 0.043,
    "FlipAngle": 80.0,
    "MagneticFieldStrength": 3.0,
    "Manufacturer": "SIEMENS",
    "ManufacturersModelName": "Verio",
    "MultibandAccelerationFactor": 4,
    "RepetitionTime": 2.0,
    "SliceTiming": [
      0.0,
      1.055,
      0.105,
      1.16,
      0.21,
      1.2675,
      0.315,
      1.3725,
      0.4225,
      1.4775,
      0.5275,
      1.5825,
      0.6325,
      1.69,
      0.7375,
      1.795,
      0.845,
      1.9,
      0.95,
      0.0,
      1.055,
      0.105,
      1.16,
      0.21,
      1.2675,
      0.315,
      1.3725,
      0.4225,
      1.4775,
      0.5275,
      1.5825,
      0.6325,
      1.69,
      0.7375,
      1.795,
      0.845,
      1.9,
      0.95,
      0.0,
      1.055,
      0.105,
      1.16,
      0.21,
      1.2675,
      0.315,
      1.3725,
      0.4225,
      1.4775,
      0.5275,
      1.5825,
      0.6325,
      1.69,
      0.7375,
      1.795,
      0.845,
      1.9,
      0.95,
      0.0,
      1.055,
      0.105,
      1.16,
      0.21,
      1.2675,
      0.315,
      1.3725,
      0.4225,
      1.4775,
      0.5275,
      1.5825,
      0.6325,
      1.69,
      0.7375,
      1.795,
      0.845,
      1.9,
      0.95
    ],
    "TaskName": "imagery",
    "dataset": "ds001506",
    "modality": "bold",
    "run_id": 3,
    "session_id": "imagery02",
    "subject_id": "01",
    "task_id": "imagery"
  },
  "dummy_trs": 0,
  "dvars_nstd": 46.68587507398237,
  "dvars_std": 1.1531033445575227,
  "dvars_vstd": 0.9855442588053099,
  "efc": 0.5724160330696964,
  "fber": 1059.8939208984375,
  "fd_mean": 0.2925324057678327,
  "fd_num": 142,
  "fd_perc": 62.55506607929515,
  "fwhm_avg": 1.882085,
  "fwhm_x": 1.765085,
  "fwhm_y": 2.008125,
  "fwhm_z": 1.873045,
  "gcor": 0.018275,
  "gsr_x": -0.012385964393615723,
  "gsr_y": 0.026824042201042175,
  "provenance": {
    "md5sum": "fb16d9bf1fdebb8e4eb8bf1b60d3b154",
    "settings": {
      "fd_thres": 0.2,
      "testing": false
    },
    "software": "mriqc",
    "version": "23.1.0"
  },
  "size_t": 227,
  "size_x": 96,
  "size_y": 96,
  "size_z": 76,
  "snr": 4.065869504168022,
  "spacing_tr": 2.0,
  "spacing_x": 2.0,
  "spacing_y": 2.0,
  "spacing_z": 2.0,
  "summary_bg_k": 13.248398364283776,
  "summary_bg_mad": 16.811531589006194,
  "summary_bg_mean": 47.48839479611161,
  "summary_bg_median": 18.246694564819336,
  "summary_bg_n": 511912.0,
  "summary_bg_p05": 5.361233234405518,
  "summary_bg_p95": 186.2554931640625,
  "summary_bg_stdv": 65.62224994476547,
  "summary_fg_k": 2.525178366727075,
  "summary_fg_mad": 107.93278997302977,
  "summary_fg_mean": 598.5644047027563,
  "summary_fg_median": 594.0396118164062,
  "summary_fg_n": 188504.0,
  "summary_fg_p05": 354.8942565917969,
  "summary_fg_p95": 835.3788452148438,
  "summary_fg_stdv": 146.10356666314584,
  "tsnr": 25.178403020603582
}