{
  "aor": 0.007041718061674009,
  "aqi": 0.02711086475770925,
  "bids_meta": {
    "EchoTime": 0.043,
    "FlipAngle": 80.0,
    "MagneticFieldStrength": 3.0,
    "Manufacturer": "SIEMENS",
    "ManufacturersModelName": "Verio",
    "MultibandAccelerationFactor": 4,
    "RepetitionTime": 2.0,
    "SliceTiming": [
      0.0,
      1.0575,
      0.105,
      1.1625,
      0.2125,
      1.2675,
      0.3175,
      1.375,
      0.4225,
      1.48,
      0.5275,
      1.585,
      0.635,
      1.69,
      0.74,
      1.7975,
      0.845,
      1.9025,
      0.95,
      0.0,
      1.0575,
      0.105,
      1.1625,
      0.2125,
      1.2675,
      0.3175,
      1.375,
      0.4225,
      1.48,
      0.5275,
      1.585,
      0.635,
      1.69,
      0.74,
      1.7975,
      0.845,
      1.9025,
      0.95,
      0.0,
      1.0575,
      0.105,
      1.1625,
      0.2125,
      1.2675,
      0.3175,
      1.375,
      0.4225,
      1.48,
      0.5275,
      1.585,
      0.635,
      1.69,
      0.74,
      1.7975,
      0.845,
      1.9025,
      0.95,
      0.0,
      1.0575,
      0.105,
      1.1625,
      0.2125,
      1.2675,
      0.3175,
      1.375,
      0.4225,
      1.48,
      0.5275,
      1.585,
      0.635,
      1.69,
      0.74,
      1.7975,
      0.845,
      1.9025,
      0.95
    ],
    "TaskName": "imagery",
    "dataset": "ds001506",
    "modality": "bold",
    "run_id": 5,
    "session_id": "imagery02",
    "subject_id": "03",
    "task_id": "imagery"
  },
  "dummy_trs": 0,
  "dvars_nstd": 55.05873828628322,
  "dvars_std": 1.4002487936283183,
  "dvars_vstd": 1.0272132110176988,
  "efc": 0.5328276827887201,
  "fber": 1261.027099609375,
  "fd_mean": 0.18467408392334314,
  "fd_num": 66,
  "fd_perc": 29.07488986784141,
  "fwhm_avg": 1.8972616666666664,
  "fwhm_x": 1.78737,
  "fwhm_y": 2.05857,
  "fwhm_z": 1.845845,
  "gcor": 0.0361509,
  "gsr_x": -0.025775592774152756,
  "gsr_y": 0.037248220294713974,
  "provenance": {
    "md5sum": "409c167405c787e01ef982be98d12fc6",
    "settings": {
      "fd_thres": 0.2,
      "testing": false
    },
    "software": "mriqc",
    "version": "23.1.0"
  },
  "size_t": 227,
  "size_x": 96,
  "size_y": 96,
  "size_z": 76,
  "snr": 4.434057088820834,
  "spacing_tr": 2.0,
  "spacing_x": 2.0,
  "spacing_y": 2.0,
  "spacing_z": 2.0,
  "summary_bg_k": 14.188804956174987,
  "summary_bg_mad": 12.716415173669752,
  "summary_bg_mean": 40.09778340185821,
  "summary_bg_median": 15.700439453125,
  "summary_bg_n": 544784.0,
  "summary_bg_p05": 5.25991153717041,
  "summary_bg_p95": 171.48898315429688,
  "summary_bg_stdv": 59.95999935679581,
  "summary_fg_k": 3.4680184307896296,
  "summary_fg_mad": 89.93583238515612,
  "summary_fg_mean": 556.3494912428529,
  "summary_fg_median": 557.5374145507812,
  "summary_fg_n": 155632.0,
  "summary_fg_p05": 338.28192138671875,
  "summary_fg_p95": 737.0616455078125,
  "summary_fg_stdv": 125.73938769288009,
  "tsnr": 33.562058138195425
}