{
  "aor": 0.0015850209205020918,
  "aqi": 0.021956734728033472,
  "bids_meta": {
    "EchoTime": 0.043,
    "FlipAngle": 80.0,
    "MagneticFieldStrength": 3.0,
    "Manufacturer": "SIEMENS",
    "ManufacturersModelName": "Verio",
    "MultibandAccelerationFactor": 4,
    "RepetitionTime": 2.0,
    "SliceTiming": [
      0.0,
      1.0575,
      0.1075,
      1.1625,
      0.2125,
      1.2675,
      0.3175,
      1.375,
      0.4225,
      1.48,
      0.53,
      1.585,
      0.635,
      1.69,
      0.74,
      1.7975,
      0.845,
      1.9025,
      0.9525,
      0.0,
      1.0575,
      0.1075,
      1.1625,
      0.2125,
      1.2675,
      0.3175,
      1.375,
      0.4225,
      1.48,
      0.53,
      1.585,
      0.635,
      1.69,
      0.74,
      1.7975,
      0.845,
      1.9025,
      0.9525,
      0.0,
      1.0575,
      0.1075,
      1.1625,
      0.2125,
      1.2675,
      0.3175,
      1.375,
      0.4225,
      1.48,
      0.53,
      1.585,
      0.635,
      1.69,
      0.74,
      1.7975,
      0.845,
      1.9025,
      0.9525,
      0.0,
      1.0575,
      0.1075,
      1.1625,
      0.2125,
      1.2675,
      0.3175,
      1.375,
      0.4225,
      1.48,
      0.53,
      1.585,
      0.635,
      1.69,
      0.74,
      1.7975,
      0.845,
      1.9025,
      0.9525
    ],
    "TaskName": "perception",
    "dataset": "ds001506",
    "modality": "bold",
    "run_id": 4,
    "session_id": "perceptionNaturalImageTraining05",
    "subject_id": "01",
    "task_id": "perception"
  },
  "dummy_trs": 0,
  "dvars_nstd": 42.858050402394944,
  "dvars_std": 1.2432303606722688,
  "dvars_vstd": 1.002649451302521,
  "efc": 0.5660135013999702,
  "fber": 1052.11572265625,
  "fd_mean": 0.14807312785638055,
  "fd_num": 51,
  "fd_perc": 21.338912133891213,
  "fwhm_avg": 1.889295,
  "fwhm_x": 1.78138,
  "fwhm_y": 2.076815,
  "fwhm_z": 1.80969,
  "gcor": 0.0341866,
  "gsr_x": -0.008623500354588032,
  "gsr_y": 0.03498353436589241,
  "provenance": {
    "md5sum": "0a02eac03e67fcdefc5dfb81ce4e15fc",
    "settings": {
      "fd_thres": 0.2,
      "testing": false
    },
    "software": "mriqc",
    "version": "23.1.0"
  },
  "size_t": 239,
  "size_x": 96,
  "size_y": 96,
  "size_z": 76,
  "snr": 3.8839145288922206,
  "spacing_tr": 2.0,
  "spacing_x": 2.0,
  "spacing_y": 2.0,
  "spacing_z": 2.0,
  "summary_bg_k": 12.375838275660032,
  "summary_bg_mad": 18.15102110156537,
  "summary_bg_mean": 48.123763331693496,
  "summary_bg_median": 19.025104522705078,
  "summary_bg_n": 513823.0,
  "summary_bg_p05": 4.57740592956543,
  "summary_bg_p95": 193.970703125,
  "summary_bg_stdv": 68.2666797801893,
  "summary_fg_k": 2.708876745639688,
  "summary_fg_mad": 119.37110590477803,
  "summary_fg_mean": 624.7025281622412,
  "summary_fg_median": 617.1046142578125,
  "summary_fg_n": 186593.0,
  "summary_fg_p05": 367.94976806640625,
  "summary_fg_p95": 886.246826171875,
  "summary_fg_stdv": 158.88685398549038,
  "tsnr": 32.24648339301348
}