{
  "aor": 0.0018005857740585774,
  "aqi": 0.03552715774058578,
  "bids_meta": {
    "EchoTime": 0.043,
    "FlipAngle": 80.0,
    "MagneticFieldStrength": 3.0,
    "Manufacturer": "SIEMENS",
    "ManufacturersModelName": "Verio",
    "MultibandAccelerationFactor": 4,
    "RepetitionTime": 2.0,
    "SliceTiming": [
      0.0,
      1.0575,
      0.105,
      1.1625,
      0.2125,
      1.2675,
      0.3175,
      1.375,
      0.4225,
      1.48,
      0.53,
      1.585,
      0.635,
      1.69,
      0.74,
      1.7975,
      0.845,
      1.9025,
      0.9525,
      0.0,
      1.0575,
      0.105,
      1.1625,
      0.2125,
      1.2675,
      0.3175,
      1.375,
      0.4225,
      1.48,
      0.53,
      1.585,
      0.635,
      1.69,
      0.74,
      1.7975,
      0.845,
      1.9025,
      0.9525,
      0.0,
      1.0575,
      0.105,
      1.1625,
      0.2125,
      1.2675,
      0.3175,
      1.375,
      0.4225,
      1.48,
      0.53,
      1.585,
      0.635,
      1.69,
      0.74,
      1.7975,
      0.845,
      1.9025,
      0.9525,
      0.0,
      1.0575,
      0.105,
      1.1625,
      0.2125,
      1.2675,
      0.3175,
      1.375,
      0.4225,
      1.48,
      0.53,
      1.585,
      0.635,
      1.69,
      0.74,
      1.7975,
      0.845,
      1.9025,
      0.9525
    ],
    "TaskName": "perception",
    "dataset": "ds001506",
    "modality": "bold",
    "run_id": 1,
    "session_id": "perceptionNaturalImageTest01",
    "subject_id": "01",
    "task_id": "perception"
  },
  "dummy_trs": 0,
  "dvars_nstd": 46.789697558991605,
  "dvars_std": 1.2072812702941178,
  "dvars_vstd": 0.9855552533193271,
  "efc": 0.5678148988664826,
  "fber": 962.4120483398438,
  "fd_mean": 0.23263731439847424,
  "fd_num": 105,
  "fd_perc": 43.93305439330544,
  "fwhm_avg": 1.9374916666666666,
  "fwhm_x": 1.82136,
  "fwhm_y": 2.135965,
  "fwhm_z": 1.85515,
  "gcor": 0.0325907,
  "gsr_x": -0.011364144273102283,
  "gsr_y": 0.03282587230205536,
  "provenance": {
    "md5sum": "fdbb9b4bb2194178d3048bae7f423ad2",
    "settings": {
      "fd_thres": 0.2,
      "testing": false
    },
    "software": "mriqc",
    "version": "23.1.0"
  },
  "size_t": 239,
  "size_x": 96,
  "size_y": 96,
  "size_z": 76,
  "snr": 3.935329145491177,
  "spacing_tr": 2.0,
  "spacing_x": 2.0,
  "spacing_y": 2.0,
  "spacing_z": 2.0,
  "summary_bg_k": 13.336779522276363,
  "summary_bg_mad": 17.84085378811654,
  "summary_bg_mean": 46.10715522012037,
  "summary_bg_median": 19.205020904541016,
  "summary_bg_n": 512464.0,
  "summary_bg_p05": 4.9372382164001465,
  "summary_bg_p95": 183.9456024169922,
  "summary_bg_stdv": 64.3659565121478,
  "summary_fg_k": 2.6836209186676765,
  "summary_fg_mad": 113.14610404233125,
  "summary_fg_mean": 601.239516795808,
  "summary_fg_median": 595.7928771972656,
  "summary_fg_n": 187952.0,
  "summary_fg_p05": 350.97906494140625,
  "summary_fg_p95": 849.6443481445312,
  "summary_fg_stdv": 151.39554283980996,
  "tsnr": 25.550320223439485
}