{
  "aor": 0.00172326359832636,
  "aqi": 0.029044162343096234,
  "bids_meta": {
    "EchoTime": 0.043,
    "FlipAngle": 80.0,
    "MagneticFieldStrength": 3.0,
    "Manufacturer": "SIEMENS",
    "ManufacturersModelName": "Verio",
    "MultibandAccelerationFactor": 4,
    "RepetitionTime": 2.0,
    "SliceTiming": [
      0.0,
      1.0575,
      0.105,
      1.1625,
      0.2125,
      1.2675,
      0.3175,
      1.3725,
      0.4225,
      1.48,
      0.5275,
      1.585,
      0.635,
      1.69,
      0.74,
      1.7975,
      0.845,
      1.9025,
      0.95,
      0.0,
      1.0575,
      0.105,
      1.1625,
      0.2125,
      1.2675,
      0.3175,
      1.3725,
      0.4225,
      1.48,
      0.5275,
      1.585,
      0.635,
      1.69,
      0.74,
      1.7975,
      0.845,
      1.9025,
      0.95,
      0.0,
      1.0575,
      0.105,
      1.1625,
      0.2125,
      1.2675,
      0.3175,
      1.3725,
      0.4225,
      1.48,
      0.5275,
      1.585,
      0.635,
      1.69,
      0.74,
      1.7975,
      0.845,
      1.9025,
      0.95,
      0.0,
      1.0575,
      0.105,
      1.1625,
      0.2125,
      1.2675,
      0.3175,
      1.3725,
      0.4225,
      1.48,
      0.5275,
      1.585,
      0.635,
      1.69,
      0.74,
      1.7975,
      0.845,
      1.9025,
      0.95
    ],
    "TaskName": "perception",
    "dataset": "ds001506",
    "modality": "bold",
    "run_id": 7,
    "session_id": "perceptionNaturalImageTest01",
    "subject_id": "01",
    "task_id": "perception"
  },
  "dummy_trs": 0,
  "dvars_nstd": 46.544933447521025,
  "dvars_std": 1.1907767582352935,
  "dvars_vstd": 0.9842999953781522,
  "efc": 0.567894398420194,
  "fber": 991.3322143554688,
  "fd_mean": 0.2492567749331805,
  "fd_num": 125,
  "fd_perc": 52.30125523012552,
  "fwhm_avg": 1.90046,
  "fwhm_x": 1.787585,
  "fwhm_y": 2.09397,
  "fwhm_z": 1.819825,
  "gcor": 0.0280408,
  "gsr_x": -0.009083542972803116,
  "gsr_y": 0.03379008173942566,
  "provenance": {
    "md5sum": "675d0ba0e3e1159a880a9ca2014004a8",
    "settings": {
      "fd_thres": 0.2,
      "testing": false
    },
    "software": "mriqc",
    "version": "23.1.0"
  },
  "size_t": 239,
  "size_x": 96,
  "size_y": 96,
  "size_z": 76,
  "snr": 3.9180877927681697,
  "spacing_tr": 2.0,
  "spacing_x": 2.0,
  "spacing_y": 2.0,
  "spacing_z": 2.0,
  "summary_bg_k": 13.427004592096857,
  "summary_bg_mad": 17.474856443082103,
  "summary_bg_mean": 46.18334159144206,
  "summary_bg_median": 18.669456481933594,
  "summary_bg_n": 513335.0,
  "summary_bg_p05": 4.57740592956543,
  "summary_bg_p95": 185.28451538085938,
  "summary_bg_stdv": 64.95955798634594,
  "summary_fg_k": 2.5547949533926815,
  "summary_fg_mad": 112.69025634483846,
  "summary_fg_mean": 593.0957655771997,
  "summary_fg_median": 587.8158569335938,
  "summary_fg_n": 187081.0,
  "summary_fg_p05": 345.970703125,
  "summary_fg_p95": 838.8660888671875,
  "summary_fg_stdv": 150.02580774141876,
  "tsnr": 28.25020269025117
}