{
  "aor": 0.0026943514644351464,
  "aqi": 0.029455861924686192,
  "bids_meta": {
    "EchoTime": 0.043,
    "FlipAngle": 80.0,
    "MagneticFieldStrength": 3.0,
    "Manufacturer": "SIEMENS",
    "ManufacturersModelName": "Verio",
    "MultibandAccelerationFactor": 4,
    "RepetitionTime": 2.0,
    "SliceTiming": [
      0.0,
      1.0575,
      0.1075,
      1.1625,
      0.2125,
      1.27,
      0.3175,
      1.375,
      0.425,
      1.48,
      0.53,
      1.585,
      0.635,
      1.6925,
      0.74,
      1.7975,
      0.8475,
      1.9025,
      0.9525,
      0.0,
      1.0575,
      0.1075,
      1.1625,
      0.2125,
      1.27,
      0.3175,
      1.375,
      0.425,
      1.48,
      0.53,
      1.585,
      0.635,
      1.6925,
      0.74,
      1.7975,
      0.8475,
      1.9025,
      0.9525,
      0.0,
      1.0575,
      0.1075,
      1.1625,
      0.2125,
      1.27,
      0.3175,
      1.375,
      0.425,
      1.48,
      0.53,
      1.585,
      0.635,
      1.6925,
      0.74,
      1.7975,
      0.8475,
      1.9025,
      0.9525,
      0.0,
      1.0575,
      0.1075,
      1.1625,
      0.2125,
      1.27,
      0.3175,
      1.375,
      0.425,
      1.48,
      0.53,
      1.585,
      0.635,
      1.6925,
      0.74,
      1.7975,
      0.8475,
      1.9025,
      0.9525
    ],
    "TaskName": "perception",
    "dataset": "ds001506",
    "modality": "bold",
    "run_id": 5,
    "session_id": "perceptionNaturalImageTest01",
    "subject_id": "01",
    "task_id": "perception"
  },
  "dummy_trs": 0,
  "dvars_nstd": 46.543906412184896,
  "dvars_std": 1.2542534577731097,
  "dvars_vstd": 1.017648227436975,
  "efc": 0.569318107985132,
  "fber": 991.3464965820312,
  "fd_mean": 0.20870024446098553,
  "fd_num": 101,
  "fd_perc": 42.25941422594142,
  "fwhm_avg": 1.8969483333333335,
  "fwhm_x": 1.78273,
  "fwhm_y": 2.090075,
  "fwhm_z": 1.81804,
  "gcor": 0.0244711,
  "gsr_x": -0.010957865975797176,
  "gsr_y": 0.032522935420274734,
  "provenance": {
    "md5sum": "fd30ba4d08eb1f7bad853be525346eb6",
    "settings": {
      "fd_thres": 0.2,
      "testing": false
    },
    "software": "mriqc",
    "version": "23.1.0"
  },
  "size_t": 239,
  "size_x": 96,
  "size_y": 96,
  "size_z": 76,
  "snr": 3.9091565599293245,
  "spacing_tr": 2.0,
  "spacing_x": 2.0,
  "spacing_y": 2.0,
  "spacing_z": 2.0,
  "summary_bg_k": 13.280219046801143,
  "summary_bg_mad": 17.400415694008128,
  "summary_bg_mean": 46.91497191040012,
  "summary_bg_median": 18.669456481933594,
  "summary_bg_n": 513031.0,
  "summary_bg_p05": 4.7740583419799805,
  "summary_bg_p95": 190.1464385986328,
  "summary_bg_stdv": 66.32750612385114,
  "summary_fg_k": 2.7868155652723354,
  "summary_fg_mad": 111.28203761166071,
  "summary_fg_mean": 593.2498636140632,
  "summary_fg_median": 587.820068359375,
  "summary_fg_n": 187385.0,
  "summary_fg_p05": 345.8828430175781,
  "summary_fg_p95": 838.9874267578125,
  "summary_fg_stdv": 150.36964901854049,
  "tsnr": 28.028842290397733
}