{
  "aor": 0.005805198237885462,
  "aqi": 0.027124733480176213,
  "bids_meta": {
    "EchoTime": 0.043,
    "FlipAngle": 80.0,
    "MagneticFieldStrength": 3.0,
    "Manufacturer": "SIEMENS",
    "ManufacturersModelName": "Verio",
    "MultibandAccelerationFactor": 4,
    "RepetitionTime": 2.0,
    "SliceTiming": [
      0.0,
      1.0575,
      0.105,
      1.1625,
      0.2125,
      1.2675,
      0.3175,
      1.3725,
      0.4225,
      1.48,
      0.5275,
      1.585,
      0.635,
      1.69,
      0.74,
      1.795,
      0.845,
      1.9025,
      0.95,
      0.0,
      1.0575,
      0.105,
      1.1625,
      0.2125,
      1.2675,
      0.3175,
      1.3725,
      0.4225,
      1.48,
      0.5275,
      1.585,
      0.635,
      1.69,
      0.74,
      1.795,
      0.845,
      1.9025,
      0.95,
      0.0,
      1.0575,
      0.105,
      1.1625,
      0.2125,
      1.2675,
      0.3175,
      1.3725,
      0.4225,
      1.48,
      0.5275,
      1.585,
      0.635,
      1.69,
      0.74,
      1.795,
      0.845,
      1.9025,
      0.95,
      0.0,
      1.0575,
      0.105,
      1.1625,
      0.2125,
      1.2675,
      0.3175,
      1.3725,
      0.4225,
      1.48,
      0.5275,
      1.585,
      0.635,
      1.69,
      0.74,
      1.795,
      0.845,
      1.9025,
      0.95
    ],
    "TaskName": "imagery",
    "dataset": "ds001506",
    "modality": "bold",
    "run_id": 4,
    "session_id": "imagery02",
    "subject_id": "02",
    "task_id": "imagery"
  },
  "dummy_trs": 0,
  "dvars_nstd": 47.1533786635398,
  "dvars_std": 1.2058694008849553,
  "dvars_vstd": 1.013032295132744,
  "efc": 0.5636344967615908,
  "fber": 823.3365478515625,
  "fd_mean": 0.135246240277303,
  "fd_num": 27,
  "fd_perc": 11.894273127753303,
  "fwhm_avg": 1.8965700000000003,
  "fwhm_x": 1.79221,
  "fwhm_y": 2.0859,
  "fwhm_z": 1.8116,
  "gcor": 0.0310834,
  "gsr_x": -0.021805554628372192,
  "gsr_y": 0.05148625746369362,
  "provenance": {
    "md5sum": "d37865bda0ed123b7eb39fdddc706f08",
    "settings": {
      "fd_thres": 0.2,
      "testing": false
    },
    "software": "mriqc",
    "version": "23.1.0"
  },
  "size_t": 227,
  "size_x": 96,
  "size_y": 96,
  "size_z": 76,
  "snr": 4.4323635114367805,
  "spacing_tr": 2.0,
  "spacing_x": 2.0,
  "spacing_y": 2.0,
  "spacing_z": 2.0,
  "summary_bg_k": 22.32509767289045,
  "summary_bg_mad": 15.691417366945771,
  "summary_bg_mean": 42.68203338392113,
  "summary_bg_median": 18.209250450134277,
  "summary_bg_n": 527174.0,
  "summary_bg_p05": 5.819383144378662,
  "summary_bg_p95": 169.2246551513672,
  "summary_bg_stdv": 62.00672827975145,
  "summary_fg_k": 2.9087126972756394,
  "summary_fg_mad": 85.01118415307587,
  "summary_fg_mean": 512.8703686793668,
  "summary_fg_median": 522.4933471679688,
  "summary_fg_n": 173242.0,
  "summary_fg_p05": 290.308349609375,
  "summary_fg_p95": 671.6563720703125,
  "summary_fg_stdv": 117.88108936251996,
  "tsnr": 31.291630339459516
}