{
  "aor": 0.0009690794979079498,
  "aqi": 0.03431122217573222,
  "bids_meta": {
    "EchoTime": 0.043,
    "FlipAngle": 80.0,
    "MagneticFieldStrength": 3.0,
    "Manufacturer": "SIEMENS",
    "ManufacturersModelName": "Verio",
    "MultibandAccelerationFactor": 4,
    "RepetitionTime": 2.0,
    "SliceTiming": [
      0.0,
      1.0575,
      0.105,
      1.1625,
      0.21,
      1.2675,
      0.3175,
      1.3725,
      0.4225,
      1.48,
      0.5275,
      1.585,
      0.6325,
      1.69,
      0.74,
      1.795,
      0.845,
      1.9025,
      0.95,
      0.0,
      1.0575,
      0.105,
      1.1625,
      0.21,
      1.2675,
      0.3175,
      1.3725,
      0.4225,
      1.48,
      0.5275,
      1.585,
      0.6325,
      1.69,
      0.74,
      1.795,
      0.845,
      1.9025,
      0.95,
      0.0,
      1.0575,
      0.105,
      1.1625,
      0.21,
      1.2675,
      0.3175,
      1.3725,
      0.4225,
      1.48,
      0.5275,
      1.585,
      0.6325,
      1.69,
      0.74,
      1.795,
      0.845,
      1.9025,
      0.95,
      0.0,
      1.0575,
      0.105,
      1.1625,
      0.21,
      1.2675,
      0.3175,
      1.3725,
      0.4225,
      1.48,
      0.5275,
      1.585,
      0.6325,
      1.69,
      0.74,
      1.795,
      0.845,
      1.9025,
      0.95
    ],
    "TaskName": "perception",
    "dataset": "ds001506",
    "modality": "bold",
    "run_id": 2,
    "session_id": "perceptionNaturalImageTraining01",
    "subject_id": "01",
    "task_id": "perception"
  },
  "dummy_trs": 0,
  "dvars_nstd": 54.19357636390756,
  "dvars_std": 1.2535653638655455,
  "dvars_vstd": 0.9636064173949582,
  "efc": 0.5747452746286532,
  "fber": 794.8563232421875,
  "fd_mean": 0.219551869571874,
  "fd_num": 100,
  "fd_perc": 41.84100418410042,
  "fwhm_avg": 1.9351666666666667,
  "fwhm_x": 1.81311,
  "fwhm_y": 2.123195,
  "fwhm_z": 1.869195,
  "gcor": 0.0354218,
  "gsr_x": -0.016316460445523262,
  "gsr_y": 0.034579332917928696,
  "provenance": {
    "md5sum": "25333fc7163a410766d9d3be7d58ef79",
    "settings": {
      "fd_thres": 0.2,
      "testing": false
    },
    "software": "mriqc",
    "version": "23.1.0"
  },
  "size_t": 239,
  "size_x": 96,
  "size_y": 96,
  "size_z": 76,
  "snr": 3.884181633465257,
  "spacing_tr": 2.0,
  "spacing_x": 2.0,
  "spacing_y": 2.0,
  "spacing_z": 2.0,
  "summary_bg_k": 13.219657201846939,
  "summary_bg_mad": 19.0256944242459,
  "summary_bg_mean": 47.112880363745525,
  "summary_bg_median": 20.29288673400879,
  "summary_bg_n": 511027.0,
  "summary_bg_p05": 5.125523090362549,
  "summary_bg_p95": 183.66526794433594,
  "summary_bg_stdv": 64.12346477021707,
  "summary_fg_k": 2.9474944968501333,
  "summary_fg_mad": 110.6244857915453,
  "summary_fg_mean": 579.3511525204726,
  "summary_fg_median": 572.121337890625,
  "summary_fg_n": 189389.0,
  "summary_fg_p05": 340.5815734863281,
  "summary_fg_p95": 826.2050170898438,
  "summary_fg_stdv": 147.29481817215958,
  "tsnr": 26.092283154604957
}