{
  "aor": 0.0007308370044052863,
  "aqi": 0.0182217,
  "bids_meta": {
    "EchoTime": 0.043,
    "FlipAngle": 80.0,
    "MagneticFieldStrength": 3.0,
    "Manufacturer": "SIEMENS",
    "ManufacturersModelName": "Verio",
    "MultibandAccelerationFactor": 4,
    "RepetitionTime": 2.0,
    "SliceTiming": [
      0.0,
      1.0575,
      0.105,
      1.1625,
      0.2125,
      1.2675,
      0.3175,
      1.375,
      0.4225,
      1.48,
      0.53,
      1.585,
      0.635,
      1.69,
      0.74,
      1.7975,
      0.845,
      1.9025,
      0.9525,
      0.0,
      1.0575,
      0.105,
      1.1625,
      0.2125,
      1.2675,
      0.3175,
      1.375,
      0.4225,
      1.48,
      0.53,
      1.585,
      0.635,
      1.69,
      0.74,
      1.7975,
      0.845,
      1.9025,
      0.9525,
      0.0,
      1.0575,
      0.105,
      1.1625,
      0.2125,
      1.2675,
      0.3175,
      1.375,
      0.4225,
      1.48,
      0.53,
      1.585,
      0.635,
      1.69,
      0.74,
      1.7975,
      0.845,
      1.9025,
      0.9525,
      0.0,
      1.0575,
      0.105,
      1.1625,
      0.2125,
      1.2675,
      0.3175,
      1.375,
      0.4225,
      1.48,
      0.53,
      1.585,
      0.635,
      1.69,
      0.74,
      1.7975,
      0.845,
      1.9025,
      0.9525
    ],
    "TaskName": "imagery",
    "dataset": "ds001506",
    "modality": "bold",
    "run_id": 2,
    "session_id": "imagery03",
    "subject_id": "03",
    "task_id": "imagery"
  },
  "dummy_trs": 0,
  "dvars_nstd": 50.87612636548672,
  "dvars_std": 1.3841224709292026,
  "dvars_vstd": 0.9943189824336285,
  "efc": 0.5332869075826232,
  "fber": 1242.91552734375,
  "fd_mean": 0.14006430630770558,
  "fd_num": 38,
  "fd_perc": 16.740088105726873,
  "fwhm_avg": 1.8622783333333333,
  "fwhm_x": 1.749375,
  "fwhm_y": 2.042865,
  "fwhm_z": 1.794595,
  "gcor": 0.0201999,
  "gsr_x": -0.02568874880671501,
  "gsr_y": 0.041462648659944534,
  "provenance": {
    "md5sum": "e77bc3ec1e2c18bc5bab76d70478a38e",
    "settings": {
      "fd_thres": 0.2,
      "testing": false
    },
    "software": "mriqc",
    "version": "23.1.0"
  },
  "size_t": 227,
  "size_x": 96,
  "size_y": 96,
  "size_z": 76,
  "snr": 4.38684152207058,
  "spacing_tr": 2.0,
  "spacing_x": 2.0,
  "spacing_y": 2.0,
  "spacing_z": 2.0,
  "summary_bg_k": 15.334320910002564,
  "summary_bg_mad": 11.305658454707268,
  "summary_bg_mean": 37.57050776582353,
  "summary_bg_median": 14.735682487487793,
  "summary_bg_n": 544738.0,
  "summary_bg_p05": 5.674008369445801,
  "summary_bg_p95": 159.1233367919922,
  "summary_bg_stdv": 56.0663181139182,
  "summary_fg_k": 3.6942982567842284,
  "summary_fg_mad": 83.60703750851097,
  "summary_fg_mean": 518.9971586637538,
  "summary_fg_median": 519.506591796875,
  "summary_fg_n": 155678.0,
  "summary_fg_p05": 314.2422790527344,
  "summary_fg_p95": 690.00439453125,
  "summary_fg_stdv": 118.42345356021536,
  "tsnr": 40.88817251147702
}