{
  "aor": 0.0033493723849372385,
  "aqi": 0.027201157322175738,
  "bids_meta": {
    "EchoTime": 0.043,
    "FlipAngle": 80.0,
    "MagneticFieldStrength": 3.0,
    "Manufacturer": "SIEMENS",
    "ManufacturersModelName": "Verio",
    "MultibandAccelerationFactor": 4,
    "RepetitionTime": 2.0,
    "SliceTiming": [
      0.0,
      1.0575,
      0.1075,
      1.1625,
      0.2125,
      1.2675,
      0.3175,
      1.375,
      0.4225,
      1.48,
      0.53,
      1.585,
      0.635,
      1.6925,
      0.74,
      1.7975,
      0.845,
      1.9025,
      0.9525,
      0.0,
      1.0575,
      0.1075,
      1.1625,
      0.2125,
      1.2675,
      0.3175,
      1.375,
      0.4225,
      1.48,
      0.53,
      1.585,
      0.635,
      1.6925,
      0.74,
      1.7975,
      0.845,
      1.9025,
      0.9525,
      0.0,
      1.0575,
      0.1075,
      1.1625,
      0.2125,
      1.2675,
      0.3175,
      1.375,
      0.4225,
      1.48,
      0.53,
      1.585,
      0.635,
      1.6925,
      0.74,
      1.7975,
      0.845,
      1.9025,
      0.9525,
      0.0,
      1.0575,
      0.1075,
      1.1625,
      0.2125,
      1.2675,
      0.3175,
      1.375,
      0.4225,
      1.48,
      0.53,
      1.585,
      0.635,
      1.6925,
      0.74,
      1.7975,
      0.845,
      1.9025,
      0.9525
    ],
    "TaskName": "perception",
    "dataset": "ds001506",
    "modality": "bold",
    "run_id": 4,
    "session_id": "perceptionNaturalImageTraining04",
    "subject_id": "02",
    "task_id": "perception"
  },
  "dummy_trs": 0,
  "dvars_nstd": 46.03870230004205,
  "dvars_std": 1.2583552669327716,
  "dvars_vstd": 1.0325007332773108,
  "efc": 0.5555486465699052,
  "fber": 1115.2725830078125,
  "fd_mean": 0.13835147121363073,
  "fd_num": 43,
  "fd_perc": 17.99163179916318,
  "fwhm_avg": 1.899910036065183,
  "fwhm_x": 1.789775,
  "fwhm_y": 2.094735,
  "fwhm_z": 1.8152201081955497,
  "gcor": 0.0382162,
  "gsr_x": -0.016080688685178757,
  "gsr_y": 0.05538707226514816,
  "provenance": {
    "md5sum": "2f9ccf93addcecd4e4477c6ef05d4d00",
    "settings": {
      "fd_thres": 0.2,
      "testing": false
    },
    "software": "mriqc",
    "version": "23.1.0"
  },
  "size_t": 239,
  "size_x": 96,
  "size_y": 96,
  "size_z": 76,
  "snr": 4.4153314501694805,
  "spacing_tr": 2.0,
  "spacing_x": 2.0,
  "spacing_y": 2.0,
  "spacing_z": 1.9999998807907104,
  "summary_bg_k": 22.14592082002319,
  "summary_bg_mad": 13.380639987607491,
  "summary_bg_mean": 40.492580573350786,
  "summary_bg_median": 15.945606231689453,
  "summary_bg_n": 527530.0,
  "summary_bg_p05": 5.589958190917969,
  "summary_bg_p95": 163.23011779785156,
  "summary_bg_stdv": 60.47296780703176,
  "summary_fg_k": 3.411932026064636,
  "summary_fg_mad": 87.03618857481163,
  "summary_fg_mean": 523.3657699555403,
  "summary_fg_median": 532.5146484375,
  "summary_fg_n": 172886.0,
  "summary_fg_p05": 297.1255187988281,
  "summary_fg_p95": 685.6736450195312,
  "summary_fg_stdv": 120.60546628731764,
  "tsnr": 32.35264088027179
}