{
  "aor": 0.0011142259414225941,
  "aqi": 0.023723348117154812,
  "bids_meta": {
    "EchoTime": 0.043,
    "FlipAngle": 80.0,
    "MagneticFieldStrength": 3.0,
    "Manufacturer": "SIEMENS",
    "ManufacturersModelName": "Verio",
    "MultibandAccelerationFactor": 4,
    "RepetitionTime": 2.0,
    "SliceTiming": [
      0.0,
      1.0575,
      0.1075,
      1.1625,
      0.2125,
      1.2675,
      0.3175,
      1.375,
      0.4225,
      1.48,
      0.53,
      1.585,
      0.635,
      1.6925,
      0.74,
      1.7975,
      0.845,
      1.9025,
      0.9525,
      0.0,
      1.0575,
      0.1075,
      1.1625,
      0.2125,
      1.2675,
      0.3175,
      1.375,
      0.4225,
      1.48,
      0.53,
      1.585,
      0.635,
      1.6925,
      0.74,
      1.7975,
      0.845,
      1.9025,
      0.9525,
      0.0,
      1.0575,
      0.1075,
      1.1625,
      0.2125,
      1.2675,
      0.3175,
      1.375,
      0.4225,
      1.48,
      0.53,
      1.585,
      0.635,
      1.6925,
      0.74,
      1.7975,
      0.845,
      1.9025,
      0.9525,
      0.0,
      1.0575,
      0.1075,
      1.1625,
      0.2125,
      1.2675,
      0.3175,
      1.375,
      0.4225,
      1.48,
      0.53,
      1.585,
      0.635,
      1.6925,
      0.74,
      1.7975,
      0.845,
      1.9025,
      0.9525
    ],
    "TaskName": "perception",
    "dataset": "ds001506",
    "modality": "bold",
    "run_id": 3,
    "session_id": "perceptionNaturalImageTraining04",
    "subject_id": "02",
    "task_id": "perception"
  },
  "dummy_trs": 0,
  "dvars_nstd": 47.232145806134454,
  "dvars_std": 1.247836465504201,
  "dvars_vstd": 0.9963010553781517,
  "efc": 0.5563960060442509,
  "fber": 1087.0050048828125,
  "fd_mean": 0.14465463293459055,
  "fd_num": 55,
  "fd_perc": 23.01255230125523,
  "fwhm_avg": 1.8771567021774274,
  "fwhm_x": 1.770905,
  "fwhm_y": 2.07325,
  "fwhm_z": 1.787315106532282,
  "gcor": 0.0369185,
  "gsr_x": -0.017445968464016914,
  "gsr_y": 0.05442515388131142,
  "provenance": {
    "md5sum": "800def6010b77040ef0f2412e6308665",
    "settings": {
      "fd_thres": 0.2,
      "testing": false
    },
    "software": "mriqc",
    "version": "23.1.0"
  },
  "size_t": 239,
  "size_x": 96,
  "size_y": 96,
  "size_z": 76,
  "snr": 4.43930777848019,
  "spacing_tr": 2.0,
  "spacing_x": 2.0,
  "spacing_y": 2.0,
  "spacing_z": 1.9999998807907104,
  "summary_bg_k": 21.54914043368373,
  "summary_bg_mad": 13.672197290527782,
  "summary_bg_mean": 40.87298343278221,
  "summary_bg_median": 16.188283920288086,
  "summary_bg_n": 527483.0,
  "summary_bg_p05": 5.598326206207275,
  "summary_bg_p95": 165.3849334716797,
  "summary_bg_stdv": 60.81281846978718,
  "summary_fg_k": 3.4328142343129295,
  "summary_fg_mad": 87.1447323590583,
  "summary_fg_mean": 525.2290086722641,
  "summary_fg_median": 533.7238159179688,
  "summary_fg_n": 172933.0,
  "summary_fg_p05": 301.7531433105469,
  "summary_fg_p95": 689.1882934570312,
  "summary_fg_stdv": 120.22646308754945,
  "tsnr": 34.90881015639752
}