{
  "aor": 0.0019095815899581594,
  "aqi": 0.020575796234309617,
  "bids_meta": {
    "EchoTime": 0.043,
    "FlipAngle": 80.0,
    "MagneticFieldStrength": 3.0,
    "Manufacturer": "SIEMENS",
    "ManufacturersModelName": "Verio",
    "MultibandAccelerationFactor": 4,
    "RepetitionTime": 2.0,
    "SliceTiming": [
      0.0,
      1.0575,
      0.1075,
      1.1625,
      0.2125,
      1.27,
      0.3175,
      1.375,
      0.4225,
      1.48,
      0.53,
      1.585,
      0.635,
      1.6925,
      0.74,
      1.7975,
      0.8475,
      1.9025,
      0.9525,
      0.0,
      1.0575,
      0.1075,
      1.1625,
      0.2125,
      1.27,
      0.3175,
      1.375,
      0.4225,
      1.48,
      0.53,
      1.585,
      0.635,
      1.6925,
      0.74,
      1.7975,
      0.8475,
      1.9025,
      0.9525,
      0.0,
      1.0575,
      0.1075,
      1.1625,
      0.2125,
      1.27,
      0.3175,
      1.375,
      0.4225,
      1.48,
      0.53,
      1.585,
      0.635,
      1.6925,
      0.74,
      1.7975,
      0.8475,
      1.9025,
      0.9525,
      0.0,
      1.0575,
      0.1075,
      1.1625,
      0.2125,
      1.27,
      0.3175,
      1.375,
      0.4225,
      1.48,
      0.53,
      1.585,
      0.635,
      1.6925,
      0.74,
      1.7975,
      0.8475,
      1.9025,
      0.9525
    ],
    "TaskName": "perception",
    "dataset": "ds001506",
    "modality": "bold",
    "run_id": 2,
    "session_id": "perceptionNaturalImageTraining02",
    "subject_id": "02",
    "task_id": "perception"
  },
  "dummy_trs": 0,
  "dvars_nstd": 43.95402839390754,
  "dvars_std": 1.2577765638235292,
  "dvars_vstd": 1.0267159958403367,
  "efc": 0.5566789360262979,
  "fber": 1079.232666015625,
  "fd_mean": 0.13630870054739372,
  "fd_num": 45,
  "fd_perc": 18.828451882845187,
  "fwhm_avg": 1.8535867016901593,
  "fwhm_x": 1.75643,
  "fwhm_y": 2.04154,
  "fwhm_z": 1.7627901050704782,
  "gcor": 0.0382109,
  "gsr_x": -0.02024945616722107,
  "gsr_y": 0.05101415142416954,
  "provenance": {
    "md5sum": "a0691036a19e183dc18c934158a76b14",
    "settings": {
      "fd_thres": 0.2,
      "testing": false
    },
    "software": "mriqc",
    "version": "23.1.0"
  },
  "size_t": 239,
  "size_x": 96,
  "size_y": 96,
  "size_z": 76,
  "snr": 4.3398079972503805,
  "spacing_tr": 2.0,
  "spacing_x": 2.0,
  "spacing_y": 2.0,
  "spacing_z": 1.9999998807907104,
  "summary_bg_k": 22.977238434127056,
  "summary_bg_mad": 14.881853630561286,
  "summary_bg_mean": 43.83643909982873,
  "summary_bg_median": 17.066946029663086,
  "summary_bg_n": 527997.0,
  "summary_bg_p05": 5.564853191375732,
  "summary_bg_p95": 179.51463317871094,
  "summary_bg_stdv": 66.21438207490753,
  "summary_fg_k": 3.5169834408104315,
  "summary_fg_mad": 94.18555455237284,
  "summary_fg_mean": 551.4391208518373,
  "summary_fg_median": 560.6777954101562,
  "summary_fg_n": 172419.0,
  "summary_fg_p05": 310.7991638183594,
  "summary_fg_p95": 728.2551879882812,
  "summary_fg_stdv": 129.19377305321535,
  "tsnr": 36.43201167345978
}