{
  "aor": 0.00043066945606694555,
  "aqi": 0.014481654811715483,
  "bids_meta": {
    "EchoTime": 0.043,
    "FlipAngle": 80.0,
    "MagneticFieldStrength": 3.0,
    "Manufacturer": "SIEMENS",
    "ManufacturersModelName": "Verio",
    "MultibandAccelerationFactor": 4,
    "RepetitionTime": 2.0,
    "SliceTiming": [
      0.0,
      1.0575,
      0.1075,
      1.1625,
      0.2125,
      1.27,
      0.3175,
      1.375,
      0.4225,
      1.48,
      0.53,
      1.585,
      0.635,
      1.6925,
      0.74,
      1.7975,
      0.8475,
      1.9025,
      0.9525,
      0.0,
      1.0575,
      0.1075,
      1.1625,
      0.2125,
      1.27,
      0.3175,
      1.375,
      0.4225,
      1.48,
      0.53,
      1.585,
      0.635,
      1.6925,
      0.74,
      1.7975,
      0.8475,
      1.9025,
      0.9525,
      0.0,
      1.0575,
      0.1075,
      1.1625,
      0.2125,
      1.27,
      0.3175,
      1.375,
      0.4225,
      1.48,
      0.53,
      1.585,
      0.635,
      1.6925,
      0.74,
      1.7975,
      0.8475,
      1.9025,
      0.9525,
      0.0,
      1.0575,
      0.1075,
      1.1625,
      0.2125,
      1.27,
      0.3175,
      1.375,
      0.4225,
      1.48,
      0.53,
      1.585,
      0.635,
      1.6925,
      0.74,
      1.7975,
      0.8475,
      1.9025,
      0.9525
    ],
    "TaskName": "perception",
    "dataset": "ds001506",
    "modality": "bold",
    "run_id": 1,
    "session_id": "perceptionNaturalImageTraining02",
    "subject_id": "02",
    "task_id": "perception"
  },
  "dummy_trs": 0,
  "dvars_nstd": 39.37311930638655,
  "dvars_std": 1.2266297539915965,
  "dvars_vstd": 0.9991651055042022,
  "efc": 0.556018708271348,
  "fber": 1060.3944091796875,
  "fd_mean": 0.06114215172395103,
  "fd_num": 0,
  "fd_perc": 0.0,
  "fwhm_avg": 1.8290483678958835,
  "fwhm_x": 1.73627,
  "fwhm_y": 2.011285,
  "fwhm_z": 1.7395901036876502,
  "gcor": 0.0216496,
  "gsr_x": -0.020447440445423126,
  "gsr_y": 0.0519358329474926,
  "provenance": {
    "md5sum": "707a934cb6b0f987c79fac26abbaaee1",
    "settings": {
      "fd_thres": 0.2,
      "testing": false
    },
    "software": "mriqc",
    "version": "23.1.0"
  },
  "size_t": 239,
  "size_x": 96,
  "size_y": 96,
  "size_z": 76,
  "snr": 4.34144318923369,
  "spacing_tr": 2.0,
  "spacing_x": 2.0,
  "spacing_y": 2.0,
  "spacing_z": 1.9999998807907104,
  "summary_bg_k": 24.46437682084462,
  "summary_bg_mad": 14.894259361633873,
  "summary_bg_mean": 43.52177366850547,
  "summary_bg_median": 17.242677688598633,
  "summary_bg_n": 527891.0,
  "summary_bg_p05": 5.635982990264893,
  "summary_bg_p95": 176.95816040039062,
  "summary_bg_stdv": 65.90547299775817,
  "summary_fg_k": 3.610502276728294,
  "summary_fg_mad": 93.85675601960061,
  "summary_fg_mean": 552.1169698001917,
  "summary_fg_median": 561.4853515625,
  "summary_fg_n": 172525.0,
  "summary_fg_p05": 312.4728088378906,
  "summary_fg_p95": 727.9204711914062,
  "summary_fg_stdv": 129.3311232759242,
  "tsnr": 43.86766703194007
}