{
  "aor": 0.002105374449339207,
  "aqi": 0.03593876211453745,
  "bids_meta": {
    "EchoTime": 0.043,
    "FlipAngle": 80.0,
    "MagneticFieldStrength": 3.0,
    "Manufacturer": "SIEMENS",
    "ManufacturersModelName": "Verio",
    "MultibandAccelerationFactor": 4,
    "RepetitionTime": 2.0,
    "SliceTiming": [
      0.0,
      1.0575,
      0.1075,
      1.1625,
      0.2125,
      1.2675,
      0.3175,
      1.375,
      0.4225,
      1.48,
      0.53,
      1.585,
      0.635,
      1.6925,
      0.74,
      1.7975,
      0.845,
      1.9025,
      0.9525,
      0.0,
      1.0575,
      0.1075,
      1.1625,
      0.2125,
      1.2675,
      0.3175,
      1.375,
      0.4225,
      1.48,
      0.53,
      1.585,
      0.635,
      1.6925,
      0.74,
      1.7975,
      0.845,
      1.9025,
      0.9525,
      0.0,
      1.0575,
      0.1075,
      1.1625,
      0.2125,
      1.2675,
      0.3175,
      1.375,
      0.4225,
      1.48,
      0.53,
      1.585,
      0.635,
      1.6925,
      0.74,
      1.7975,
      0.845,
      1.9025,
      0.9525,
      0.0,
      1.0575,
      0.1075,
      1.1625,
      0.2125,
      1.2675,
      0.3175,
      1.375,
      0.4225,
      1.48,
      0.53,
      1.585,
      0.635,
      1.6925,
      0.74,
      1.7975,
      0.845,
      1.9025,
      0.9525
    ],
    "TaskName": "imagery",
    "dataset": "ds001506",
    "modality": "bold",
    "run_id": 6,
    "session_id": "imagery02",
    "subject_id": "03",
    "task_id": "imagery"
  },
  "dummy_trs": 0,
  "dvars_nstd": 54.31548668849559,
  "dvars_std": 1.32285578920354,
  "dvars_vstd": 0.9719352638938051,
  "efc": 0.5322521563031006,
  "fber": 1293.8515625,
  "fd_mean": 0.20332811255279895,
  "fd_num": 86,
  "fd_perc": 37.88546255506608,
  "fwhm_avg": 1.9232183333333335,
  "fwhm_x": 1.80318,
  "fwhm_y": 2.084295,
  "fwhm_z": 1.88218,
  "gcor": 0.0151047,
  "gsr_x": -0.024658268317580223,
  "gsr_y": 0.0386200025677681,
  "provenance": {
    "md5sum": "4a73187ef46f8f6170a10b10e0fae32e",
    "settings": {
      "fd_thres": 0.2,
      "testing": false
    },
    "software": "mriqc",
    "version": "23.1.0"
  },
  "size_t": 227,
  "size_x": 96,
  "size_y": 96,
  "size_z": 76,
  "snr": 4.495718540854536,
  "spacing_tr": 2.0,
  "spacing_x": 2.0,
  "spacing_y": 2.0,
  "spacing_z": 2.0,
  "summary_bg_k": 14.485777857600638,
  "summary_bg_mad": 12.598852702889403,
  "summary_bg_mean": 39.747003290970376,
  "summary_bg_median": 15.493391036987305,
  "summary_bg_n": 544860.0,
  "summary_bg_p05": 5.158590316772461,
  "summary_bg_p95": 169.77752685546875,
  "summary_bg_stdv": 59.58731717269898,
  "summary_fg_k": 3.572659442591565,
  "summary_fg_mad": 89.28262412622773,
  "summary_fg_mean": 556.0646777285225,
  "summary_fg_median": 557.299560546875,
  "summary_fg_n": 155556.0,
  "summary_fg_p05": 339.43609619140625,
  "summary_fg_p95": 734.5990600585938,
  "summary_fg_stdv": 123.9618904441398,
  "tsnr": 30.389380621491
}