{
  "aor": 0.00082784140969163,
  "aqi": 0.01564835154185022,
  "bids_meta": {
    "EchoTime": 0.043,
    "FlipAngle": 80.0,
    "MagneticFieldStrength": 3.0,
    "Manufacturer": "SIEMENS",
    "ManufacturersModelName": "Verio",
    "MultibandAccelerationFactor": 4,
    "RepetitionTime": 2.0,
    "SliceTiming": [
      0.0,
      1.055,
      0.105,
      1.16,
      0.21,
      1.2675,
      0.315,
      1.3725,
      0.4225,
      1.4775,
      0.5275,
      1.585,
      0.6325,
      1.69,
      0.7375,
      1.795,
      0.845,
      1.9,
      0.95,
      0.0,
      1.055,
      0.105,
      1.16,
      0.21,
      1.2675,
      0.315,
      1.3725,
      0.4225,
      1.4775,
      0.5275,
      1.585,
      0.6325,
      1.69,
      0.7375,
      1.795,
      0.845,
      1.9,
      0.95,
      0.0,
      1.055,
      0.105,
      1.16,
      0.21,
      1.2675,
      0.315,
      1.3725,
      0.4225,
      1.4775,
      0.5275,
      1.585,
      0.6325,
      1.69,
      0.7375,
      1.795,
      0.845,
      1.9,
      0.95,
      0.0,
      1.055,
      0.105,
      1.16,
      0.21,
      1.2675,
      0.315,
      1.3725,
      0.4225,
      1.4775,
      0.5275,
      1.585,
      0.6325,
      1.69,
      0.7375,
      1.795,
      0.845,
      1.9,
      0.95
    ],
    "TaskName": "imagery",
    "dataset": "ds001506",
    "modality": "bold",
    "run_id": 2,
    "session_id": "imagery02",
    "subject_id": "03",
    "task_id": "imagery"
  },
  "dummy_trs": 0,
  "dvars_nstd": 52.889420702831856,
  "dvars_std": 1.4200066892477865,
  "dvars_vstd": 1.0085378141592918,
  "efc": 0.5320119237367602,
  "fber": 1249.2625732421875,
  "fd_mean": 0.15450665045007558,
  "fd_num": 66,
  "fd_perc": 29.07488986784141,
  "fwhm_avg": 1.8804216666666667,
  "fwhm_x": 1.781335,
  "fwhm_y": 2.03418,
  "fwhm_z": 1.82575,
  "gcor": 0.0230081,
  "gsr_x": -0.026557009667158127,
  "gsr_y": 0.03694530948996544,
  "provenance": {
    "md5sum": "51039fb7fb23a5f3de04021f99b2bf3b",
    "settings": {
      "fd_thres": 0.2,
      "testing": false
    },
    "software": "mriqc",
    "version": "23.1.0"
  },
  "size_t": 227,
  "size_x": 96,
  "size_y": 96,
  "size_z": 76,
  "snr": 4.36415159535795,
  "spacing_tr": 2.0,
  "spacing_x": 2.0,
  "spacing_y": 2.0,
  "spacing_z": 2.0,
  "summary_bg_k": 15.090099304674101,
  "summary_bg_mad": 12.716417294549238,
  "summary_bg_mean": 40.268182799109525,
  "summary_bg_median": 15.920703887939453,
  "summary_bg_n": 544550.0,
  "summary_bg_p05": 5.370043754577637,
  "summary_bg_p95": 172.8193817138672,
  "summary_bg_stdv": 60.676121339961625,
  "summary_fg_k": 3.550646754338408,
  "summary_fg_mad": 92.00296030132023,
  "summary_fg_mean": 561.6845498116892,
  "summary_fg_median": 562.7158203125,
  "summary_fg_n": 155866.0,
  "summary_fg_p05": 338.5198059082031,
  "summary_fg_p95": 748.7488403320312,
  "summary_fg_stdv": 128.94007068435616,
  "tsnr": 44.736364748328924
}