{
  "aor": 0.001596784140969163,
  "aqi": 0.01910527444933921,
  "bids_meta": {
    "EchoTime": 0.043,
    "FlipAngle": 80.0,
    "MagneticFieldStrength": 3.0,
    "Manufacturer": "SIEMENS",
    "ManufacturersModelName": "Verio",
    "MultibandAccelerationFactor": 4,
    "RepetitionTime": 2.0,
    "SliceTiming": [
      0.0,
      1.0575,
      0.1075,
      1.1625,
      0.2125,
      1.27,
      0.3175,
      1.375,
      0.4225,
      1.48,
      0.53,
      1.585,
      0.635,
      1.6925,
      0.74,
      1.7975,
      0.8475,
      1.9025,
      0.9525,
      0.0,
      1.0575,
      0.1075,
      1.1625,
      0.2125,
      1.27,
      0.3175,
      1.375,
      0.4225,
      1.48,
      0.53,
      1.585,
      0.635,
      1.6925,
      0.74,
      1.7975,
      0.8475,
      1.9025,
      0.9525,
      0.0,
      1.0575,
      0.1075,
      1.1625,
      0.2125,
      1.27,
      0.3175,
      1.375,
      0.4225,
      1.48,
      0.53,
      1.585,
      0.635,
      1.6925,
      0.74,
      1.7975,
      0.8475,
      1.9025,
      0.9525,
      0.0,
      1.0575,
      0.1075,
      1.1625,
      0.2125,
      1.27,
      0.3175,
      1.375,
      0.4225,
      1.48,
      0.53,
      1.585,
      0.635,
      1.6925,
      0.74,
      1.7975,
      0.8475,
      1.9025,
      0.9525
    ],
    "TaskName": "imagery",
    "dataset": "ds001506",
    "modality": "bold",
    "run_id": 8,
    "session_id": "imagery02",
    "subject_id": "03",
    "task_id": "imagery"
  },
  "dummy_trs": 0,
  "dvars_nstd": 52.57652983190263,
  "dvars_std": 1.4343852293805321,
  "dvars_vstd": 1.0245405466814161,
  "efc": 0.5329928806072555,
  "fber": 1270.6466064453125,
  "fd_mean": 0.1550378339680383,
  "fd_num": 52,
  "fd_perc": 22.90748898678414,
  "fwhm_avg": 1.8665716666666665,
  "fwhm_x": 1.759585,
  "fwhm_y": 2.035035,
  "fwhm_z": 1.805095,
  "gcor": 0.0297716,
  "gsr_x": -0.024762574583292007,
  "gsr_y": 0.037910591810941696,
  "provenance": {
    "md5sum": "162d04f807c07aec5be47f3698697a2a",
    "settings": {
      "fd_thres": 0.2,
      "testing": false
    },
    "software": "mriqc",
    "version": "23.1.0"
  },
  "size_t": 227,
  "size_x": 96,
  "size_y": 96,
  "size_z": 76,
  "snr": 4.4546650284475104,
  "spacing_tr": 2.0,
  "spacing_x": 2.0,
  "spacing_y": 2.0,
  "spacing_z": 2.0,
  "summary_bg_k": 14.15337355010903,
  "summary_bg_mad": 12.51394541355274,
  "summary_bg_mean": 40.065389723335954,
  "summary_bg_median": 15.585902214050293,
  "summary_bg_n": 544922.0,
  "summary_bg_p05": 5.268722057342529,
  "summary_bg_p95": 171.44932556152344,
  "summary_bg_stdv": 60.05573133507266,
  "summary_fg_k": 3.51112726119859,
  "summary_fg_mad": 89.92931704337558,
  "summary_fg_mean": 554.2905600069819,
  "summary_fg_median": 555.5770874023438,
  "summary_fg_n": 155494.0,
  "summary_fg_p05": 337.0396423339844,
  "summary_fg_p95": 733.0,
  "summary_fg_stdv": 124.7176381077208,
  "tsnr": 40.50213566166349
}