{
  "aor": 0.000979121338912134,
  "aqi": 0.023186612552301256,
  "bids_meta": {
    "EchoTime": 0.043,
    "FlipAngle": 80.0,
    "MagneticFieldStrength": 3.0,
    "Manufacturer": "SIEMENS",
    "ManufacturersModelName": "Verio",
    "MultibandAccelerationFactor": 4,
    "RepetitionTime": 2.0,
    "SliceTiming": [
      0.0,
      1.0575,
      0.105,
      1.1625,
      0.21,
      1.2675,
      0.3175,
      1.3725,
      0.4225,
      1.48,
      0.5275,
      1.585,
      0.635,
      1.69,
      0.74,
      1.795,
      0.845,
      1.9025,
      0.95,
      0.0,
      1.0575,
      0.105,
      1.1625,
      0.21,
      1.2675,
      0.3175,
      1.3725,
      0.4225,
      1.48,
      0.5275,
      1.585,
      0.635,
      1.69,
      0.74,
      1.795,
      0.845,
      1.9025,
      0.95,
      0.0,
      1.0575,
      0.105,
      1.1625,
      0.21,
      1.2675,
      0.3175,
      1.3725,
      0.4225,
      1.48,
      0.5275,
      1.585,
      0.635,
      1.69,
      0.74,
      1.795,
      0.845,
      1.9025,
      0.95,
      0.0,
      1.0575,
      0.105,
      1.1625,
      0.21,
      1.2675,
      0.3175,
      1.3725,
      0.4225,
      1.48,
      0.5275,
      1.585,
      0.635,
      1.69,
      0.74,
      1.795,
      0.845,
      1.9025,
      0.95
    ],
    "TaskName": "perception",
    "dataset": "ds001506",
    "modality": "bold",
    "run_id": 7,
    "session_id": "perceptionNaturalImageTraining08",
    "subject_id": "03",
    "task_id": "perception"
  },
  "dummy_trs": 0,
  "dvars_nstd": 42.07398974021006,
  "dvars_std": 1.2335858208403359,
  "dvars_vstd": 0.9819588658823535,
  "efc": 0.5253941277356652,
  "fber": 1331.334716796875,
  "fd_mean": 0.12862933603772775,
  "fd_num": 37,
  "fd_perc": 15.481171548117155,
  "fwhm_avg": 1.8474966666666666,
  "fwhm_x": 1.73503,
  "fwhm_y": 2.01675,
  "fwhm_z": 1.79071,
  "gcor": 0.0170736,
  "gsr_x": -0.024679886177182198,
  "gsr_y": 0.03757304698228836,
  "provenance": {
    "md5sum": "9a0c0c73cf926b26d272b26ae2176e2e",
    "settings": {
      "fd_thres": 0.2,
      "testing": false
    },
    "software": "mriqc",
    "version": "23.1.0"
  },
  "size_t": 239,
  "size_x": 96,
  "size_y": 96,
  "size_z": 76,
  "snr": 4.3519133392514195,
  "spacing_tr": 2.0,
  "spacing_x": 2.0,
  "spacing_y": 2.0,
  "spacing_z": 2.0,
  "summary_bg_k": 16.41977993091577,
  "summary_bg_mad": 11.575462603700988,
  "summary_bg_mean": 36.83315416170001,
  "summary_bg_median": 14.849371910095215,
  "summary_bg_n": 546877.0,
  "summary_bg_p05": 5.096234321594238,
  "summary_bg_p95": 154.6736297607422,
  "summary_bg_stdv": 55.237461024493676,
  "summary_fg_k": 3.7359749914101403,
  "summary_fg_mad": 86.12747937814211,
  "summary_fg_mean": 539.4620246831491,
  "summary_fg_median": 541.8158569335938,
  "summary_fg_n": 153539.0,
  "summary_fg_p05": 321.55230712890625,
  "summary_fg_p95": 715.276123046875,
  "summary_fg_stdv": 124.5002026165602,
  "tsnr": 36.470070116221905
}