{
  "aor": 0.0007198326359832637,
  "aqi": 0.020550620920502093,
  "bids_meta": {
    "EchoTime": 0.043,
    "FlipAngle": 80.0,
    "MagneticFieldStrength": 3.0,
    "Manufacturer": "SIEMENS",
    "ManufacturersModelName": "Verio",
    "MultibandAccelerationFactor": 4,
    "RepetitionTime": 2.0,
    "SliceTiming": [
      0.0,
      1.055,
      0.105,
      1.16,
      0.21,
      1.2675,
      0.315,
      1.3725,
      0.4225,
      1.4775,
      0.5275,
      1.585,
      0.6325,
      1.69,
      0.7375,
      1.795,
      0.845,
      1.9,
      0.95,
      0.0,
      1.055,
      0.105,
      1.16,
      0.21,
      1.2675,
      0.315,
      1.3725,
      0.4225,
      1.4775,
      0.5275,
      1.585,
      0.6325,
      1.69,
      0.7375,
      1.795,
      0.845,
      1.9,
      0.95,
      0.0,
      1.055,
      0.105,
      1.16,
      0.21,
      1.2675,
      0.315,
      1.3725,
      0.4225,
      1.4775,
      0.5275,
      1.585,
      0.6325,
      1.69,
      0.7375,
      1.795,
      0.845,
      1.9,
      0.95,
      0.0,
      1.055,
      0.105,
      1.16,
      0.21,
      1.2675,
      0.315,
      1.3725,
      0.4225,
      1.4775,
      0.5275,
      1.585,
      0.6325,
      1.69,
      0.7375,
      1.795,
      0.845,
      1.9,
      0.95
    ],
    "TaskName": "perception",
    "dataset": "ds001506",
    "modality": "bold",
    "run_id": 8,
    "session_id": "perceptionNaturalImageTraining08",
    "subject_id": "03",
    "task_id": "perception"
  },
  "dummy_trs": 0,
  "dvars_nstd": 42.69986953268906,
  "dvars_std": 1.241448409873949,
  "dvars_vstd": 0.9727684331932769,
  "efc": 0.5256919693024867,
  "fber": 1292.7674560546875,
  "fd_mean": 0.1203666790613062,
  "fd_num": 15,
  "fd_perc": 6.2761506276150625,
  "fwhm_avg": 1.84792,
  "fwhm_x": 1.745625,
  "fwhm_y": 2.019885,
  "fwhm_z": 1.77825,
  "gcor": 0.0216483,
  "gsr_x": -0.024902664124965668,
  "gsr_y": 0.03642573207616806,
  "provenance": {
    "md5sum": "880e78cf804420c440e81ad6b514c0f6",
    "settings": {
      "fd_thres": 0.2,
      "testing": false
    },
    "software": "mriqc",
    "version": "23.1.0"
  },
  "size_t": 239,
  "size_x": 96,
  "size_y": 96,
  "size_z": 76,
  "snr": 4.306353142928341,
  "spacing_tr": 2.0,
  "spacing_x": 2.0,
  "spacing_y": 2.0,
  "spacing_z": 2.0,
  "summary_bg_k": 16.54078383015323,
  "summary_bg_mad": 11.786376998970841,
  "summary_bg_mean": 37.11643776997826,
  "summary_bg_median": 15.087865829467773,
  "summary_bg_n": 546937.0,
  "summary_bg_p05": 5.142259120941162,
  "summary_bg_p95": 156.1129608154297,
  "summary_bg_stdv": 55.682488598355846,
  "summary_fg_k": 3.7834238262204405,
  "summary_fg_mad": 86.69811472908793,
  "summary_fg_mean": 539.8733021580737,
  "summary_fg_median": 542.4853515625,
  "summary_fg_n": 153479.0,
  "summary_fg_p05": 317.56903076171875,
  "summary_fg_p95": 717.4309692382812,
  "summary_fg_stdv": 125.97285133371288,
  "tsnr": 38.458370885811746
}