{
  "aor": 0.0022723012552301257,
  "aqi": 0.016868222594142262,
  "bids_meta": {
    "EchoTime": 0.043,
    "FlipAngle": 80.0,
    "MagneticFieldStrength": 3.0,
    "Manufacturer": "SIEMENS",
    "ManufacturersModelName": "Verio",
    "MultibandAccelerationFactor": 4,
    "RepetitionTime": 2.0,
    "SliceTiming": [
      0.0,
      1.0575,
      0.1075,
      1.1625,
      0.2125,
      1.27,
      0.3175,
      1.375,
      0.425,
      1.48,
      0.53,
      1.585,
      0.635,
      1.6925,
      0.74,
      1.7975,
      0.8475,
      1.9025,
      0.9525,
      0.0,
      1.0575,
      0.1075,
      1.1625,
      0.2125,
      1.27,
      0.3175,
      1.375,
      0.425,
      1.48,
      0.53,
      1.585,
      0.635,
      1.6925,
      0.74,
      1.7975,
      0.8475,
      1.9025,
      0.9525,
      0.0,
      1.0575,
      0.1075,
      1.1625,
      0.2125,
      1.27,
      0.3175,
      1.375,
      0.425,
      1.48,
      0.53,
      1.585,
      0.635,
      1.6925,
      0.74,
      1.7975,
      0.8475,
      1.9025,
      0.9525,
      0.0,
      1.0575,
      0.1075,
      1.1625,
      0.2125,
      1.27,
      0.3175,
      1.375,
      0.425,
      1.48,
      0.53,
      1.585,
      0.635,
      1.6925,
      0.74,
      1.7975,
      0.8475,
      1.9025,
      0.9525
    ],
    "TaskName": "perception",
    "dataset": "ds001506",
    "modality": "bold",
    "run_id": 5,
    "session_id": "perceptionNaturalImageTraining08",
    "subject_id": "03",
    "task_id": "perception"
  },
  "dummy_trs": 0,
  "dvars_nstd": 41.062172400966396,
  "dvars_std": 1.2722178472268912,
  "dvars_vstd": 1.029619236008404,
  "efc": 0.52531358783883,
  "fber": 1329.9554443359375,
  "fd_mean": 0.1202154906263898,
  "fd_num": 22,
  "fd_perc": 9.205020920502092,
  "fwhm_avg": 1.8241466666666666,
  "fwhm_x": 1.71972,
  "fwhm_y": 1.999725,
  "fwhm_z": 1.752995,
  "gcor": 0.034224,
  "gsr_x": -0.024856774136424065,
  "gsr_y": 0.03793523833155632,
  "provenance": {
    "md5sum": "796edaebb24d731b6c512b0b857c717d",
    "settings": {
      "fd_thres": 0.2,
      "testing": false
    },
    "software": "mriqc",
    "version": "23.1.0"
  },
  "size_t": 239,
  "size_x": 96,
  "size_y": 96,
  "size_z": 76,
  "snr": 4.322059111105784,
  "spacing_tr": 2.0,
  "spacing_x": 2.0,
  "spacing_y": 2.0,
  "spacing_z": 2.0,
  "summary_bg_k": 17.260563371728306,
  "summary_bg_mad": 11.513429706579085,
  "summary_bg_mean": 36.93524879733434,
  "summary_bg_median": 14.903765678405762,
  "summary_bg_n": 546626.0,
  "summary_bg_p05": 5.154811382293701,
  "summary_bg_p95": 155.2635955810547,
  "summary_bg_stdv": 55.73399155696895,
  "summary_fg_k": 3.7760126091786423,
  "summary_fg_mad": 86.94316397272277,
  "summary_fg_mean": 540.9919578617111,
  "summary_fg_median": 543.518798828125,
  "summary_fg_n": 153790.0,
  "summary_fg_p05": 320.2384948730469,
  "summary_fg_p95": 719.7113037109375,
  "summary_fg_stdv": 125.75418747688408,
  "tsnr": 41.32624382665381
}