{
  "aor": 0.0005647698744769874,
  "aqi": 0.01429733891213389,
  "bids_meta": {
    "EchoTime": 0.043,
    "FlipAngle": 80.0,
    "MagneticFieldStrength": 3.0,
    "Manufacturer": "SIEMENS",
    "ManufacturersModelName": "Verio",
    "MultibandAccelerationFactor": 4,
    "RepetitionTime": 2.0,
    "SliceTiming": [
      0.0,
      1.0575,
      0.1075,
      1.1625,
      0.2125,
      1.2675,
      0.3175,
      1.375,
      0.4225,
      1.48,
      0.53,
      1.585,
      0.635,
      1.69,
      0.74,
      1.7975,
      0.845,
      1.9025,
      0.9525,
      0.0,
      1.0575,
      0.1075,
      1.1625,
      0.2125,
      1.2675,
      0.3175,
      1.375,
      0.4225,
      1.48,
      0.53,
      1.585,
      0.635,
      1.69,
      0.74,
      1.7975,
      0.845,
      1.9025,
      0.9525,
      0.0,
      1.0575,
      0.1075,
      1.1625,
      0.2125,
      1.2675,
      0.3175,
      1.375,
      0.4225,
      1.48,
      0.53,
      1.585,
      0.635,
      1.69,
      0.74,
      1.7975,
      0.845,
      1.9025,
      0.9525,
      0.0,
      1.0575,
      0.1075,
      1.1625,
      0.2125,
      1.2675,
      0.3175,
      1.375,
      0.4225,
      1.48,
      0.53,
      1.585,
      0.635,
      1.69,
      0.74,
      1.7975,
      0.845,
      1.9025,
      0.9525
    ],
    "TaskName": "perception",
    "dataset": "ds001506",
    "modality": "bold",
    "run_id": 6,
    "session_id": "perceptionNaturalImageTest01",
    "subject_id": "03",
    "task_id": "perception"
  },
  "dummy_trs": 0,
  "dvars_nstd": 36.77334956949581,
  "dvars_std": 1.1871739411344537,
  "dvars_vstd": 1.0035417023949578,
  "efc": 0.5273911964047147,
  "fber": 1439.114013671875,
  "fd_mean": 0.0808867218736322,
  "fd_num": 2,
  "fd_perc": 0.8368200836820083,
  "fwhm_avg": 1.8415166666666665,
  "fwhm_x": 1.734295,
  "fwhm_y": 2.017515,
  "fwhm_z": 1.77274,
  "gcor": 0.0149632,
  "gsr_x": -0.022860398516058922,
  "gsr_y": 0.04162630811333656,
  "provenance": {
    "md5sum": "a3c5f77f0d5b34cac1d48beedc0d30e0",
    "settings": {
      "fd_thres": 0.2,
      "testing": false
    },
    "software": "mriqc",
    "version": "23.1.0"
  },
  "size_t": 239,
  "size_x": 96,
  "size_y": 96,
  "size_z": 76,
  "snr": 4.447592864035999,
  "spacing_tr": 2.0,
  "spacing_x": 2.0,
  "spacing_y": 2.0,
  "spacing_z": 2.0,
  "summary_bg_k": 16.048528552296045,
  "summary_bg_mad": 10.266554759408166,
  "summary_bg_mean": 34.688846166427155,
  "summary_bg_median": 13.330543518066406,
  "summary_bg_n": 546350.0,
  "summary_bg_p05": 5.284518718719482,
  "summary_bg_p95": 145.07949829101562,
  "summary_bg_stdv": 51.63164713613827,
  "summary_fg_k": 3.614013898989244,
  "summary_fg_mad": 80.25281287268656,
  "summary_fg_mean": 503.43348344157585,
  "summary_fg_median": 505.7029113769531,
  "summary_fg_n": 154066.0,
  "summary_fg_p05": 303.7405700683594,
  "summary_fg_p95": 664.4309692382812,
  "summary_fg_stdv": 113.70223976080968,
  "tsnr": 45.97040598001331
}