{
  "aor": 0.0009011297071129707,
  "aqi": 0.016046071966527197,
  "bids_meta": {
    "EchoTime": 0.043,
    "FlipAngle": 80.0,
    "MagneticFieldStrength": 3.0,
    "Manufacturer": "SIEMENS",
    "ManufacturersModelName": "Verio",
    "MultibandAccelerationFactor": 4,
    "RepetitionTime": 2.0,
    "SliceTiming": [
      0.0,
      1.055,
      0.105,
      1.16,
      0.21,
      1.2675,
      0.315,
      1.3725,
      0.4225,
      1.4775,
      0.5275,
      1.585,
      0.6325,
      1.69,
      0.7375,
      1.795,
      0.845,
      1.9,
      0.95,
      0.0,
      1.055,
      0.105,
      1.16,
      0.21,
      1.2675,
      0.315,
      1.3725,
      0.4225,
      1.4775,
      0.5275,
      1.585,
      0.6325,
      1.69,
      0.7375,
      1.795,
      0.845,
      1.9,
      0.95,
      0.0,
      1.055,
      0.105,
      1.16,
      0.21,
      1.2675,
      0.315,
      1.3725,
      0.4225,
      1.4775,
      0.5275,
      1.585,
      0.6325,
      1.69,
      0.7375,
      1.795,
      0.845,
      1.9,
      0.95,
      0.0,
      1.055,
      0.105,
      1.16,
      0.21,
      1.2675,
      0.315,
      1.3725,
      0.4225,
      1.4775,
      0.5275,
      1.585,
      0.6325,
      1.69,
      0.7375,
      1.795,
      0.845,
      1.9,
      0.95
    ],
    "TaskName": "perception",
    "dataset": "ds001506",
    "modality": "bold",
    "run_id": 5,
    "session_id": "perceptionNaturalImageTest01",
    "subject_id": "03",
    "task_id": "perception"
  },
  "dummy_trs": 0,
  "dvars_nstd": 37.363243832394964,
  "dvars_std": 1.191542206176471,
  "dvars_vstd": 1.0078023520588235,
  "efc": 0.526988583615799,
  "fber": 1441.189208984375,
  "fd_mean": 0.09879182106764245,
  "fd_num": 11,
  "fd_perc": 4.602510460251046,
  "fwhm_avg": 1.8471066666666667,
  "fwhm_x": 1.737245,
  "fwhm_y": 2.025625,
  "fwhm_z": 1.77845,
  "gcor": 0.0162381,
  "gsr_x": -0.02302493527531624,
  "gsr_y": 0.04189148545265198,
  "provenance": {
    "md5sum": "b3c813ca25ef3a3f3fce8fe6d37526c4",
    "settings": {
      "fd_thres": 0.2,
      "testing": false
    },
    "software": "mriqc",
    "version": "23.1.0"
  },
  "size_t": 239,
  "size_x": 96,
  "size_y": 96,
  "size_z": 76,
  "snr": 4.450799795575295,
  "spacing_tr": 2.0,
  "spacing_x": 2.0,
  "spacing_y": 2.0,
  "spacing_z": 2.0,
  "summary_bg_k": 16.326163688423488,
  "summary_bg_mad": 10.303774780465238,
  "summary_bg_mean": 34.547167211943126,
  "summary_bg_median": 13.343095779418945,
  "summary_bg_n": 546336.0,
  "summary_bg_p05": 5.2635979652404785,
  "summary_bg_p95": 144.15480041503906,
  "summary_bg_stdv": 51.300874902730726,
  "summary_fg_k": 3.5902692770598446,
  "summary_fg_mad": 80.37687583909106,
  "summary_fg_mean": 504.1991476621088,
  "summary_fg_median": 506.5439147949219,
  "summary_fg_n": 154080.0,
  "summary_fg_p05": 303.61505126953125,
  "summary_fg_p95": 665.3870239257812,
  "summary_fg_stdv": 113.80926896029638,
  "tsnr": 42.94634645059705
}