{
  "aor": 0.0005535983263598327,
  "aqi": 0.01315745857740586,
  "bids_meta": {
    "EchoTime": 0.043,
    "FlipAngle": 80.0,
    "MagneticFieldStrength": 3.0,
    "Manufacturer": "SIEMENS",
    "ManufacturersModelName": "Verio",
    "MultibandAccelerationFactor": 4,
    "RepetitionTime": 2.0,
    "SliceTiming": [
      0.0,
      1.0575,
      0.105,
      1.1625,
      0.2125,
      1.2675,
      0.3175,
      1.375,
      0.4225,
      1.48,
      0.5275,
      1.585,
      0.635,
      1.69,
      0.74,
      1.7975,
      0.845,
      1.9025,
      0.9525,
      0.0,
      1.0575,
      0.105,
      1.1625,
      0.2125,
      1.2675,
      0.3175,
      1.375,
      0.4225,
      1.48,
      0.5275,
      1.585,
      0.635,
      1.69,
      0.74,
      1.7975,
      0.845,
      1.9025,
      0.9525,
      0.0,
      1.0575,
      0.105,
      1.1625,
      0.2125,
      1.2675,
      0.3175,
      1.375,
      0.4225,
      1.48,
      0.5275,
      1.585,
      0.635,
      1.69,
      0.74,
      1.7975,
      0.845,
      1.9025,
      0.9525,
      0.0,
      1.0575,
      0.105,
      1.1625,
      0.2125,
      1.2675,
      0.3175,
      1.375,
      0.4225,
      1.48,
      0.5275,
      1.585,
      0.635,
      1.69,
      0.74,
      1.7975,
      0.845,
      1.9025,
      0.9525
    ],
    "TaskName": "perception",
    "dataset": "ds001506",
    "modality": "bold",
    "run_id": 1,
    "session_id": "perceptionNaturalImageTest02",
    "subject_id": "03",
    "task_id": "perception"
  },
  "dummy_trs": 0,
  "dvars_nstd": 35.28666119596639,
  "dvars_std": 1.1882414647899155,
  "dvars_vstd": 1.0063926809663868,
  "efc": 0.5288932351373498,
  "fber": 1369.77099609375,
  "fd_mean": 0.07433888110745736,
  "fd_num": 0,
  "fd_perc": 0.0,
  "fwhm_avg": 1.8457466666666669,
  "fwhm_x": 1.73578,
  "fwhm_y": 2.026705,
  "fwhm_z": 1.774755,
  "gcor": 0.0151893,
  "gsr_x": -0.028739914298057556,
  "gsr_y": 0.04087736830115318,
  "provenance": {
    "md5sum": "e76235cd974478ad229f0024fc4f9237",
    "settings": {
      "fd_thres": 0.2,
      "testing": false
    },
    "software": "mriqc",
    "version": "23.1.0"
  },
  "size_t": 239,
  "size_x": 96,
  "size_y": 96,
  "size_z": 76,
  "snr": 4.334691249102774,
  "spacing_tr": 2.0,
  "spacing_x": 2.0,
  "spacing_y": 2.0,
  "spacing_z": 2.0,
  "summary_bg_k": 15.967716403739836,
  "summary_bg_mad": 11.290108873276818,
  "summary_bg_mean": 36.98532692178243,
  "summary_bg_median": 14.460250854492188,
  "summary_bg_n": 544737.0,
  "summary_bg_p05": 5.476987361907959,
  "summary_bg_p95": 154.60250854492188,
  "summary_bg_stdv": 55.31548932029252,
  "summary_fg_k": 3.9964760826822037,
  "summary_fg_mad": 86.92135567592956,
  "summary_fg_mean": 533.0867914487081,
  "summary_fg_median": 535.179931640625,
  "summary_fg_n": 155679.0,
  "summary_fg_p05": 317.05438232421875,
  "summary_fg_p95": 708.2844848632812,
  "summary_fg_stdv": 123.46397517734785,
  "tsnr": 46.931573094567284
}