{
  "aor": 0.0007807531380753138,
  "aqi": 0.015680114644351466,
  "bids_meta": {
    "EchoTime": 0.043,
    "FlipAngle": 80.0,
    "MagneticFieldStrength": 3.0,
    "Manufacturer": "SIEMENS",
    "ManufacturersModelName": "Verio",
    "MultibandAccelerationFactor": 4,
    "RepetitionTime": 2.0,
    "SliceTiming": [
      0.0,
      1.0575,
      0.105,
      1.1625,
      0.21,
      1.2675,
      0.3175,
      1.3725,
      0.4225,
      1.48,
      0.5275,
      1.585,
      0.635,
      1.69,
      0.74,
      1.795,
      0.845,
      1.9025,
      0.95,
      0.0,
      1.0575,
      0.105,
      1.1625,
      0.21,
      1.2675,
      0.3175,
      1.3725,
      0.4225,
      1.48,
      0.5275,
      1.585,
      0.635,
      1.69,
      0.74,
      1.795,
      0.845,
      1.9025,
      0.95,
      0.0,
      1.0575,
      0.105,
      1.1625,
      0.21,
      1.2675,
      0.3175,
      1.3725,
      0.4225,
      1.48,
      0.5275,
      1.585,
      0.635,
      1.69,
      0.74,
      1.795,
      0.845,
      1.9025,
      0.95,
      0.0,
      1.0575,
      0.105,
      1.1625,
      0.21,
      1.2675,
      0.3175,
      1.3725,
      0.4225,
      1.48,
      0.5275,
      1.585,
      0.635,
      1.69,
      0.74,
      1.795,
      0.845,
      1.9025,
      0.95
    ],
    "TaskName": "perception",
    "dataset": "ds001506",
    "modality": "bold",
    "run_id": 7,
    "session_id": "perceptionNaturalImageTraining07",
    "subject_id": "03",
    "task_id": "perception"
  },
  "dummy_trs": 0,
  "dvars_nstd": 41.048096809033616,
  "dvars_std": 1.2394995751680675,
  "dvars_vstd": 1.0090624039495795,
  "efc": 0.5240644825281718,
  "fber": 1492.439697265625,
  "fd_mean": 0.11943035791515984,
  "fd_num": 21,
  "fd_perc": 8.786610878661088,
  "fwhm_avg": 1.8497166666666667,
  "fwhm_x": 1.744915,
  "fwhm_y": 2.01635,
  "fwhm_z": 1.787885,
  "gcor": 0.0363457,
  "gsr_x": -0.02286297269165516,
  "gsr_y": 0.0358869694173336,
  "provenance": {
    "md5sum": "8771c45430b1e2d40b9114a4f401cc36",
    "settings": {
      "fd_thres": 0.2,
      "testing": false
    },
    "software": "mriqc",
    "version": "23.1.0"
  },
  "size_t": 239,
  "size_x": 96,
  "size_y": 96,
  "size_z": 76,
  "snr": 4.3044222024556085,
  "spacing_tr": 2.0,
  "spacing_x": 2.0,
  "spacing_y": 2.0,
  "spacing_z": 2.0,
  "summary_bg_k": 17.316611678020426,
  "summary_bg_mad": 10.19211401033419,
  "summary_bg_mean": 35.60624277296408,
  "summary_bg_median": 13.761506080627441,
  "summary_bg_n": 545863.0,
  "summary_bg_p05": 5.4142255783081055,
  "summary_bg_p95": 151.4393310546875,
  "summary_bg_stdv": 54.5862396682222,
  "summary_fg_k": 3.965511176164795,
  "summary_fg_mad": 85.686969881091,
  "summary_fg_mean": 530.0987110275419,
  "summary_fg_median": 531.635986328125,
  "summary_fg_n": 154553.0,
  "summary_fg_p05": 315.51043701171875,
  "summary_fg_p95": 705.7949829101562,
  "summary_fg_stdv": 123.50885703248312,
  "tsnr": 43.11597601650283
}