{
  "aor": 0.0005547280334728034,
  "aqi": 0.01581372217573222,
  "bids_meta": {
    "EchoTime": 0.043,
    "FlipAngle": 80.0,
    "MagneticFieldStrength": 3.0,
    "Manufacturer": "SIEMENS",
    "ManufacturersModelName": "Verio",
    "MultibandAccelerationFactor": 4,
    "RepetitionTime": 2.0,
    "SliceTiming": [
      0.0,
      1.055,
      0.105,
      1.16,
      0.21,
      1.2675,
      0.315,
      1.3725,
      0.4225,
      1.4775,
      0.5275,
      1.585,
      0.6325,
      1.69,
      0.7375,
      1.795,
      0.845,
      1.9,
      0.95,
      0.0,
      1.055,
      0.105,
      1.16,
      0.21,
      1.2675,
      0.315,
      1.3725,
      0.4225,
      1.4775,
      0.5275,
      1.585,
      0.6325,
      1.69,
      0.7375,
      1.795,
      0.845,
      1.9,
      0.95,
      0.0,
      1.055,
      0.105,
      1.16,
      0.21,
      1.2675,
      0.315,
      1.3725,
      0.4225,
      1.4775,
      0.5275,
      1.585,
      0.6325,
      1.69,
      0.7375,
      1.795,
      0.845,
      1.9,
      0.95,
      0.0,
      1.055,
      0.105,
      1.16,
      0.21,
      1.2675,
      0.315,
      1.3725,
      0.4225,
      1.4775,
      0.5275,
      1.585,
      0.6325,
      1.69,
      0.7375,
      1.795,
      0.845,
      1.9,
      0.95
    ],
    "TaskName": "perception",
    "dataset": "ds001506",
    "modality": "bold",
    "run_id": 2,
    "session_id": "perceptionNaturalImageTraining15",
    "subject_id": "03",
    "task_id": "perception"
  },
  "dummy_trs": 0,
  "dvars_nstd": 53.34377397823529,
  "dvars_std": 1.4521927102100833,
  "dvars_vstd": 0.9990413081512601,
  "efc": 0.5305120957332632,
  "fber": 1199.05322265625,
  "fd_mean": 0.10895629865376336,
  "fd_num": 13,
  "fd_perc": 5.439330543933054,
  "fwhm_avg": 1.86754,
  "fwhm_x": 1.76224,
  "fwhm_y": 2.035705,
  "fwhm_z": 1.804675,
  "gcor": 0.0214096,
  "gsr_x": -0.027710678055882454,
  "gsr_y": 0.039369091391563416,
  "provenance": {
    "md5sum": "2bff3331d00a76bbda604655d1597ca5",
    "settings": {
      "fd_thres": 0.2,
      "testing": false
    },
    "software": "mriqc",
    "version": "23.1.0"
  },
  "size_t": 239,
  "size_x": 96,
  "size_y": 96,
  "size_z": 76,
  "snr": 4.258150552067108,
  "spacing_tr": 2.0,
  "spacing_x": 2.0,
  "spacing_y": 2.0,
  "spacing_z": 2.0,
  "summary_bg_k": 17.279099585473915,
  "summary_bg_mad": 13.610165100365707,
  "summary_bg_mean": 41.30028407838063,
  "summary_bg_median": 16.70711326599121,
  "summary_bg_n": 545591.0,
  "summary_bg_p05": 5.46443510055542,
  "summary_bg_p95": 172.59832763671875,
  "summary_bg_stdv": 61.388651068740124,
  "summary_fg_k": 3.988954151776695,
  "summary_fg_mad": 96.03414704631459,
  "summary_fg_mean": 578.2862672399708,
  "summary_fg_median": 578.5230102539062,
  "summary_fg_n": 154825.0,
  "summary_fg_p05": 344.1422424316406,
  "summary_fg_p95": 774.7113037109375,
  "summary_fg_stdv": 135.86206848825572,
  "tsnr": 43.7468202970922
}