{
  "aor": 0.0021784937238493725,
  "aqi": 0.018478205020920506,
  "bids_meta": {
    "EchoTime": 0.043,
    "FlipAngle": 80.0,
    "MagneticFieldStrength": 3.0,
    "Manufacturer": "SIEMENS",
    "ManufacturersModelName": "Verio",
    "MultibandAccelerationFactor": 4,
    "RepetitionTime": 2.0,
    "SliceTiming": [
      0.0,
      1.055,
      0.105,
      1.1625,
      0.21,
      1.2675,
      0.3175,
      1.3725,
      0.4225,
      1.48,
      0.5275,
      1.585,
      0.6325,
      1.69,
      0.74,
      1.795,
      0.845,
      1.9025,
      0.95,
      0.0,
      1.055,
      0.105,
      1.1625,
      0.21,
      1.2675,
      0.3175,
      1.3725,
      0.4225,
      1.48,
      0.5275,
      1.585,
      0.6325,
      1.69,
      0.74,
      1.795,
      0.845,
      1.9025,
      0.95,
      0.0,
      1.055,
      0.105,
      1.1625,
      0.21,
      1.2675,
      0.3175,
      1.3725,
      0.4225,
      1.48,
      0.5275,
      1.585,
      0.6325,
      1.69,
      0.74,
      1.795,
      0.845,
      1.9025,
      0.95,
      0.0,
      1.055,
      0.105,
      1.1625,
      0.21,
      1.2675,
      0.3175,
      1.3725,
      0.4225,
      1.48,
      0.5275,
      1.585,
      0.6325,
      1.69,
      0.74,
      1.795,
      0.845,
      1.9025,
      0.95
    ],
    "TaskName": "perception",
    "dataset": "ds001506",
    "modality": "bold",
    "run_id": 4,
    "session_id": "perceptionNaturalImageTraining15",
    "subject_id": "03",
    "task_id": "perception"
  },
  "dummy_trs": 0,
  "dvars_nstd": 51.12036559147057,
  "dvars_std": 1.4308354390756306,
  "dvars_vstd": 1.0327925010084031,
  "efc": 0.5317078401111957,
  "fber": 1160.5963134765625,
  "fd_mean": 0.1456462332286248,
  "fd_num": 43,
  "fd_perc": 17.99163179916318,
  "fwhm_avg": 1.8718633333333334,
  "fwhm_x": 1.769065,
  "fwhm_y": 2.043785,
  "fwhm_z": 1.80274,
  "gcor": 0.027913,
  "gsr_x": -0.027650980278849602,
  "gsr_y": 0.038818858563899994,
  "provenance": {
    "md5sum": "8e560617b91253d22a50839ce3239bfa",
    "settings": {
      "fd_thres": 0.2,
      "testing": false
    },
    "software": "mriqc",
    "version": "23.1.0"
  },
  "size_t": 239,
  "size_x": 96,
  "size_y": 96,
  "size_z": 76,
  "snr": 4.276938363384339,
  "spacing_tr": 2.0,
  "spacing_x": 2.0,
  "spacing_y": 2.0,
  "spacing_z": 2.0,
  "summary_bg_k": 16.852466011297285,
  "summary_bg_mad": 13.83348381278849,
  "summary_bg_mean": 41.61043115626718,
  "summary_bg_median": 16.916316986083984,
  "summary_bg_n": 545835.0,
  "summary_bg_p05": 5.472803115844727,
  "summary_bg_p95": 173.23849487304688,
  "summary_bg_stdv": 61.39450783989352,
  "summary_fg_k": 3.787295928184289,
  "summary_fg_mad": 95.240089766811,
  "summary_fg_mean": 575.6821707548161,
  "summary_fg_median": 576.2970581054688,
  "summary_fg_n": 154581.0,
  "summary_fg_p05": 342.25103759765625,
  "summary_fg_p95": 769.8618774414062,
  "summary_fg_stdv": 134.74479758101634,
  "tsnr": 40.08893388626166
}