{
  "aor": 0.006052256410256409,
  "aqi": 0.026902921025641027,
  "bids_meta": {
    "EchoTime": 0.043,
    "FlipAngle": 80.0,
    "MagneticFieldStrength": 3.0,
    "Manufacturer": "SIEMENS",
    "ManufacturersModelName": "Verio",
    "MultibandAccelerationFactor": 4,
    "RepetitionTime": 2.0,
    "SliceTiming": [
      0.0,
      1.055,
      0.105,
      1.1625,
      0.21,
      1.2675,
      0.3175,
      1.3725,
      0.4225,
      1.4775,
      0.5275,
      1.585,
      0.6325,
      1.69,
      0.74,
      1.795,
      0.845,
      1.9,
      0.95,
      0.0,
      1.055,
      0.105,
      1.1625,
      0.21,
      1.2675,
      0.3175,
      1.3725,
      0.4225,
      1.4775,
      0.5275,
      1.585,
      0.6325,
      1.69,
      0.74,
      1.795,
      0.845,
      1.9,
      0.95,
      0.0,
      1.055,
      0.105,
      1.1625,
      0.21,
      1.2675,
      0.3175,
      1.3725,
      0.4225,
      1.4775,
      0.5275,
      1.585,
      0.6325,
      1.69,
      0.74,
      1.795,
      0.845,
      1.9,
      0.95,
      0.0,
      1.055,
      0.105,
      1.1625,
      0.21,
      1.2675,
      0.3175,
      1.3725,
      0.4225,
      1.4775,
      0.5275,
      1.585,
      0.6325,
      1.69,
      0.74,
      1.795,
      0.845,
      1.9,
      0.95
    ],
    "TaskName": "perception",
    "dataset": "ds001506",
    "modality": "bold",
    "run_id": 5,
    "session_id": "perceptionArtificialImage01",
    "subject_id": "02",
    "task_id": "perception"
  },
  "dummy_trs": 0,
  "dvars_nstd": 46.14486989278352,
  "dvars_std": 1.2929223356185564,
  "dvars_vstd": 1.0634787053608248,
  "efc": 0.5640270529003096,
  "fber": 838.9625854492188,
  "fd_mean": 0.13904402577129413,
  "fd_num": 27,
  "fd_perc": 13.846153846153847,
  "fwhm_avg": 1.8690183333333332,
  "fwhm_x": 1.76425,
  "fwhm_y": 2.075495,
  "fwhm_z": 1.76731,
  "gcor": 0.0205016,
  "gsr_x": -0.023324137553572655,
  "gsr_y": 0.05027225613594055,
  "provenance": {
    "md5sum": "448e415ba581c97d347fbc122239643b",
    "settings": {
      "fd_thres": 0.2,
      "testing": false
    },
    "software": "mriqc",
    "version": "23.1.0"
  },
  "size_t": 195,
  "size_x": 96,
  "size_y": 96,
  "size_z": 76,
  "snr": 4.451944437313075,
  "spacing_tr": 2.0,
  "spacing_x": 2.0,
  "spacing_y": 2.0,
  "spacing_z": 2.0,
  "summary_bg_k": 21.708937703247294,
  "summary_bg_mad": 17.15256830337162,
  "summary_bg_mean": 45.67385792369989,
  "summary_bg_median": 19.112821578979492,
  "summary_bg_n": 527737.0,
  "summary_bg_p05": 5.6769232749938965,
  "summary_bg_p95": 183.4564208984375,
  "summary_bg_stdv": 66.33242067541251,
  "summary_fg_k": 3.149644485760093,
  "summary_fg_mad": 89.054949127341,
  "summary_fg_mean": 543.4182770419362,
  "summary_fg_median": 553.6000366210938,
  "summary_fg_n": 172679.0,
  "summary_fg_p05": 309.68206787109375,
  "summary_fg_p95": 711.2923583984375,
  "summary_fg_stdv": 124.34980746940336,
  "tsnr": 32.84274041466415
}