{
  "aor": 0.000680051282051282,
  "aqi": 0.02251748256410257,
  "bids_meta": {
    "EchoTime": 0.043,
    "FlipAngle": 80.0,
    "MagneticFieldStrength": 3.0,
    "Manufacturer": "SIEMENS",
    "ManufacturersModelName": "Verio",
    "MultibandAccelerationFactor": 4,
    "RepetitionTime": 2.0,
    "SliceTiming": [
      0.0,
      1.0575,
      0.1075,
      1.1625,
      0.2125,
      1.27,
      0.3175,
      1.375,
      0.425,
      1.48,
      0.53,
      1.585,
      0.635,
      1.6925,
      0.74,
      1.7975,
      0.8475,
      1.9025,
      0.9525,
      0.0,
      1.0575,
      0.1075,
      1.1625,
      0.2125,
      1.27,
      0.3175,
      1.375,
      0.425,
      1.48,
      0.53,
      1.585,
      0.635,
      1.6925,
      0.74,
      1.7975,
      0.8475,
      1.9025,
      0.9525,
      0.0,
      1.0575,
      0.1075,
      1.1625,
      0.2125,
      1.27,
      0.3175,
      1.375,
      0.425,
      1.48,
      0.53,
      1.585,
      0.635,
      1.6925,
      0.74,
      1.7975,
      0.8475,
      1.9025,
      0.9525,
      0.0,
      1.0575,
      0.1075,
      1.1625,
      0.2125,
      1.27,
      0.3175,
      1.375,
      0.425,
      1.48,
      0.53,
      1.585,
      0.635,
      1.6925,
      0.74,
      1.7975,
      0.8475,
      1.9025,
      0.9525
    ],
    "TaskName": "perception",
    "dataset": "ds001506",
    "modality": "bold",
    "run_id": 10,
    "session_id": "perceptionArtificialImage01",
    "subject_id": "02",
    "task_id": "perception"
  },
  "dummy_trs": 0,
  "dvars_nstd": 42.809132389072154,
  "dvars_std": 1.2248189256185569,
  "dvars_vstd": 0.9890914629896911,
  "efc": 0.5626494218662305,
  "fber": 890.6871337890625,
  "fd_mean": 0.09867512136841354,
  "fd_num": 7,
  "fd_perc": 3.58974358974359,
  "fwhm_avg": 1.8542466666666666,
  "fwhm_x": 1.75283,
  "fwhm_y": 2.05881,
  "fwhm_z": 1.7511,
  "gcor": 0.0152235,
  "gsr_x": -0.022034311667084694,
  "gsr_y": 0.050863757729530334,
  "provenance": {
    "md5sum": "2fd87c5b90cb8cb0885a492dedd52d49",
    "settings": {
      "fd_thres": 0.2,
      "testing": false
    },
    "software": "mriqc",
    "version": "23.1.0"
  },
  "size_t": 195,
  "size_x": 96,
  "size_y": 96,
  "size_z": 76,
  "snr": 4.500516456563792,
  "spacing_tr": 2.0,
  "spacing_x": 2.0,
  "spacing_y": 2.0,
  "spacing_z": 2.0,
  "summary_bg_k": 22.48505908181113,
  "summary_bg_mad": 16.37705387321286,
  "summary_bg_mean": 44.68889822085483,
  "summary_bg_median": 18.487180709838867,
  "summary_bg_n": 527447.0,
  "summary_bg_p05": 5.671794891357422,
  "summary_bg_p95": 178.72821044921875,
  "summary_bg_stdv": 65.49895525410801,
  "summary_fg_k": 3.0603359981435148,
  "summary_fg_mad": 88.05140551142138,
  "summary_fg_mean": 541.0189150870307,
  "summary_fg_median": 551.7384643554688,
  "summary_fg_n": 172969.0,
  "summary_fg_p05": 308.5692443847656,
  "summary_fg_p95": 705.6102905273438,
  "summary_fg_stdv": 122.59412331285883,
  "tsnr": 36.369763740804046
}