{
  "aor": 0.001362974358974359,
  "aqi": 0.02218790871794872,
  "bids_meta": {
    "EchoTime": 0.043,
    "FlipAngle": 80.0,
    "MagneticFieldStrength": 3.0,
    "Manufacturer": "SIEMENS",
    "ManufacturersModelName": "Verio",
    "MultibandAccelerationFactor": 4,
    "RepetitionTime": 2.0,
    "SliceTiming": [
      0.0,
      1.055,
      0.105,
      1.1625,
      0.21,
      1.2675,
      0.3175,
      1.3725,
      0.4225,
      1.48,
      0.5275,
      1.585,
      0.6325,
      1.69,
      0.74,
      1.795,
      0.845,
      1.9025,
      0.95,
      0.0,
      1.055,
      0.105,
      1.1625,
      0.21,
      1.2675,
      0.3175,
      1.3725,
      0.4225,
      1.48,
      0.5275,
      1.585,
      0.6325,
      1.69,
      0.74,
      1.795,
      0.845,
      1.9025,
      0.95,
      0.0,
      1.055,
      0.105,
      1.1625,
      0.21,
      1.2675,
      0.3175,
      1.3725,
      0.4225,
      1.48,
      0.5275,
      1.585,
      0.6325,
      1.69,
      0.74,
      1.795,
      0.845,
      1.9025,
      0.95,
      0.0,
      1.055,
      0.105,
      1.1625,
      0.21,
      1.2675,
      0.3175,
      1.3725,
      0.4225,
      1.48,
      0.5275,
      1.585,
      0.6325,
      1.69,
      0.74,
      1.795,
      0.845,
      1.9025,
      0.95
    ],
    "TaskName": "perception",
    "dataset": "ds001506",
    "modality": "bold",
    "run_id": 7,
    "session_id": "perceptionArtificialImage01",
    "subject_id": "02",
    "task_id": "perception"
  },
  "dummy_trs": 0,
  "dvars_nstd": 43.558696628659774,
  "dvars_std": 1.220643737525773,
  "dvars_vstd": 1.003241551907216,
  "efc": 0.5648035389993455,
  "fber": 837.6622924804688,
  "fd_mean": 0.12534119189712448,
  "fd_num": 28,
  "fd_perc": 14.35897435897436,
  "fwhm_avg": 1.8585683333333334,
  "fwhm_x": 1.76048,
  "fwhm_y": 2.05817,
  "fwhm_z": 1.757055,
  "gcor": 0.0281234,
  "gsr_x": -0.02264004573225975,
  "gsr_y": 0.049238596111536026,
  "provenance": {
    "md5sum": "1ce7a9512fbebe3b1b61bdd06804ca02",
    "settings": {
      "fd_thres": 0.2,
      "testing": false
    },
    "software": "mriqc",
    "version": "23.1.0"
  },
  "size_t": 195,
  "size_x": 96,
  "size_y": 96,
  "size_z": 76,
  "snr": 4.482651734777978,
  "spacing_tr": 2.0,
  "spacing_x": 2.0,
  "spacing_y": 2.0,
  "spacing_z": 2.0,
  "summary_bg_k": 20.351129270011274,
  "summary_bg_mad": 17.053728249732558,
  "summary_bg_mean": 45.52026934297148,
  "summary_bg_median": 19.05128288269043,
  "summary_bg_n": 527345.0,
  "summary_bg_p05": 5.671794891357422,
  "summary_bg_p95": 182.7948760986328,
  "summary_bg_stdv": 65.86970448350505,
  "summary_fg_k": 3.0444644812536987,
  "summary_fg_mad": 88.89532325371772,
  "summary_fg_mean": 540.5808978452778,
  "summary_fg_median": 551.3897705078125,
  "summary_fg_n": 173071.0,
  "summary_fg_p05": 307.67181396484375,
  "summary_fg_p95": 705.7230834960938,
  "summary_fg_stdv": 123.00491097029764,
  "tsnr": 35.772827267530374
}