{
  "aor": 0.000768744769874477,
  "aqi": 0.015474668619246863,
  "bids_meta": {
    "EchoTime": 0.043,
    "FlipAngle": 80.0,
    "MagneticFieldStrength": 3.0,
    "Manufacturer": "SIEMENS",
    "ManufacturersModelName": "Verio",
    "MultibandAccelerationFactor": 4,
    "RepetitionTime": 2.0,
    "SliceTiming": [
      0.0,
      1.0575,
      0.105,
      1.1625,
      0.21,
      1.2675,
      0.3175,
      1.3725,
      0.4225,
      1.48,
      0.5275,
      1.585,
      0.6325,
      1.69,
      0.74,
      1.795,
      0.845,
      1.9025,
      0.95,
      0.0,
      1.0575,
      0.105,
      1.1625,
      0.21,
      1.2675,
      0.3175,
      1.3725,
      0.4225,
      1.48,
      0.5275,
      1.585,
      0.6325,
      1.69,
      0.74,
      1.795,
      0.845,
      1.9025,
      0.95,
      0.0,
      1.0575,
      0.105,
      1.1625,
      0.21,
      1.2675,
      0.3175,
      1.3725,
      0.4225,
      1.48,
      0.5275,
      1.585,
      0.6325,
      1.69,
      0.74,
      1.795,
      0.845,
      1.9025,
      0.95,
      0.0,
      1.0575,
      0.105,
      1.1625,
      0.21,
      1.2675,
      0.3175,
      1.3725,
      0.4225,
      1.48,
      0.5275,
      1.585,
      0.6325,
      1.69,
      0.74,
      1.795,
      0.845,
      1.9025,
      0.95
    ],
    "TaskName": "perception",
    "dataset": "ds001506",
    "modality": "bold",
    "run_id": 1,
    "session_id": "perceptionNaturalImageTraining06",
    "subject_id": "03",
    "task_id": "perception"
  },
  "dummy_trs": 0,
  "dvars_nstd": 44.59305915500001,
  "dvars_std": 1.319260854201682,
  "dvars_vstd": 1.0068882493277307,
  "efc": 0.5267361270177537,
  "fber": 1363.178955078125,
  "fd_mean": 0.11308622063984823,
  "fd_num": 17,
  "fd_perc": 7.112970711297071,
  "fwhm_avg": 1.8581133333333335,
  "fwhm_x": 1.752065,
  "fwhm_y": 2.034625,
  "fwhm_z": 1.78765,
  "gcor": 0.0246312,
  "gsr_x": -0.026970921084284782,
  "gsr_y": 0.038670193403959274,
  "provenance": {
    "md5sum": "ef724cded1cc965bb8a2b393362a6e5a",
    "settings": {
      "fd_thres": 0.2,
      "testing": false
    },
    "software": "mriqc",
    "version": "23.1.0"
  },
  "size_t": 239,
  "size_x": 96,
  "size_y": 96,
  "size_z": 76,
  "snr": 4.333480994377341,
  "spacing_tr": 2.0,
  "spacing_x": 2.0,
  "spacing_y": 2.0,
  "spacing_z": 2.0,
  "summary_bg_k": 15.98390750956668,
  "summary_bg_mad": 12.07173143635484,
  "summary_bg_mean": 38.38614730374514,
  "summary_bg_median": 15.19665241241455,
  "summary_bg_n": 545727.0,
  "summary_bg_p05": 5.2384934425354,
  "summary_bg_p95": 161.56484985351562,
  "summary_bg_stdv": 57.63607039852025,
  "summary_fg_k": 3.708144269488999,
  "summary_fg_mad": 90.87915433503476,
  "summary_fg_mean": 559.5027748788218,
  "summary_fg_median": 561.0794677734375,
  "summary_fg_n": 154689.0,
  "summary_fg_p05": 334.7865905761719,
  "summary_fg_p95": 744.2551879882812,
  "summary_fg_stdv": 129.47504671784367,
  "tsnr": 44.47194830188528
}