{
  "aor": 0.0012220502092050208,
  "aqi": 0.017843756903765693,
  "bids_meta": {
    "EchoTime": 0.043,
    "FlipAngle": 80.0,
    "MagneticFieldStrength": 3.0,
    "Manufacturer": "SIEMENS",
    "ManufacturersModelName": "Verio",
    "MultibandAccelerationFactor": 4,
    "RepetitionTime": 2.0,
    "SliceTiming": [
      0.0,
      1.055,
      0.105,
      1.1625,
      0.21,
      1.2675,
      0.315,
      1.3725,
      0.4225,
      1.4775,
      0.5275,
      1.585,
      0.6325,
      1.69,
      0.74,
      1.795,
      0.845,
      1.9,
      0.95,
      0.0,
      1.055,
      0.105,
      1.1625,
      0.21,
      1.2675,
      0.315,
      1.3725,
      0.4225,
      1.4775,
      0.5275,
      1.585,
      0.6325,
      1.69,
      0.74,
      1.795,
      0.845,
      1.9,
      0.95,
      0.0,
      1.055,
      0.105,
      1.1625,
      0.21,
      1.2675,
      0.315,
      1.3725,
      0.4225,
      1.4775,
      0.5275,
      1.585,
      0.6325,
      1.69,
      0.74,
      1.795,
      0.845,
      1.9,
      0.95,
      0.0,
      1.055,
      0.105,
      1.1625,
      0.21,
      1.2675,
      0.315,
      1.3725,
      0.4225,
      1.4775,
      0.5275,
      1.585,
      0.6325,
      1.69,
      0.74,
      1.795,
      0.845,
      1.9,
      0.95
    ],
    "TaskName": "perception",
    "dataset": "ds001506",
    "modality": "bold",
    "run_id": 6,
    "session_id": "perceptionNaturalImageTraining06",
    "subject_id": "03",
    "task_id": "perception"
  },
  "dummy_trs": 0,
  "dvars_nstd": 40.858045810798316,
  "dvars_std": 1.2410119734453797,
  "dvars_vstd": 1.0002332099999998,
  "efc": 0.5288312480262226,
  "fber": 1348.8304443359375,
  "fd_mean": 0.12455602619443613,
  "fd_num": 28,
  "fd_perc": 11.715481171548117,
  "fwhm_avg": 1.86177,
  "fwhm_x": 1.75575,
  "fwhm_y": 2.034825,
  "fwhm_z": 1.794735,
  "gcor": 0.0328696,
  "gsr_x": -0.02736608125269413,
  "gsr_y": 0.038396503776311874,
  "provenance": {
    "md5sum": "dd86ca2b2559c3952bb62ee1b9e3e4d8",
    "settings": {
      "fd_thres": 0.2,
      "testing": false
    },
    "software": "mriqc",
    "version": "23.1.0"
  },
  "size_t": 239,
  "size_x": 96,
  "size_y": 96,
  "size_z": 76,
  "snr": 4.345359621537013,
  "spacing_tr": 2.0,
  "spacing_x": 2.0,
  "spacing_y": 2.0,
  "spacing_z": 2.0,
  "summary_bg_k": 15.78288392781505,
  "summary_bg_mad": 12.170984354533815,
  "summary_bg_mean": 39.269803661124726,
  "summary_bg_median": 15.26359748840332,
  "summary_bg_n": 545973.0,
  "summary_bg_p05": 5.276150703430176,
  "summary_bg_p95": 165.38075256347656,
  "summary_bg_stdv": 58.6377699377608,
  "summary_fg_k": 3.7085722716924536,
  "summary_fg_mad": 90.61243253089381,
  "summary_fg_mean": 558.9851404965832,
  "summary_fg_median": 560.577392578125,
  "summary_fg_n": 154443.0,
  "summary_fg_p05": 333.820068359375,
  "summary_fg_p95": 742.0250854492188,
  "summary_fg_stdv": 129.00556606659723,
  "tsnr": 41.34113396331668
}