{
  "aor": 0.0015151046025104603,
  "aqi": 0.01550991338912134,
  "bids_meta": {
    "EchoTime": 0.043,
    "FlipAngle": 80.0,
    "MagneticFieldStrength": 3.0,
    "Manufacturer": "SIEMENS",
    "ManufacturersModelName": "Verio",
    "MultibandAccelerationFactor": 4,
    "RepetitionTime": 2.0,
    "SliceTiming": [
      0.0,
      1.0575,
      0.105,
      1.1625,
      0.2125,
      1.2675,
      0.3175,
      1.375,
      0.4225,
      1.48,
      0.5275,
      1.585,
      0.635,
      1.69,
      0.74,
      1.7975,
      0.845,
      1.9025,
      0.9525,
      0.0,
      1.0575,
      0.105,
      1.1625,
      0.2125,
      1.2675,
      0.3175,
      1.375,
      0.4225,
      1.48,
      0.5275,
      1.585,
      0.635,
      1.69,
      0.74,
      1.7975,
      0.845,
      1.9025,
      0.9525,
      0.0,
      1.0575,
      0.105,
      1.1625,
      0.2125,
      1.2675,
      0.3175,
      1.375,
      0.4225,
      1.48,
      0.5275,
      1.585,
      0.635,
      1.69,
      0.74,
      1.7975,
      0.845,
      1.9025,
      0.9525,
      0.0,
      1.0575,
      0.105,
      1.1625,
      0.2125,
      1.2675,
      0.3175,
      1.375,
      0.4225,
      1.48,
      0.5275,
      1.585,
      0.635,
      1.69,
      0.74,
      1.7975,
      0.845,
      1.9025,
      0.9525
    ],
    "TaskName": "perception",
    "dataset": "ds001506",
    "modality": "bold",
    "run_id": 3,
    "session_id": "perceptionNaturalImageTraining06",
    "subject_id": "03",
    "task_id": "perception"
  },
  "dummy_trs": 0,
  "dvars_nstd": 40.42915848327733,
  "dvars_std": 1.2686569634873948,
  "dvars_vstd": 1.0183026016386556,
  "efc": 0.5281949915107507,
  "fber": 1348.8236083984375,
  "fd_mean": 0.11062951300443666,
  "fd_num": 19,
  "fd_perc": 7.949790794979079,
  "fwhm_avg": 1.8567333333333333,
  "fwhm_x": 1.75075,
  "fwhm_y": 2.02814,
  "fwhm_z": 1.79131,
  "gcor": 0.0304995,
  "gsr_x": -0.02779376320540905,
  "gsr_y": 0.03818175569176674,
  "provenance": {
    "md5sum": "fb01c9f90d15e96b53172470cc243128",
    "settings": {
      "fd_thres": 0.2,
      "testing": false
    },
    "software": "mriqc",
    "version": "23.1.0"
  },
  "size_t": 239,
  "size_x": 96,
  "size_y": 96,
  "size_z": 76,
  "snr": 4.342378007857392,
  "spacing_tr": 2.0,
  "spacing_x": 2.0,
  "spacing_y": 2.0,
  "spacing_z": 2.0,
  "summary_bg_k": 15.665781574953932,
  "summary_bg_mad": 12.208205082550716,
  "summary_bg_mean": 39.260845525783,
  "summary_bg_median": 15.33472728729248,
  "summary_bg_n": 545986.0,
  "summary_bg_p05": 5.271966457366943,
  "summary_bg_p95": 166.08367919921875,
  "summary_bg_stdv": 58.92553887563108,
  "summary_fg_k": 3.800725670572458,
  "summary_fg_mad": 91.58018701244949,
  "summary_fg_mean": 561.7819698887739,
  "summary_fg_median": 563.1882934570312,
  "summary_fg_n": 154430.0,
  "summary_fg_p05": 336.9205017089844,
  "summary_fg_p95": 745.8074951171875,
  "summary_fg_stdv": 129.69540399132003,
  "tsnr": 44.34005255391821
}