{
  "aor": 0.00043502202643171806,
  "aqi": 0.0160817140969163,
  "bids_meta": {
    "EchoTime": 0.043,
    "FlipAngle": 80.0,
    "MagneticFieldStrength": 3.0,
    "Manufacturer": "SIEMENS",
    "ManufacturersModelName": "Verio",
    "MultibandAccelerationFactor": 4,
    "RepetitionTime": 2.0,
    "SliceTiming": [
      0.0,
      1.0575,
      0.105,
      1.1625,
      0.2125,
      1.2675,
      0.3175,
      1.375,
      0.4225,
      1.48,
      0.53,
      1.585,
      0.635,
      1.69,
      0.74,
      1.7975,
      0.845,
      1.9025,
      0.9525,
      0.0,
      1.0575,
      0.105,
      1.1625,
      0.2125,
      1.2675,
      0.3175,
      1.375,
      0.4225,
      1.48,
      0.53,
      1.585,
      0.635,
      1.69,
      0.74,
      1.7975,
      0.845,
      1.9025,
      0.9525,
      0.0,
      1.0575,
      0.105,
      1.1625,
      0.2125,
      1.2675,
      0.3175,
      1.375,
      0.4225,
      1.48,
      0.53,
      1.585,
      0.635,
      1.69,
      0.74,
      1.7975,
      0.845,
      1.9025,
      0.9525,
      0.0,
      1.0575,
      0.105,
      1.1625,
      0.2125,
      1.2675,
      0.3175,
      1.375,
      0.4225,
      1.48,
      0.53,
      1.585,
      0.635,
      1.69,
      0.74,
      1.7975,
      0.845,
      1.9025,
      0.9525
    ],
    "TaskName": "imagery",
    "dataset": "ds001506",
    "modality": "bold",
    "run_id": 2,
    "session_id": "imagery03",
    "subject_id": "02",
    "task_id": "imagery"
  },
  "dummy_trs": 0,
  "dvars_nstd": 42.720538181725665,
  "dvars_std": 1.2377811654867255,
  "dvars_vstd": 0.9937875736283177,
  "efc": 0.5600765232781505,
  "fber": 957.42822265625,
  "fd_mean": 0.05633547926082985,
  "fd_num": 1,
  "fd_perc": 0.44052863436123346,
  "fwhm_avg": 1.874723333333333,
  "fwhm_x": 1.769185,
  "fwhm_y": 2.05761,
  "fwhm_z": 1.797375,
  "gcor": 0.0113332,
  "gsr_x": -0.019070077687501907,
  "gsr_y": 0.048433274030685425,
  "provenance": {
    "md5sum": "4b07ff2023b87b5f8b24bf9add2c5f58",
    "settings": {
      "fd_thres": 0.2,
      "testing": false
    },
    "software": "mriqc",
    "version": "23.1.0"
  },
  "size_t": 227,
  "size_x": 96,
  "size_y": 96,
  "size_z": 76,
  "snr": 4.388264157385078,
  "spacing_tr": 2.0,
  "spacing_x": 2.0,
  "spacing_y": 2.0,
  "spacing_z": 2.0,
  "summary_bg_k": 22.5088284700941,
  "summary_bg_mad": 14.67580099803284,
  "summary_bg_mean": 42.963238615261595,
  "summary_bg_median": 17.418500900268555,
  "summary_bg_n": 527190.0,
  "summary_bg_p05": 5.929515361785889,
  "summary_bg_p95": 173.5550537109375,
  "summary_bg_stdv": 63.99407658262962,
  "summary_fg_k": 3.1313839078802337,
  "summary_fg_mad": 89.06716539317952,
  "summary_fg_mean": 530.1504673964641,
  "summary_fg_median": 538.9691162109375,
  "summary_fg_n": 173226.0,
  "summary_fg_p05": 300.9118957519531,
  "summary_fg_p95": 696.8898315429688,
  "summary_fg_stdv": 122.82021801712297,
  "tsnr": 41.069733733311296
}