{
  "aor": 0.0007157948717948718,
  "aqi": 0.012154442564102563,
  "bids_meta": {
    "EchoTime": 0.043,
    "FlipAngle": 80.0,
    "MagneticFieldStrength": 3.0,
    "Manufacturer": "SIEMENS",
    "ManufacturersModelName": "Verio",
    "MultibandAccelerationFactor": 4,
    "RepetitionTime": 2.0,
    "SliceTiming": [
      0.0,
      1.0575,
      0.1075,
      1.1625,
      0.2125,
      1.27,
      0.3175,
      1.375,
      0.4225,
      1.48,
      0.53,
      1.585,
      0.635,
      1.6925,
      0.74,
      1.7975,
      0.8475,
      1.9025,
      0.9525,
      0.0,
      1.0575,
      0.1075,
      1.1625,
      0.2125,
      1.27,
      0.3175,
      1.375,
      0.4225,
      1.48,
      0.53,
      1.585,
      0.635,
      1.6925,
      0.74,
      1.7975,
      0.8475,
      1.9025,
      0.9525,
      0.0,
      1.0575,
      0.1075,
      1.1625,
      0.2125,
      1.27,
      0.3175,
      1.375,
      0.4225,
      1.48,
      0.53,
      1.585,
      0.635,
      1.6925,
      0.74,
      1.7975,
      0.8475,
      1.9025,
      0.9525,
      0.0,
      1.0575,
      0.1075,
      1.1625,
      0.2125,
      1.27,
      0.3175,
      1.375,
      0.4225,
      1.48,
      0.53,
      1.585,
      0.635,
      1.6925,
      0.74,
      1.7975,
      0.8475,
      1.9025,
      0.9525
    ],
    "TaskName": "perception",
    "dataset": "ds001506",
    "modality": "bold",
    "run_id": 1,
    "session_id": "perceptionArtificialImage02",
    "subject_id": "02",
    "task_id": "perception"
  },
  "dummy_trs": 0,
  "dvars_nstd": 40.71333080974227,
  "dvars_std": 1.2513436920103094,
  "dvars_vstd": 1.009370130927835,
  "efc": 0.5545061360645843,
  "fber": 1168.861328125,
  "fd_mean": 0.05671995892858417,
  "fd_num": 2,
  "fd_perc": 1.0256410256410255,
  "fwhm_avg": 1.83885,
  "fwhm_x": 1.74435,
  "fwhm_y": 2.028195,
  "fwhm_z": 1.744005,
  "gcor": 0.00841702,
  "gsr_x": -0.01644738018512726,
  "gsr_y": 0.050062090158462524,
  "provenance": {
    "md5sum": "12495b02c9feff6e9b217e93fc8e80b7",
    "settings": {
      "fd_thres": 0.2,
      "testing": false
    },
    "software": "mriqc",
    "version": "23.1.0"
  },
  "size_t": 195,
  "size_x": 96,
  "size_y": 96,
  "size_z": 76,
  "snr": 4.391784479410275,
  "spacing_tr": 2.0,
  "spacing_x": 2.0,
  "spacing_y": 2.0,
  "spacing_z": 2.0,
  "summary_bg_k": 22.640708264122633,
  "summary_bg_mad": 13.84522288074269,
  "summary_bg_mean": 42.64983783734614,
  "summary_bg_median": 16.394872665405273,
  "summary_bg_n": 527877.0,
  "summary_bg_p05": 5.635897636413574,
  "summary_bg_p95": 176.1846160888672,
  "summary_bg_stdv": 65.01148372889456,
  "summary_fg_k": 3.272619321848632,
  "summary_fg_mad": 92.86407130664855,
  "summary_fg_mean": 550.1263400599547,
  "summary_fg_median": 560.5179443359375,
  "summary_fg_n": 172539.0,
  "summary_fg_p05": 310.2769470214844,
  "summary_fg_p95": 720.7282104492188,
  "summary_fg_stdv": 127.62837580918678,
  "tsnr": 46.35936933103949
}