{
  "aor": 0.000610923076923077,
  "aqi": 0.018398590256410257,
  "bids_meta": {
    "EchoTime": 0.043,
    "FlipAngle": 80.0,
    "MagneticFieldStrength": 3.0,
    "Manufacturer": "SIEMENS",
    "ManufacturersModelName": "Verio",
    "MultibandAccelerationFactor": 4,
    "RepetitionTime": 2.0,
    "SliceTiming": [
      0.0,
      1.0575,
      0.1075,
      1.1625,
      0.2125,
      1.2675,
      0.3175,
      1.375,
      0.4225,
      1.48,
      0.53,
      1.585,
      0.635,
      1.6925,
      0.74,
      1.7975,
      0.845,
      1.9025,
      0.9525,
      0.0,
      1.0575,
      0.1075,
      1.1625,
      0.2125,
      1.2675,
      0.3175,
      1.375,
      0.4225,
      1.48,
      0.53,
      1.585,
      0.635,
      1.6925,
      0.74,
      1.7975,
      0.845,
      1.9025,
      0.9525,
      0.0,
      1.0575,
      0.1075,
      1.1625,
      0.2125,
      1.2675,
      0.3175,
      1.375,
      0.4225,
      1.48,
      0.53,
      1.585,
      0.635,
      1.6925,
      0.74,
      1.7975,
      0.845,
      1.9025,
      0.9525,
      0.0,
      1.0575,
      0.1075,
      1.1625,
      0.2125,
      1.2675,
      0.3175,
      1.375,
      0.4225,
      1.48,
      0.53,
      1.585,
      0.635,
      1.6925,
      0.74,
      1.7975,
      0.845,
      1.9025,
      0.9525
    ],
    "TaskName": "perception",
    "dataset": "ds001506",
    "modality": "bold",
    "run_id": 5,
    "session_id": "perceptionArtificialImage02",
    "subject_id": "02",
    "task_id": "perception"
  },
  "dummy_trs": 0,
  "dvars_nstd": 40.90882203989689,
  "dvars_std": 1.2245355430927833,
  "dvars_vstd": 0.9867108439690722,
  "efc": 0.5539762979811523,
  "fber": 1244.3201904296875,
  "fd_mean": 0.0841739813344101,
  "fd_num": 3,
  "fd_perc": 1.5384615384615385,
  "fwhm_avg": 1.868485,
  "fwhm_x": 1.76902,
  "fwhm_y": 2.057195,
  "fwhm_z": 1.77924,
  "gcor": 0.0118597,
  "gsr_x": -0.0162225142121315,
  "gsr_y": 0.049661166965961456,
  "provenance": {
    "md5sum": "8911ed241a38a379e5c1fde48a255ae7",
    "settings": {
      "fd_thres": 0.2,
      "testing": false
    },
    "software": "mriqc",
    "version": "23.1.0"
  },
  "size_t": 195,
  "size_x": 96,
  "size_y": 96,
  "size_z": 76,
  "snr": 4.4025884041160745,
  "spacing_tr": 2.0,
  "spacing_x": 2.0,
  "spacing_y": 2.0,
  "spacing_z": 2.0,
  "summary_bg_k": 22.780320516155736,
  "summary_bg_mad": 13.453665403104573,
  "summary_bg_mean": 42.463874806841936,
  "summary_bg_median": 15.92051362991333,
  "summary_bg_n": 527660.0,
  "summary_bg_p05": 5.5333333015441895,
  "summary_bg_p95": 175.61026000976562,
  "summary_bg_stdv": 65.07859323630453,
  "summary_fg_k": 3.1661379292401772,
  "summary_fg_mad": 92.59042695186578,
  "summary_fg_mean": 551.4755850520035,
  "summary_fg_median": 561.5949096679688,
  "summary_fg_n": 172756.0,
  "summary_fg_p05": 312.1333312988281,
  "summary_fg_p95": 722.5385131835938,
  "summary_fg_stdv": 127.55979726413335,
  "tsnr": 39.151502103428356
}