{
  "aor": 0.0007767692307692308,
  "aqi": 0.015663605128205128,
  "bids_meta": {
    "EchoTime": 0.043,
    "FlipAngle": 80.0,
    "MagneticFieldStrength": 3.0,
    "Manufacturer": "SIEMENS",
    "ManufacturersModelName": "Verio",
    "MultibandAccelerationFactor": 4,
    "RepetitionTime": 2.0,
    "SliceTiming": [
      0.0,
      1.0575,
      0.105,
      1.1625,
      0.2125,
      1.2675,
      0.3175,
      1.375,
      0.4225,
      1.48,
      0.5275,
      1.585,
      0.635,
      1.69,
      0.74,
      1.7975,
      0.845,
      1.9025,
      0.9525,
      0.0,
      1.0575,
      0.105,
      1.1625,
      0.2125,
      1.2675,
      0.3175,
      1.375,
      0.4225,
      1.48,
      0.5275,
      1.585,
      0.635,
      1.69,
      0.74,
      1.7975,
      0.845,
      1.9025,
      0.9525,
      0.0,
      1.0575,
      0.105,
      1.1625,
      0.2125,
      1.2675,
      0.3175,
      1.375,
      0.4225,
      1.48,
      0.5275,
      1.585,
      0.635,
      1.69,
      0.74,
      1.7975,
      0.845,
      1.9025,
      0.9525,
      0.0,
      1.0575,
      0.105,
      1.1625,
      0.2125,
      1.2675,
      0.3175,
      1.375,
      0.4225,
      1.48,
      0.5275,
      1.585,
      0.635,
      1.69,
      0.74,
      1.7975,
      0.845,
      1.9025,
      0.9525
    ],
    "TaskName": "perception",
    "dataset": "ds001506",
    "modality": "bold",
    "run_id": 8,
    "session_id": "perceptionArtificialImage02",
    "subject_id": "02",
    "task_id": "perception"
  },
  "dummy_trs": 0,
  "dvars_nstd": 40.35483745670102,
  "dvars_std": 1.225876359948454,
  "dvars_vstd": 1.001905789639175,
  "efc": 0.5530213063411222,
  "fber": 1230.3992919921875,
  "fd_mean": 0.07789634875451205,
  "fd_num": 3,
  "fd_perc": 1.5384615384615385,
  "fwhm_avg": 1.8776483333333334,
  "fwhm_x": 1.77492,
  "fwhm_y": 2.069805,
  "fwhm_z": 1.78822,
  "gcor": 0.0139891,
  "gsr_x": -0.015307843685150146,
  "gsr_y": 0.04925670847296715,
  "provenance": {
    "md5sum": "3bf150e1a33b71149efa8cdde8764c3b",
    "settings": {
      "fd_thres": 0.2,
      "testing": false
    },
    "software": "mriqc",
    "version": "23.1.0"
  },
  "size_t": 195,
  "size_x": 96,
  "size_y": 96,
  "size_z": 76,
  "snr": 4.3884025365706085,
  "spacing_tr": 2.0,
  "spacing_x": 2.0,
  "spacing_y": 2.0,
  "spacing_z": 2.0,
  "summary_bg_k": 23.102637339249878,
  "summary_bg_mad": 13.351023319507203,
  "summary_bg_mean": 42.17092560846135,
  "summary_bg_median": 15.974359512329102,
  "summary_bg_n": 528239.0,
  "summary_bg_p05": 5.615384578704834,
  "summary_bg_p95": 174.05641174316406,
  "summary_bg_stdv": 64.76099847408639,
  "summary_fg_k": 3.067285124191092,
  "summary_fg_mad": 93.17590280353394,
  "summary_fg_mean": 549.2915117657714,
  "summary_fg_median": 560.3333740234375,
  "summary_fg_n": 172177.0,
  "summary_fg_p05": 308.66156005859375,
  "summary_fg_p95": 718.4410400390625,
  "summary_fg_stdv": 127.68467389898379,
  "tsnr": 41.56312057748437
}