{
  "aor": 0.0009225165562913906,
  "aqi": 0.014953819205298011,
  "bids_meta": {
    "EchoTime": 0.043,
    "FlipAngle": 80.0,
    "MagneticFieldStrength": 3.0,
    "Manufacturer": "SIEMENS",
    "ManufacturersModelName": "Verio",
    "MultibandAccelerationFactor": 4,
    "RepetitionTime": 2.0,
    "SliceTiming": [
      0.0,
      1.0575,
      0.1075,
      1.1625,
      0.2125,
      1.2675,
      0.3175,
      1.375,
      0.4225,
      1.48,
      0.53,
      1.585,
      0.635,
      1.6925,
      0.74,
      1.7975,
      0.845,
      1.9025,
      0.9525,
      0.0,
      1.0575,
      0.1075,
      1.1625,
      0.2125,
      1.2675,
      0.3175,
      1.375,
      0.4225,
      1.48,
      0.53,
      1.585,
      0.635,
      1.6925,
      0.74,
      1.7975,
      0.845,
      1.9025,
      0.9525,
      0.0,
      1.0575,
      0.1075,
      1.1625,
      0.2125,
      1.2675,
      0.3175,
      1.375,
      0.4225,
      1.48,
      0.53,
      1.585,
      0.635,
      1.6925,
      0.74,
      1.7975,
      0.845,
      1.9025,
      0.9525,
      0.0,
      1.0575,
      0.1075,
      1.1625,
      0.2125,
      1.2675,
      0.3175,
      1.375,
      0.4225,
      1.48,
      0.53,
      1.585,
      0.635,
      1.6925,
      0.74,
      1.7975,
      0.845,
      1.9025,
      0.9525
    ],
    "TaskName": "perception",
    "dataset": "ds001506",
    "modality": "bold",
    "run_id": 7,
    "session_id": "perceptionLetterImage01",
    "subject_id": "03",
    "task_id": "perception"
  },
  "dummy_trs": 0,
  "dvars_nstd": 43.58246470146665,
  "dvars_std": 1.2644837844000003,
  "dvars_vstd": 1.0112467728666668,
  "efc": 0.5341128099800402,
  "fber": 1284.202392578125,
  "fd_mean": 0.10084308798229955,
  "fd_num": 7,
  "fd_perc": 4.635761589403973,
  "fwhm_avg": 1.8546683333333334,
  "fwhm_x": 1.73517,
  "fwhm_y": 2.02913,
  "fwhm_z": 1.799705,
  "gcor": 0.0217045,
  "gsr_x": -0.0268658846616745,
  "gsr_y": 0.04844234511256218,
  "provenance": {
    "md5sum": "55bc926dc1cb4f576d396beedf04f735",
    "settings": {
      "fd_thres": 0.2,
      "testing": false
    },
    "software": "mriqc",
    "version": "23.1.0"
  },
  "size_t": 151,
  "size_x": 96,
  "size_y": 96,
  "size_z": 76,
  "snr": 4.444000617576572,
  "spacing_tr": 2.0,
  "spacing_x": 2.0,
  "spacing_y": 2.0,
  "spacing_z": 2.0,
  "summary_bg_k": 14.475045482213385,
  "summary_bg_mad": 10.191662969963533,
  "summary_bg_mean": 35.04584376842964,
  "summary_bg_median": 13.589404106140137,
  "summary_bg_n": 544532.0,
  "summary_bg_p05": 5.622516632080078,
  "summary_bg_p95": 144.2384033203125,
  "summary_bg_stdv": 50.96748744075226,
  "summary_fg_k": 4.339782118510273,
  "summary_fg_mad": 78.25386981807299,
  "summary_fg_mean": 486.53450455409495,
  "summary_fg_median": 486.98675537109375,
  "summary_fg_n": 155884.0,
  "summary_fg_p05": 297.58941650390625,
  "summary_fg_p95": 644.4304809570312,
  "summary_fg_stdv": 109.5826115383552,
  "tsnr": 44.18385029723868
}