{
  "aor": 0.0009027814569536423,
  "aqi": 0.01503798013245033,
  "bids_meta": {
    "EchoTime": 0.043,
    "FlipAngle": 80.0,
    "MagneticFieldStrength": 3.0,
    "Manufacturer": "SIEMENS",
    "ManufacturersModelName": "Verio",
    "MultibandAccelerationFactor": 4,
    "RepetitionTime": 2.0,
    "SliceTiming": [
      0.0,
      1.055,
      0.105,
      1.1625,
      0.21,
      1.2675,
      0.315,
      1.3725,
      0.4225,
      1.4775,
      0.5275,
      1.585,
      0.6325,
      1.69,
      0.74,
      1.795,
      0.845,
      1.9,
      0.95,
      0.0,
      1.055,
      0.105,
      1.1625,
      0.21,
      1.2675,
      0.315,
      1.3725,
      0.4225,
      1.4775,
      0.5275,
      1.585,
      0.6325,
      1.69,
      0.74,
      1.795,
      0.845,
      1.9,
      0.95,
      0.0,
      1.055,
      0.105,
      1.1625,
      0.21,
      1.2675,
      0.315,
      1.3725,
      0.4225,
      1.4775,
      0.5275,
      1.585,
      0.6325,
      1.69,
      0.74,
      1.795,
      0.845,
      1.9,
      0.95,
      0.0,
      1.055,
      0.105,
      1.1625,
      0.21,
      1.2675,
      0.315,
      1.3725,
      0.4225,
      1.4775,
      0.5275,
      1.585,
      0.6325,
      1.69,
      0.74,
      1.795,
      0.845,
      1.9,
      0.95
    ],
    "TaskName": "perception",
    "dataset": "ds001506",
    "modality": "bold",
    "run_id": 12,
    "session_id": "perceptionLetterImage01",
    "subject_id": "03",
    "task_id": "perception"
  },
  "dummy_trs": 0,
  "dvars_nstd": 39.710513381866654,
  "dvars_std": 1.1923180822000001,
  "dvars_vstd": 1.0085323650666667,
  "efc": 0.5348939776231333,
  "fber": 1249.2275390625,
  "fd_mean": 0.09685014612736,
  "fd_num": 4,
  "fd_perc": 2.6490066225165565,
  "fwhm_avg": 1.854825,
  "fwhm_x": 1.73673,
  "fwhm_y": 2.034125,
  "fwhm_z": 1.79362,
  "gcor": 0.0139801,
  "gsr_x": -0.026953749358654022,
  "gsr_y": 0.04797876253724098,
  "provenance": {
    "md5sum": "799c4a5e3108faf63e64743b27be94c8",
    "settings": {
      "fd_thres": 0.2,
      "testing": false
    },
    "software": "mriqc",
    "version": "23.1.0"
  },
  "size_t": 151,
  "size_x": 96,
  "size_y": 96,
  "size_z": 76,
  "snr": 4.449011742839191,
  "spacing_tr": 2.0,
  "spacing_x": 2.0,
  "spacing_y": 2.0,
  "spacing_z": 2.0,
  "summary_bg_k": 14.246181231300525,
  "summary_bg_mad": 10.358578306379695,
  "summary_bg_mean": 35.308894115640804,
  "summary_bg_median": 13.748344421386719,
  "summary_bg_n": 544776.0,
  "summary_bg_p05": 5.6490068435668945,
  "summary_bg_p95": 144.87417602539062,
  "summary_bg_stdv": 51.265689790523695,
  "summary_fg_k": 4.028300477097612,
  "summary_fg_mad": 77.52731871868447,
  "summary_fg_mean": 485.29787597733304,
  "summary_fg_median": 485.9271545410156,
  "summary_fg_n": 155640.0,
  "summary_fg_p05": 295.8741760253906,
  "summary_fg_p95": 643.4503173828125,
  "summary_fg_stdv": 109.22101841141266,
  "tsnr": 43.850100602256134
}