{
  "aor": 0.0010388079470198676,
  "aqi": 0.015306606622516554,
  "bids_meta": {
    "EchoTime": 0.043,
    "FlipAngle": 80.0,
    "MagneticFieldStrength": 3.0,
    "Manufacturer": "SIEMENS",
    "ManufacturersModelName": "Verio",
    "MultibandAccelerationFactor": 4,
    "RepetitionTime": 2.0,
    "SliceTiming": [
      0.0,
      1.0575,
      0.1075,
      1.1625,
      0.2125,
      1.27,
      0.3175,
      1.375,
      0.425,
      1.48,
      0.53,
      1.585,
      0.635,
      1.6925,
      0.74,
      1.7975,
      0.8475,
      1.9025,
      0.9525,
      0.0,
      1.0575,
      0.1075,
      1.1625,
      0.2125,
      1.27,
      0.3175,
      1.375,
      0.425,
      1.48,
      0.53,
      1.585,
      0.635,
      1.6925,
      0.74,
      1.7975,
      0.8475,
      1.9025,
      0.9525,
      0.0,
      1.0575,
      0.1075,
      1.1625,
      0.2125,
      1.27,
      0.3175,
      1.375,
      0.425,
      1.48,
      0.53,
      1.585,
      0.635,
      1.6925,
      0.74,
      1.7975,
      0.8475,
      1.9025,
      0.9525,
      0.0,
      1.0575,
      0.1075,
      1.1625,
      0.2125,
      1.27,
      0.3175,
      1.375,
      0.425,
      1.48,
      0.53,
      1.585,
      0.635,
      1.6925,
      0.74,
      1.7975,
      0.8475,
      1.9025,
      0.9525
    ],
    "TaskName": "perception",
    "dataset": "ds001506",
    "modality": "bold",
    "run_id": 1,
    "session_id": "perceptionLetterImage01",
    "subject_id": "03",
    "task_id": "perception"
  },
  "dummy_trs": 0,
  "dvars_nstd": 48.21372957853332,
  "dvars_std": 1.3471119746000002,
  "dvars_vstd": 1.0137100238666663,
  "efc": 0.5318857821329979,
  "fber": 1304.7501220703125,
  "fd_mean": 0.09535580350018409,
  "fd_num": 4,
  "fd_perc": 2.6490066225165565,
  "fwhm_avg": 1.8706516666666666,
  "fwhm_x": 1.749485,
  "fwhm_y": 2.04641,
  "fwhm_z": 1.81606,
  "gcor": 0.0113061,
  "gsr_x": -0.02656153030693531,
  "gsr_y": 0.04952537268400192,
  "provenance": {
    "md5sum": "5bc925ebd3078559200292ff85414604",
    "settings": {
      "fd_thres": 0.2,
      "testing": false
    },
    "software": "mriqc",
    "version": "23.1.0"
  },
  "size_t": 151,
  "size_x": 96,
  "size_y": 96,
  "size_z": 76,
  "snr": 4.399768996501734,
  "spacing_tr": 2.0,
  "spacing_x": 2.0,
  "spacing_y": 2.0,
  "spacing_z": 2.0,
  "summary_bg_k": 14.656313065038063,
  "summary_bg_mad": 10.152388523644497,
  "summary_bg_mean": 34.287661306488864,
  "summary_bg_median": 13.509933471679688,
  "summary_bg_n": 544204.0,
  "summary_bg_p05": 5.516556262969971,
  "summary_bg_p95": 140.17880249023438,
  "summary_bg_stdv": 49.994253595866525,
  "summary_fg_k": 4.889856126375867,
  "summary_fg_mad": 79.40760563566282,
  "summary_fg_mean": 487.9339095224696,
  "summary_fg_median": 487.99668884277344,
  "summary_fg_n": 156212.0,
  "summary_fg_p05": 297.7549743652344,
  "summary_fg_p95": 648.9801025390625,
  "summary_fg_stdv": 110.91380644279378,
  "tsnr": 43.04390521533787
}