{
  "aor": 0.0035626490066225165,
  "aqi": 0.018388382119205297,
  "bids_meta": {
    "EchoTime": 0.043,
    "FlipAngle": 80.0,
    "MagneticFieldStrength": 3.0,
    "Manufacturer": "SIEMENS",
    "ManufacturersModelName": "Verio",
    "MultibandAccelerationFactor": 4,
    "RepetitionTime": 2.0,
    "SliceTiming": [
      0.0,
      1.055,
      0.105,
      1.1625,
      0.21,
      1.2675,
      0.3175,
      1.3725,
      0.4225,
      1.48,
      0.5275,
      1.585,
      0.6325,
      1.69,
      0.74,
      1.795,
      0.845,
      1.9025,
      0.95,
      0.0,
      1.055,
      0.105,
      1.1625,
      0.21,
      1.2675,
      0.3175,
      1.3725,
      0.4225,
      1.48,
      0.5275,
      1.585,
      0.6325,
      1.69,
      0.74,
      1.795,
      0.845,
      1.9025,
      0.95,
      0.0,
      1.055,
      0.105,
      1.1625,
      0.21,
      1.2675,
      0.3175,
      1.3725,
      0.4225,
      1.48,
      0.5275,
      1.585,
      0.6325,
      1.69,
      0.74,
      1.795,
      0.845,
      1.9025,
      0.95,
      0.0,
      1.055,
      0.105,
      1.1625,
      0.21,
      1.2675,
      0.3175,
      1.3725,
      0.4225,
      1.48,
      0.5275,
      1.585,
      0.6325,
      1.69,
      0.74,
      1.795,
      0.845,
      1.9025,
      0.95
    ],
    "TaskName": "perception",
    "dataset": "ds001506",
    "modality": "bold",
    "run_id": 6,
    "session_id": "perceptionLetterImage01",
    "subject_id": "03",
    "task_id": "perception"
  },
  "dummy_trs": 0,
  "dvars_nstd": 46.25692624393332,
  "dvars_std": 1.3187109384666673,
  "dvars_vstd": 1.0410787770666672,
  "efc": 0.5339774786786842,
  "fber": 1294.9093017578125,
  "fd_mean": 0.11087624771017246,
  "fd_num": 10,
  "fd_perc": 6.622516556291391,
  "fwhm_avg": 1.8620416666666664,
  "fwhm_x": 1.74494,
  "fwhm_y": 2.030525,
  "fwhm_z": 1.81066,
  "gcor": 0.0219272,
  "gsr_x": -0.02719265967607498,
  "gsr_y": 0.04904814809560776,
  "provenance": {
    "md5sum": "5d95b3b072c8e3629580c71f002857d6",
    "settings": {
      "fd_thres": 0.2,
      "testing": false
    },
    "software": "mriqc",
    "version": "23.1.0"
  },
  "size_t": 151,
  "size_x": 96,
  "size_y": 96,
  "size_z": 76,
  "snr": 4.437340138391821,
  "spacing_tr": 2.0,
  "spacing_x": 2.0,
  "spacing_y": 2.0,
  "spacing_z": 2.0,
  "summary_bg_k": 14.689071973928446,
  "summary_bg_mad": 10.162208195663998,
  "summary_bg_mean": 35.10346029102562,
  "summary_bg_median": 13.54966926574707,
  "summary_bg_n": 544519.0,
  "summary_bg_p05": 5.615893840789795,
  "summary_bg_p95": 144.3841094970703,
  "summary_bg_stdv": 51.20585983404126,
  "summary_fg_k": 4.356586039804381,
  "summary_fg_mad": 78.2931880959014,
  "summary_fg_mean": 487.60065925228133,
  "summary_fg_median": 487.5827941894531,
  "summary_fg_n": 155897.0,
  "summary_fg_p05": 299.0596008300781,
  "summary_fg_p95": 646.8543090820312,
  "summary_fg_stdv": 109.88141886409022,
  "tsnr": 39.81252477969974
}