{
  "aor": 0.0006114358974358974,
  "aqi": 0.01556964564102564,
  "bids_meta": {
    "EchoTime": 0.043,
    "FlipAngle": 80.0,
    "MagneticFieldStrength": 3.0,
    "Manufacturer": "SIEMENS",
    "ManufacturersModelName": "Verio",
    "MultibandAccelerationFactor": 4,
    "RepetitionTime": 2.0,
    "SliceTiming": [
      0.0,
      1.0575,
      0.1075,
      1.1625,
      0.2125,
      1.27,
      0.3175,
      1.375,
      0.4225,
      1.48,
      0.53,
      1.585,
      0.635,
      1.6925,
      0.74,
      1.7975,
      0.8475,
      1.9025,
      0.9525,
      0.0,
      1.0575,
      0.1075,
      1.1625,
      0.2125,
      1.27,
      0.3175,
      1.375,
      0.4225,
      1.48,
      0.53,
      1.585,
      0.635,
      1.6925,
      0.74,
      1.7975,
      0.8475,
      1.9025,
      0.9525,
      0.0,
      1.0575,
      0.1075,
      1.1625,
      0.2125,
      1.27,
      0.3175,
      1.375,
      0.4225,
      1.48,
      0.53,
      1.585,
      0.635,
      1.6925,
      0.74,
      1.7975,
      0.8475,
      1.9025,
      0.9525,
      0.0,
      1.0575,
      0.1075,
      1.1625,
      0.2125,
      1.27,
      0.3175,
      1.375,
      0.4225,
      1.48,
      0.53,
      1.585,
      0.635,
      1.6925,
      0.74,
      1.7975,
      0.8475,
      1.9025,
      0.9525
    ],
    "TaskName": "perception",
    "dataset": "ds001506",
    "modality": "bold",
    "run_id": 8,
    "session_id": "perceptionArtificialImage01",
    "subject_id": "03",
    "task_id": "perception"
  },
  "dummy_trs": 0,
  "dvars_nstd": 41.92798555520616,
  "dvars_std": 1.284856931082474,
  "dvars_vstd": 1.0049187895360825,
  "efc": 0.5236212530097973,
  "fber": 1592.6036376953125,
  "fd_mean": 0.1103435301308765,
  "fd_num": 14,
  "fd_perc": 7.17948717948718,
  "fwhm_avg": 1.8548149999999997,
  "fwhm_x": 1.74545,
  "fwhm_y": 2.033555,
  "fwhm_z": 1.78544,
  "gcor": 0.0278442,
  "gsr_x": -0.022969871759414673,
  "gsr_y": 0.040831875056028366,
  "provenance": {
    "md5sum": "3491e593156774f34170526b9a3695b3",
    "settings": {
      "fd_thres": 0.2,
      "testing": false
    },
    "software": "mriqc",
    "version": "23.1.0"
  },
  "size_t": 195,
  "size_x": 96,
  "size_y": 96,
  "size_z": 76,
  "snr": 4.402911624997652,
  "spacing_tr": 2.0,
  "spacing_x": 2.0,
  "spacing_y": 2.0,
  "spacing_z": 2.0,
  "summary_bg_k": 16.684579032989067,
  "summary_bg_mad": 10.906630532560147,
  "summary_bg_mean": 37.07537148314854,
  "summary_bg_median": 13.989744186401367,
  "summary_bg_n": 545754.0,
  "summary_bg_p05": 5.056410312652588,
  "summary_bg_p95": 159.60513305664062,
  "summary_bg_stdv": 57.44534683974889,
  "summary_fg_k": 4.367046859314742,
  "summary_fg_mad": 88.93713003014287,
  "summary_fg_mean": 555.8698834007855,
  "summary_fg_median": 558.2948608398438,
  "summary_fg_n": 154662.0,
  "summary_fg_p05": 332.4564208984375,
  "summary_fg_p95": 734.9794921875,
  "summary_fg_stdv": 126.80087712417844,
  "tsnr": 43.946256377734244
}