{
  "aor": 0.0004608119658119659,
  "aqi": 0.02104220085470086,
  "bids_meta": {
    "EchoTime": 0.043,
    "FlipAngle": 80.0,
    "MagneticFieldStrength": 3.0,
    "Manufacturer": "SIEMENS",
    "ManufacturersModelName": "Verio",
    "MultibandAccelerationFactor": 4,
    "RepetitionTime": 2.0,
    "SliceTiming": [
      0.0,
      1.0575,
      0.105,
      1.1625,
      0.2125,
      1.2675,
      0.3175,
      1.3725,
      0.4225,
      1.48,
      0.5275,
      1.585,
      0.635,
      1.69,
      0.74,
      1.7975,
      0.845,
      1.9025,
      0.95,
      0.0,
      1.0575,
      0.105,
      1.1625,
      0.2125,
      1.2675,
      0.3175,
      1.3725,
      0.4225,
      1.48,
      0.5275,
      1.585,
      0.635,
      1.69,
      0.74,
      1.7975,
      0.845,
      1.9025,
      0.95,
      0.0,
      1.0575,
      0.105,
      1.1625,
      0.2125,
      1.2675,
      0.3175,
      1.3725,
      0.4225,
      1.48,
      0.5275,
      1.585,
      0.635,
      1.69,
      0.74,
      1.7975,
      0.845,
      1.9025,
      0.95,
      0.0,
      1.0575,
      0.105,
      1.1625,
      0.2125,
      1.2675,
      0.3175,
      1.3725,
      0.4225,
      1.48,
      0.5275,
      1.585,
      0.635,
      1.69,
      0.74,
      1.7975,
      0.845,
      1.9025,
      0.95
    ],
    "TaskName": "perception",
    "dataset": "ds001506",
    "modality": "bold",
    "run_id": 5,
    "session_id": "perceptionNaturalImageTraining02",
    "subject_id": "02",
    "task_id": "perception"
  },
  "dummy_trs": 5,
  "dvars_nstd": 41.53373877085837,
  "dvars_std": 1.195273234120172,
  "dvars_vstd": 0.985014192274678,
  "efc": 0.5570075544105323,
  "fber": 1076.2645263671875,
  "fd_mean": 0.12143592512712968,
  "fd_num": 28,
  "fd_perc": 11.965811965811966,
  "fwhm_avg": 1.8544900350455464,
  "fwhm_x": 1.760005,
  "fwhm_y": 2.039565,
  "fwhm_z": 1.7639001051366392,
  "gcor": 0.0259836,
  "gsr_x": -0.019951771944761276,
  "gsr_y": 0.0498487763106823,
  "provenance": {
    "md5sum": "5f6c0f2bfb3e9acbc2b20ef29d43749a",
    "settings": {
      "fd_thres": 0.2,
      "testing": false
    },
    "software": "mriqc",
    "version": "23.1.0"
  },
  "size_t": 234,
  "size_x": 96,
  "size_y": 96,
  "size_z": 76,
  "snr": 4.3342663383027,
  "spacing_tr": 2.0,
  "spacing_x": 2.0,
  "spacing_y": 2.0,
  "spacing_z": 1.9999998807907104,
  "summary_bg_k": 22.42363880249154,
  "summary_bg_mad": 14.705638944559485,
  "summary_bg_mean": 43.53175832978068,
  "summary_bg_median": 16.91452980041504,
  "summary_bg_n": 528285.0,
  "summary_bg_p05": 5.576923370361328,
  "summary_bg_p95": 177.82907104492188,
  "summary_bg_stdv": 65.2521554560724,
  "summary_fg_k": 3.1707788510285324,
  "summary_fg_mad": 93.34059616520877,
  "summary_fg_mean": 544.8366007305667,
  "summary_fg_median": 554.906005859375,
  "summary_fg_n": 172131.0,
  "summary_fg_p05": 305.41455078125,
  "summary_fg_p95": 718.1709594726562,
  "summary_fg_stdv": 128.02729474237304,
  "tsnr": 36.17959845170844
}