{
  "aor": 0.0014194979079497911,
  "aqi": 0.019974180753138074,
  "bids_meta": {
    "EchoTime": 0.043,
    "FlipAngle": 80.0,
    "MagneticFieldStrength": 3.0,
    "Manufacturer": "SIEMENS",
    "ManufacturersModelName": "Verio",
    "MultibandAccelerationFactor": 4,
    "RepetitionTime": 2.0,
    "SliceTiming": [
      0.0,
      1.055,
      0.105,
      1.1625,
      0.21,
      1.2675,
      0.3175,
      1.3725,
      0.4225,
      1.48,
      0.5275,
      1.585,
      0.6325,
      1.69,
      0.74,
      1.795,
      0.845,
      1.9025,
      0.95,
      0.0,
      1.055,
      0.105,
      1.1625,
      0.21,
      1.2675,
      0.3175,
      1.3725,
      0.4225,
      1.48,
      0.5275,
      1.585,
      0.6325,
      1.69,
      0.74,
      1.795,
      0.845,
      1.9025,
      0.95,
      0.0,
      1.055,
      0.105,
      1.1625,
      0.21,
      1.2675,
      0.3175,
      1.3725,
      0.4225,
      1.48,
      0.5275,
      1.585,
      0.6325,
      1.69,
      0.74,
      1.795,
      0.845,
      1.9025,
      0.95,
      0.0,
      1.055,
      0.105,
      1.1625,
      0.21,
      1.2675,
      0.3175,
      1.3725,
      0.4225,
      1.48,
      0.5275,
      1.585,
      0.6325,
      1.69,
      0.74,
      1.795,
      0.845,
      1.9025,
      0.95
    ],
    "TaskName": "perception",
    "dataset": "ds001506",
    "modality": "bold",
    "run_id": 4,
    "session_id": "perceptionNaturalImageTraining02",
    "subject_id": "02",
    "task_id": "perception"
  },
  "dummy_trs": 0,
  "dvars_nstd": 43.122774620924346,
  "dvars_std": 1.2363329141596646,
  "dvars_vstd": 1.0068805373529413,
  "efc": 0.5571091179079946,
  "fber": 1047.446533203125,
  "fd_mean": 0.12468505087673523,
  "fd_num": 35,
  "fd_perc": 14.644351464435147,
  "fwhm_avg": 1.8467867014808477,
  "fwhm_x": 1.754185,
  "fwhm_y": 2.03392,
  "fwhm_z": 1.752255104442543,
  "gcor": 0.0310598,
  "gsr_x": -0.020040756091475487,
  "gsr_y": 0.05061425268650055,
  "provenance": {
    "md5sum": "321c9068ebe29608d21d82e3f60e5d42",
    "settings": {
      "fd_thres": 0.2,
      "testing": false
    },
    "software": "mriqc",
    "version": "23.1.0"
  },
  "size_t": 239,
  "size_x": 96,
  "size_y": 96,
  "size_z": 76,
  "snr": 4.319928121512714,
  "spacing_tr": 2.0,
  "spacing_x": 2.0,
  "spacing_y": 2.0,
  "spacing_z": 1.9999998807907104,
  "summary_bg_k": 23.39266861788513,
  "summary_bg_mad": 14.850835768080678,
  "summary_bg_mean": 43.841427492259626,
  "summary_bg_median": 17.217573165893555,
  "summary_bg_n": 528332.0,
  "summary_bg_p05": 5.682008266448975,
  "summary_bg_p95": 178.41421508789062,
  "summary_bg_stdv": 65.79849406816305,
  "summary_fg_k": 3.3018607742963955,
  "summary_fg_mad": 93.03790424498774,
  "summary_fg_mean": 547.4790734815198,
  "summary_fg_median": 557.2343139648438,
  "summary_fg_n": 172084.0,
  "summary_fg_p05": 306.49371337890625,
  "summary_fg_p95": 721.606689453125,
  "summary_fg_stdv": 128.99119596714144,
  "tsnr": 37.15792221215088
}