{
  "aor": 0.0016250209205020919,
  "aqi": 0.02144433389121339,
  "bids_meta": {
    "EchoTime": 0.043,
    "FlipAngle": 80.0,
    "MagneticFieldStrength": 3.0,
    "Manufacturer": "SIEMENS",
    "ManufacturersModelName": "Verio",
    "MultibandAccelerationFactor": 4,
    "RepetitionTime": 2.0,
    "SliceTiming": [
      0.0,
      1.0575,
      0.1075,
      1.1625,
      0.2125,
      1.27,
      0.3175,
      1.375,
      0.425,
      1.48,
      0.53,
      1.585,
      0.635,
      1.6925,
      0.74,
      1.7975,
      0.8475,
      1.9025,
      0.9525,
      0.0,
      1.0575,
      0.1075,
      1.1625,
      0.2125,
      1.27,
      0.3175,
      1.375,
      0.425,
      1.48,
      0.53,
      1.585,
      0.635,
      1.6925,
      0.74,
      1.7975,
      0.8475,
      1.9025,
      0.9525,
      0.0,
      1.0575,
      0.1075,
      1.1625,
      0.2125,
      1.27,
      0.3175,
      1.375,
      0.425,
      1.48,
      0.53,
      1.585,
      0.635,
      1.6925,
      0.74,
      1.7975,
      0.8475,
      1.9025,
      0.9525,
      0.0,
      1.0575,
      0.1075,
      1.1625,
      0.2125,
      1.27,
      0.3175,
      1.375,
      0.425,
      1.48,
      0.53,
      1.585,
      0.635,
      1.6925,
      0.74,
      1.7975,
      0.8475,
      1.9025,
      0.9525
    ],
    "TaskName": "perception",
    "dataset": "ds001506",
    "modality": "bold",
    "run_id": 9,
    "session_id": "perceptionNaturalImageTraining09",
    "subject_id": "01",
    "task_id": "perception"
  },
  "dummy_trs": 0,
  "dvars_nstd": 42.00979191911764,
  "dvars_std": 1.2331918002941187,
  "dvars_vstd": 1.002310378697479,
  "efc": 0.5697547053160922,
  "fber": 961.5986328125,
  "fd_mean": 0.10162122129204752,
  "fd_num": 26,
  "fd_perc": 10.878661087866108,
  "fwhm_avg": 1.8474566666666667,
  "fwhm_x": 1.739115,
  "fwhm_y": 2.03739,
  "fwhm_z": 1.765865,
  "gcor": 0.0150871,
  "gsr_x": -0.009035303257405758,
  "gsr_y": 0.03610660135746002,
  "provenance": {
    "md5sum": "bd67285fd02ffe36cfd4c6946b32d785",
    "settings": {
      "fd_thres": 0.2,
      "testing": false
    },
    "software": "mriqc",
    "version": "23.1.0"
  },
  "size_t": 239,
  "size_x": 96,
  "size_y": 96,
  "size_z": 76,
  "snr": 3.986759829657109,
  "spacing_tr": 2.0,
  "spacing_x": 2.0,
  "spacing_y": 2.0,
  "spacing_z": 2.0,
  "summary_bg_k": 12.862875935820067,
  "summary_bg_mad": 17.2205170403394,
  "summary_bg_mean": 47.393479266319225,
  "summary_bg_median": 19.071128845214844,
  "summary_bg_n": 514237.0,
  "summary_bg_p05": 5.426778316497803,
  "summary_bg_p95": 188.95816040039062,
  "summary_bg_stdv": 66.09270495658997,
  "summary_fg_k": 2.7603795908312883,
  "summary_fg_mad": 109.54506559113977,
  "summary_fg_mean": 595.3489857149659,
  "summary_fg_median": 591.3890991210938,
  "summary_fg_n": 186179.0,
  "summary_fg_p05": 348.9121398925781,
  "summary_fg_p95": 832.150634765625,
  "summary_fg_stdv": 148.33788243086548,
  "tsnr": 35.25099320174195
}