{
  "aor": 0.001688075313807531,
  "aqi": 0.01678648912133891,
  "bids_meta": {
    "EchoTime": 0.043,
    "FlipAngle": 80.0,
    "MagneticFieldStrength": 3.0,
    "Manufacturer": "SIEMENS",
    "ManufacturersModelName": "Verio",
    "MultibandAccelerationFactor": 4,
    "RepetitionTime": 2.0,
    "SliceTiming": [
      0.0,
      1.0575,
      0.1075,
      1.1625,
      0.2125,
      1.2675,
      0.3175,
      1.375,
      0.4225,
      1.48,
      0.53,
      1.585,
      0.635,
      1.6925,
      0.74,
      1.7975,
      0.845,
      1.9025,
      0.9525,
      0.0,
      1.0575,
      0.1075,
      1.1625,
      0.2125,
      1.2675,
      0.3175,
      1.375,
      0.4225,
      1.48,
      0.53,
      1.585,
      0.635,
      1.6925,
      0.74,
      1.7975,
      0.845,
      1.9025,
      0.9525,
      0.0,
      1.0575,
      0.1075,
      1.1625,
      0.2125,
      1.2675,
      0.3175,
      1.375,
      0.4225,
      1.48,
      0.53,
      1.585,
      0.635,
      1.6925,
      0.74,
      1.7975,
      0.845,
      1.9025,
      0.9525,
      0.0,
      1.0575,
      0.1075,
      1.1625,
      0.2125,
      1.2675,
      0.3175,
      1.375,
      0.4225,
      1.48,
      0.53,
      1.585,
      0.635,
      1.6925,
      0.74,
      1.7975,
      0.845,
      1.9025,
      0.9525
    ],
    "TaskName": "perception",
    "dataset": "ds001506",
    "modality": "bold",
    "run_id": 1,
    "session_id": "perceptionNaturalImageTraining01",
    "subject_id": "03",
    "task_id": "perception"
  },
  "dummy_trs": 0,
  "dvars_nstd": 41.123705038571416,
  "dvars_std": 1.2893431940336129,
  "dvars_vstd": 1.0190519042016806,
  "efc": 0.5276578276778219,
  "fber": 1256.56787109375,
  "fd_mean": 0.10123147952358975,
  "fd_num": 8,
  "fd_perc": 3.3472803347280333,
  "fwhm_avg": 1.8700833333333333,
  "fwhm_x": 1.77208,
  "fwhm_y": 2.030855,
  "fwhm_z": 1.807315,
  "gcor": 0.012342,
  "gsr_x": -0.027941737323999405,
  "gsr_y": 0.036007512360811234,
  "provenance": {
    "md5sum": "bbb024ff86804c9e4a43b847958b2462",
    "settings": {
      "fd_thres": 0.2,
      "testing": false
    },
    "software": "mriqc",
    "version": "23.1.0"
  },
  "size_t": 239,
  "size_x": 96,
  "size_y": 96,
  "size_z": 76,
  "snr": 4.409959371752413,
  "spacing_tr": 2.0,
  "spacing_x": 2.0,
  "spacing_y": 2.0,
  "spacing_z": 2.0,
  "summary_bg_k": 17.179271919251136,
  "summary_bg_mad": 13.275183496932392,
  "summary_bg_mean": 40.10645309283469,
  "summary_bg_median": 16.527196884155273,
  "summary_bg_n": 545681.0,
  "summary_bg_p05": 5.410041809082031,
  "summary_bg_p95": 167.39329528808594,
  "summary_bg_stdv": 59.851881725731396,
  "summary_fg_k": 3.6172887289239,
  "summary_fg_mad": 95.0353994458723,
  "summary_fg_mean": 583.305226982527,
  "summary_fg_median": 585.8577270507812,
  "summary_fg_n": 154735.0,
  "summary_fg_p05": 351.1924743652344,
  "summary_fg_p95": 771.4434814453125,
  "summary_fg_stdv": 132.84835177850883,
  "tsnr": 43.496520523913205
}