{
  "aor": 0.0015941841004184101,
  "aqi": 0.01813736276150628,
  "bids_meta": {
    "EchoTime": 0.043,
    "FlipAngle": 80.0,
    "MagneticFieldStrength": 3.0,
    "Manufacturer": "SIEMENS",
    "ManufacturersModelName": "Verio",
    "MultibandAccelerationFactor": 4,
    "RepetitionTime": 2.0,
    "SliceTiming": [
      0.0,
      1.0575,
      0.1075,
      1.1625,
      0.2125,
      1.2675,
      0.3175,
      1.375,
      0.4225,
      1.48,
      0.53,
      1.585,
      0.635,
      1.6925,
      0.74,
      1.7975,
      0.845,
      1.9025,
      0.9525,
      0.0,
      1.0575,
      0.1075,
      1.1625,
      0.2125,
      1.2675,
      0.3175,
      1.375,
      0.4225,
      1.48,
      0.53,
      1.585,
      0.635,
      1.6925,
      0.74,
      1.7975,
      0.845,
      1.9025,
      0.9525,
      0.0,
      1.0575,
      0.1075,
      1.1625,
      0.2125,
      1.2675,
      0.3175,
      1.375,
      0.4225,
      1.48,
      0.53,
      1.585,
      0.635,
      1.6925,
      0.74,
      1.7975,
      0.845,
      1.9025,
      0.9525,
      0.0,
      1.0575,
      0.1075,
      1.1625,
      0.2125,
      1.2675,
      0.3175,
      1.375,
      0.4225,
      1.48,
      0.53,
      1.585,
      0.635,
      1.6925,
      0.74,
      1.7975,
      0.845,
      1.9025,
      0.9525
    ],
    "TaskName": "perception",
    "dataset": "ds001506",
    "modality": "bold",
    "run_id": 7,
    "session_id": "perceptionNaturalImageTraining01",
    "subject_id": "03",
    "task_id": "perception"
  },
  "dummy_trs": 0,
  "dvars_nstd": 41.24119812268907,
  "dvars_std": 1.2968161267647063,
  "dvars_vstd": 1.0240694986554622,
  "efc": 0.527835206180432,
  "fber": 1273.0181884765625,
  "fd_mean": 0.11146142741354854,
  "fd_num": 19,
  "fd_perc": 7.949790794979079,
  "fwhm_avg": 1.8588016666666665,
  "fwhm_x": 1.761675,
  "fwhm_y": 2.017185,
  "fwhm_z": 1.797545,
  "gcor": 0.0296966,
  "gsr_x": -0.027501197531819344,
  "gsr_y": 0.03393391892313957,
  "provenance": {
    "md5sum": "3d565a880e392fb60d3576ba4cdbeea2",
    "settings": {
      "fd_thres": 0.2,
      "testing": false
    },
    "software": "mriqc",
    "version": "23.1.0"
  },
  "size_t": 239,
  "size_x": 96,
  "size_y": 96,
  "size_z": 76,
  "snr": 4.462207815546484,
  "spacing_tr": 2.0,
  "spacing_x": 2.0,
  "spacing_y": 2.0,
  "spacing_z": 2.0,
  "summary_bg_k": 16.795139380220693,
  "summary_bg_mad": 13.15111628876893,
  "summary_bg_mean": 40.1767780456974,
  "summary_bg_median": 16.397489547729492,
  "summary_bg_n": 546152.0,
  "summary_bg_p05": 5.372385025024414,
  "summary_bg_p95": 167.9037628173828,
  "summary_bg_stdv": 59.78409658385578,
  "summary_fg_k": 3.8101296109602147,
  "summary_fg_mad": 93.51872741930595,
  "summary_fg_mean": 582.3211312558198,
  "summary_fg_median": 585.0522766113281,
  "summary_fg_n": 154264.0,
  "summary_fg_p05": 352.75732421875,
  "summary_fg_p95": 767.334716796875,
  "summary_fg_stdv": 131.11231133168852,
  "tsnr": 42.11822881735861
}