{
  "aor": 0.0013519246861924687,
  "aqi": 0.017017335564853558,
  "bids_meta": {
    "EchoTime": 0.043,
    "FlipAngle": 80.0,
    "MagneticFieldStrength": 3.0,
    "Manufacturer": "SIEMENS",
    "ManufacturersModelName": "Verio",
    "MultibandAccelerationFactor": 4,
    "RepetitionTime": 2.0,
    "SliceTiming": [
      0.0,
      1.0575,
      0.105,
      1.1625,
      0.2125,
      1.2675,
      0.3175,
      1.375,
      0.4225,
      1.48,
      0.5275,
      1.585,
      0.635,
      1.69,
      0.74,
      1.7975,
      0.845,
      1.9025,
      0.95,
      0.0,
      1.0575,
      0.105,
      1.1625,
      0.2125,
      1.2675,
      0.3175,
      1.375,
      0.4225,
      1.48,
      0.5275,
      1.585,
      0.635,
      1.69,
      0.74,
      1.7975,
      0.845,
      1.9025,
      0.95,
      0.0,
      1.0575,
      0.105,
      1.1625,
      0.2125,
      1.2675,
      0.3175,
      1.375,
      0.4225,
      1.48,
      0.5275,
      1.585,
      0.635,
      1.69,
      0.74,
      1.7975,
      0.845,
      1.9025,
      0.95,
      0.0,
      1.0575,
      0.105,
      1.1625,
      0.2125,
      1.2675,
      0.3175,
      1.375,
      0.4225,
      1.48,
      0.5275,
      1.585,
      0.635,
      1.69,
      0.74,
      1.7975,
      0.845,
      1.9025,
      0.95
    ],
    "TaskName": "perception",
    "dataset": "ds001506",
    "modality": "bold",
    "run_id": 8,
    "session_id": "perceptionNaturalImageTraining01",
    "subject_id": "03",
    "task_id": "perception"
  },
  "dummy_trs": 0,
  "dvars_nstd": 39.64269738214284,
  "dvars_std": 1.2554279983613439,
  "dvars_vstd": 1.0144181821428568,
  "efc": 0.528117052471725,
  "fber": 1263.784423828125,
  "fd_mean": 0.1128111154378797,
  "fd_num": 16,
  "fd_perc": 6.694560669456067,
  "fwhm_avg": 1.859025,
  "fwhm_x": 1.75636,
  "fwhm_y": 2.01838,
  "fwhm_z": 1.802335,
  "gcor": 0.0265782,
  "gsr_x": -0.0273749940097332,
  "gsr_y": 0.03383970260620117,
  "provenance": {
    "md5sum": "45fbf7e29876085e67a7430e3972e2cb",
    "settings": {
      "fd_thres": 0.2,
      "testing": false
    },
    "software": "mriqc",
    "version": "23.1.0"
  },
  "size_t": 239,
  "size_x": 96,
  "size_y": 96,
  "size_z": 76,
  "snr": 4.4442806458947235,
  "spacing_tr": 2.0,
  "spacing_x": 2.0,
  "spacing_y": 2.0,
  "spacing_z": 2.0,
  "summary_bg_k": 16.522918900052506,
  "summary_bg_mad": 13.138708436816858,
  "summary_bg_mean": 40.36512461133244,
  "summary_bg_median": 16.443513870239258,
  "summary_bg_n": 546152.0,
  "summary_bg_p05": 5.418409824371338,
  "summary_bg_p95": 170.23849487304688,
  "summary_bg_stdv": 60.27322756573327,
  "summary_fg_k": 3.7688942978786955,
  "summary_fg_mad": 93.30159460538357,
  "summary_fg_mean": 582.0194955465643,
  "summary_fg_median": 584.562744140625,
  "summary_fg_n": 154264.0,
  "summary_fg_p05": 351.75732421875,
  "summary_fg_p95": 767.6861572265625,
  "summary_fg_stdv": 131.53103866079343,
  "tsnr": 43.18156462255865
}