{
  "aor": 0.0010722026431718061,
  "aqi": 0.019128325991189427,
  "bids_meta": {
    "EchoTime": 0.043,
    "FlipAngle": 80.0,
    "MagneticFieldStrength": 3.0,
    "Manufacturer": "SIEMENS",
    "ManufacturersModelName": "Verio",
    "MultibandAccelerationFactor": 4,
    "RepetitionTime": 2.0,
    "SliceTiming": [
      0.0,
      1.0575,
      0.1075,
      1.1625,
      0.2125,
      1.27,
      0.3175,
      1.375,
      0.425,
      1.48,
      0.53,
      1.585,
      0.635,
      1.6925,
      0.74,
      1.7975,
      0.8475,
      1.9025,
      0.9525,
      0.0,
      1.0575,
      0.1075,
      1.1625,
      0.2125,
      1.27,
      0.3175,
      1.375,
      0.425,
      1.48,
      0.53,
      1.585,
      0.635,
      1.6925,
      0.74,
      1.7975,
      0.8475,
      1.9025,
      0.9525,
      0.0,
      1.0575,
      0.1075,
      1.1625,
      0.2125,
      1.27,
      0.3175,
      1.375,
      0.425,
      1.48,
      0.53,
      1.585,
      0.635,
      1.6925,
      0.74,
      1.7975,
      0.8475,
      1.9025,
      0.9525,
      0.0,
      1.0575,
      0.1075,
      1.1625,
      0.2125,
      1.27,
      0.3175,
      1.375,
      0.425,
      1.48,
      0.53,
      1.585,
      0.635,
      1.6925,
      0.74,
      1.7975,
      0.8475,
      1.9025,
      0.9525
    ],
    "TaskName": "imagery",
    "dataset": "ds001506",
    "modality": "bold",
    "run_id": 6,
    "session_id": "imagery03",
    "subject_id": "03",
    "task_id": "imagery"
  },
  "dummy_trs": 0,
  "dvars_nstd": 52.21914694814158,
  "dvars_std": 1.4056408504424767,
  "dvars_vstd": 1.0077237315929202,
  "efc": 0.535686502345328,
  "fber": 1212.560791015625,
  "fd_mean": 0.15374517767829027,
  "fd_num": 63,
  "fd_perc": 27.75330396475771,
  "fwhm_avg": 1.84588,
  "fwhm_x": 1.736455,
  "fwhm_y": 2.01908,
  "fwhm_z": 1.782105,
  "gcor": 0.0253441,
  "gsr_x": -0.025194842368364334,
  "gsr_y": 0.04189833998680115,
  "provenance": {
    "md5sum": "f65852edd64cb437d3cdaf7f783b344a",
    "settings": {
      "fd_thres": 0.2,
      "testing": false
    },
    "software": "mriqc",
    "version": "23.1.0"
  },
  "size_t": 227,
  "size_x": 96,
  "size_y": 96,
  "size_z": 76,
  "snr": 4.418379104540552,
  "spacing_tr": 2.0,
  "spacing_x": 2.0,
  "spacing_y": 2.0,
  "spacing_z": 2.0,
  "summary_bg_k": 15.481339071179267,
  "summary_bg_mad": 11.305657040787612,
  "summary_bg_mean": 37.93026377958116,
  "summary_bg_median": 14.762113571166992,
  "summary_bg_n": 544737.0,
  "summary_bg_p05": 5.722466945648193,
  "summary_bg_p95": 159.92510986328125,
  "summary_bg_stdv": 56.2297376491294,
  "summary_fg_k": 3.7340611342991945,
  "summary_fg_mad": 81.40602836784254,
  "summary_fg_mean": 512.3050584149871,
  "summary_fg_median": 514.0440063476562,
  "summary_fg_n": 155679.0,
  "summary_fg_p05": 308.2114562988281,
  "summary_fg_p95": 678.0396118164062,
  "summary_fg_stdv": 116.34184012019445,
  "tsnr": 40.03001670073718
}