{
  "aor": 0.001926123348017621,
  "aqi": 0.017070346255506606,
  "bids_meta": {
    "EchoTime": 0.043,
    "FlipAngle": 80.0,
    "MagneticFieldStrength": 3.0,
    "Manufacturer": "SIEMENS",
    "ManufacturersModelName": "Verio",
    "MultibandAccelerationFactor": 4,
    "RepetitionTime": 2.0,
    "SliceTiming": [
      0.0,
      1.0575,
      0.105,
      1.1625,
      0.2125,
      1.2675,
      0.3175,
      1.375,
      0.4225,
      1.48,
      0.5275,
      1.585,
      0.635,
      1.69,
      0.74,
      1.7975,
      0.845,
      1.9025,
      0.9525,
      0.0,
      1.0575,
      0.105,
      1.1625,
      0.2125,
      1.2675,
      0.3175,
      1.375,
      0.4225,
      1.48,
      0.5275,
      1.585,
      0.635,
      1.69,
      0.74,
      1.7975,
      0.845,
      1.9025,
      0.9525,
      0.0,
      1.0575,
      0.105,
      1.1625,
      0.2125,
      1.2675,
      0.3175,
      1.375,
      0.4225,
      1.48,
      0.5275,
      1.585,
      0.635,
      1.69,
      0.74,
      1.7975,
      0.845,
      1.9025,
      0.9525,
      0.0,
      1.0575,
      0.105,
      1.1625,
      0.2125,
      1.2675,
      0.3175,
      1.375,
      0.4225,
      1.48,
      0.5275,
      1.585,
      0.635,
      1.69,
      0.74,
      1.7975,
      0.845,
      1.9025,
      0.9525
    ],
    "TaskName": "imagery",
    "dataset": "ds001506",
    "modality": "bold",
    "run_id": 8,
    "session_id": "imagery03",
    "subject_id": "03",
    "task_id": "imagery"
  },
  "dummy_trs": 0,
  "dvars_nstd": 50.8071295309292,
  "dvars_std": 1.4225280144690264,
  "dvars_vstd": 1.0325068005752214,
  "efc": 0.5355737551592847,
  "fber": 1207.7694091796875,
  "fd_mean": 0.14406860352464437,
  "fd_num": 43,
  "fd_perc": 18.94273127753304,
  "fwhm_avg": 1.84941,
  "fwhm_x": 1.738685,
  "fwhm_y": 2.025765,
  "fwhm_z": 1.78378,
  "gcor": 0.0246894,
  "gsr_x": -0.025177370756864548,
  "gsr_y": 0.042028818279504776,
  "provenance": {
    "md5sum": "545baac027c16492b2c4cdf15f689fad",
    "settings": {
      "fd_thres": 0.2,
      "testing": false
    },
    "software": "mriqc",
    "version": "23.1.0"
  },
  "size_t": 227,
  "size_x": 96,
  "size_y": 96,
  "size_z": 76,
  "snr": 4.385843595714702,
  "spacing_tr": 2.0,
  "spacing_x": 2.0,
  "spacing_y": 2.0,
  "spacing_z": 2.0,
  "summary_bg_k": 15.728532520455293,
  "summary_bg_mad": 11.325251846357412,
  "summary_bg_mean": 38.04657411975017,
  "summary_bg_median": 14.801761627197266,
  "summary_bg_n": 544855.0,
  "summary_bg_p05": 5.762114524841309,
  "summary_bg_p95": 160.14096069335938,
  "summary_bg_stdv": 56.397764546682524,
  "summary_fg_k": 3.702604690995667,
  "summary_fg_mad": 82.08520750303502,
  "summary_fg_mean": 513.0369803412453,
  "summary_fg_median": 514.4052734375,
  "summary_fg_n": 155561.0,
  "summary_fg_p05": 307.2158508300781,
  "summary_fg_p95": 680.903076171875,
  "summary_fg_stdv": 117.28726955740066,
  "tsnr": 42.258760426193476
}