{
  "aor": 0.0010223348017621146,
  "aqi": 0.01981244757709251,
  "bids_meta": {
    "EchoTime": 0.043,
    "FlipAngle": 80.0,
    "MagneticFieldStrength": 3.0,
    "Manufacturer": "SIEMENS",
    "ManufacturersModelName": "Verio",
    "MultibandAccelerationFactor": 4,
    "RepetitionTime": 2.0,
    "SliceTiming": [
      0.0,
      1.0575,
      0.105,
      1.1625,
      0.21,
      1.2675,
      0.3175,
      1.3725,
      0.4225,
      1.48,
      0.5275,
      1.585,
      0.635,
      1.69,
      0.74,
      1.795,
      0.845,
      1.9025,
      0.95,
      0.0,
      1.0575,
      0.105,
      1.1625,
      0.21,
      1.2675,
      0.3175,
      1.3725,
      0.4225,
      1.48,
      0.5275,
      1.585,
      0.635,
      1.69,
      0.74,
      1.795,
      0.845,
      1.9025,
      0.95,
      0.0,
      1.0575,
      0.105,
      1.1625,
      0.21,
      1.2675,
      0.3175,
      1.3725,
      0.4225,
      1.48,
      0.5275,
      1.585,
      0.635,
      1.69,
      0.74,
      1.795,
      0.845,
      1.9025,
      0.95,
      0.0,
      1.0575,
      0.105,
      1.1625,
      0.21,
      1.2675,
      0.3175,
      1.3725,
      0.4225,
      1.48,
      0.5275,
      1.585,
      0.635,
      1.69,
      0.74,
      1.795,
      0.845,
      1.9025,
      0.95
    ],
    "TaskName": "imagery",
    "dataset": "ds001506",
    "modality": "bold",
    "run_id": 7,
    "session_id": "imagery03",
    "subject_id": "03",
    "task_id": "imagery"
  },
  "dummy_trs": 0,
  "dvars_nstd": 52.227121909955784,
  "dvars_std": 1.393281955221238,
  "dvars_vstd": 1.0020166040707956,
  "efc": 0.5359688688081828,
  "fber": 1198.8753662109375,
  "fd_mean": 0.15159217109791254,
  "fd_num": 51,
  "fd_perc": 22.46696035242291,
  "fwhm_avg": 1.8521133333333335,
  "fwhm_x": 1.74123,
  "fwhm_y": 2.027135,
  "fwhm_z": 1.787975,
  "gcor": 0.0233471,
  "gsr_x": -0.025186002254486084,
  "gsr_y": 0.04221509024500847,
  "provenance": {
    "md5sum": "3bbbadcb8b2e80b87580b5e444fe95ef",
    "settings": {
      "fd_thres": 0.2,
      "testing": false
    },
    "software": "mriqc",
    "version": "23.1.0"
  },
  "size_t": 227,
  "size_x": 96,
  "size_y": 96,
  "size_z": 76,
  "snr": 4.409321852134662,
  "spacing_tr": 2.0,
  "spacing_x": 2.0,
  "spacing_y": 2.0,
  "spacing_z": 2.0,
  "summary_bg_k": 15.211241757629463,
  "summary_bg_mad": 11.403627533837474,
  "summary_bg_mean": 37.92537778992704,
  "summary_bg_median": 14.828193664550781,
  "summary_bg_n": 544646.0,
  "summary_bg_p05": 5.7092509269714355,
  "summary_bg_p95": 159.26431274414062,
  "summary_bg_stdv": 56.00533318533858,
  "summary_fg_k": 3.6994623929283588,
  "summary_fg_mad": 81.41575613508431,
  "summary_fg_mean": 511.4673158161507,
  "summary_fg_median": 513.4229125976562,
  "summary_fg_n": 155770.0,
  "summary_fg_p05": 306.52862548828125,
  "summary_fg_p95": 676.8281860351562,
  "summary_fg_stdv": 116.4399610181384,
  "tsnr": 39.423874954809435
}