{
  "aor": 0.0033033039647577095,
  "aqi": 0.018517084140969163,
  "bids_meta": {
    "EchoTime": 0.043,
    "FlipAngle": 80.0,
    "MagneticFieldStrength": 3.0,
    "Manufacturer": "SIEMENS",
    "ManufacturersModelName": "Verio",
    "MultibandAccelerationFactor": 4,
    "RepetitionTime": 2.0,
    "SliceTiming": [
      0.0,
      1.0575,
      0.105,
      1.1625,
      0.2125,
      1.2675,
      0.3175,
      1.375,
      0.4225,
      1.48,
      0.53,
      1.585,
      0.635,
      1.69,
      0.74,
      1.7975,
      0.845,
      1.9025,
      0.9525,
      0.0,
      1.0575,
      0.105,
      1.1625,
      0.2125,
      1.2675,
      0.3175,
      1.375,
      0.4225,
      1.48,
      0.53,
      1.585,
      0.635,
      1.69,
      0.74,
      1.7975,
      0.845,
      1.9025,
      0.9525,
      0.0,
      1.0575,
      0.105,
      1.1625,
      0.2125,
      1.2675,
      0.3175,
      1.375,
      0.4225,
      1.48,
      0.53,
      1.585,
      0.635,
      1.69,
      0.74,
      1.7975,
      0.845,
      1.9025,
      0.9525,
      0.0,
      1.0575,
      0.105,
      1.1625,
      0.2125,
      1.2675,
      0.3175,
      1.375,
      0.4225,
      1.48,
      0.53,
      1.585,
      0.635,
      1.69,
      0.74,
      1.7975,
      0.845,
      1.9025,
      0.9525
    ],
    "TaskName": "imagery",
    "dataset": "ds001506",
    "modality": "bold",
    "run_id": 4,
    "session_id": "imagery03",
    "subject_id": "03",
    "task_id": "imagery"
  },
  "dummy_trs": 0,
  "dvars_nstd": 53.40790171331853,
  "dvars_std": 1.4427013385398217,
  "dvars_vstd": 1.0388124445575226,
  "efc": 0.5345381369271591,
  "fber": 1234.8519287109375,
  "fd_mean": 0.1504859248084888,
  "fd_num": 43,
  "fd_perc": 18.94273127753304,
  "fwhm_avg": 1.85076,
  "fwhm_x": 1.7451,
  "fwhm_y": 2.028405,
  "fwhm_z": 1.778775,
  "gcor": 0.0202395,
  "gsr_x": -0.025301523506641388,
  "gsr_y": 0.04242413491010666,
  "provenance": {
    "md5sum": "b3b153abf5336410902c4ced98683c91",
    "settings": {
      "fd_thres": 0.2,
      "testing": false
    },
    "software": "mriqc",
    "version": "23.1.0"
  },
  "size_t": 227,
  "size_x": 96,
  "size_y": 96,
  "size_z": 76,
  "snr": 4.396252261149499,
  "spacing_tr": 2.0,
  "spacing_x": 2.0,
  "spacing_y": 2.0,
  "spacing_z": 2.0,
  "summary_bg_k": 15.672938744760003,
  "summary_bg_mad": 11.24687615887735,
  "summary_bg_mean": 37.801386996814394,
  "summary_bg_median": 14.709250450134277,
  "summary_bg_n": 544700.0,
  "summary_bg_p05": 5.704845428466797,
  "summary_bg_p95": 160.14757537841797,
  "summary_bg_stdv": 56.33148660216556,
  "summary_fg_k": 3.6838512628149793,
  "summary_fg_mad": 82.69262738778349,
  "summary_fg_mean": 515.664386734134,
  "summary_fg_median": 516.8898315429688,
  "summary_fg_n": 155716.0,
  "summary_fg_p05": 310.6431579589844,
  "summary_fg_p95": 684.0,
  "summary_fg_stdv": 117.57472981894651,
  "tsnr": 40.740672380663455
}