{
  "aor": 0.0012805439330543934,
  "aqi": 0.02161738242677824,
  "bids_meta": {
    "EchoTime": 0.043,
    "FlipAngle": 80.0,
    "MagneticFieldStrength": 3.0,
    "Manufacturer": "SIEMENS",
    "ManufacturersModelName": "Verio",
    "MultibandAccelerationFactor": 4,
    "RepetitionTime": 2.0,
    "SliceTiming": [
      0.0,
      1.0575,
      0.105,
      1.1625,
      0.2125,
      1.2675,
      0.3175,
      1.375,
      0.4225,
      1.48,
      0.5275,
      1.585,
      0.635,
      1.69,
      0.74,
      1.7975,
      0.845,
      1.9025,
      0.95,
      0.0,
      1.0575,
      0.105,
      1.1625,
      0.2125,
      1.2675,
      0.3175,
      1.375,
      0.4225,
      1.48,
      0.5275,
      1.585,
      0.635,
      1.69,
      0.74,
      1.7975,
      0.845,
      1.9025,
      0.95,
      0.0,
      1.0575,
      0.105,
      1.1625,
      0.2125,
      1.2675,
      0.3175,
      1.375,
      0.4225,
      1.48,
      0.5275,
      1.585,
      0.635,
      1.69,
      0.74,
      1.7975,
      0.845,
      1.9025,
      0.95,
      0.0,
      1.0575,
      0.105,
      1.1625,
      0.2125,
      1.2675,
      0.3175,
      1.375,
      0.4225,
      1.48,
      0.5275,
      1.585,
      0.635,
      1.69,
      0.74,
      1.7975,
      0.845,
      1.9025,
      0.95
    ],
    "TaskName": "perception",
    "dataset": "ds001506",
    "modality": "bold",
    "run_id": 7,
    "session_id": "perceptionNaturalImageTraining09",
    "subject_id": "01",
    "task_id": "perception"
  },
  "dummy_trs": 0,
  "dvars_nstd": 42.22961656630253,
  "dvars_std": 1.226085686260504,
  "dvars_vstd": 1.0032462749579827,
  "efc": 0.5701638635971619,
  "fber": 969.6639404296875,
  "fd_mean": 0.11579640261821776,
  "fd_num": 31,
  "fd_perc": 12.97071129707113,
  "fwhm_avg": 1.8578400000000002,
  "fwhm_x": 1.747315,
  "fwhm_y": 2.05171,
  "fwhm_z": 1.774495,
  "gcor": 0.0186222,
  "gsr_x": -0.00928284041583538,
  "gsr_y": 0.03607841953635216,
  "provenance": {
    "md5sum": "46409405d02032d7cc1f43ebad902d9a",
    "settings": {
      "fd_thres": 0.2,
      "testing": false
    },
    "software": "mriqc",
    "version": "23.1.0"
  },
  "size_t": 239,
  "size_x": 96,
  "size_y": 96,
  "size_z": 76,
  "snr": 3.979282943590631,
  "spacing_tr": 2.0,
  "spacing_x": 2.0,
  "spacing_y": 2.0,
  "spacing_z": 2.0,
  "summary_bg_k": 12.701544627027888,
  "summary_bg_mad": 17.17089058124991,
  "summary_bg_mean": 47.35122556481706,
  "summary_bg_median": 18.99581527709961,
  "summary_bg_n": 513573.0,
  "summary_bg_p05": 5.401673316955566,
  "summary_bg_p95": 189.39749145507812,
  "summary_bg_stdv": 66.13182394868414,
  "summary_fg_k": 2.795168724384726,
  "summary_fg_mad": 109.34652864854937,
  "summary_fg_mean": 595.3781954355044,
  "summary_fg_median": 591.518798828125,
  "summary_fg_n": 186843.0,
  "summary_fg_p05": 346.8451843261719,
  "summary_fg_p95": 832.8744506835938,
  "summary_fg_stdv": 148.6491974260599,
  "tsnr": 34.35261281579733
}