{
  "aor": 0.0012108786610878662,
  "aqi": 0.01775991464435147,
  "bids_meta": {
    "EchoTime": 0.043,
    "FlipAngle": 80.0,
    "MagneticFieldStrength": 3.0,
    "Manufacturer": "SIEMENS",
    "ManufacturersModelName": "Verio",
    "MultibandAccelerationFactor": 4,
    "RepetitionTime": 2.0,
    "SliceTiming": [
      0.0,
      1.0575,
      0.105,
      1.1625,
      0.2125,
      1.2675,
      0.3175,
      1.3725,
      0.4225,
      1.48,
      0.5275,
      1.585,
      0.635,
      1.69,
      0.74,
      1.795,
      0.845,
      1.9025,
      0.95,
      0.0,
      1.0575,
      0.105,
      1.1625,
      0.2125,
      1.2675,
      0.3175,
      1.3725,
      0.4225,
      1.48,
      0.5275,
      1.585,
      0.635,
      1.69,
      0.74,
      1.795,
      0.845,
      1.9025,
      0.95,
      0.0,
      1.0575,
      0.105,
      1.1625,
      0.2125,
      1.2675,
      0.3175,
      1.3725,
      0.4225,
      1.48,
      0.5275,
      1.585,
      0.635,
      1.69,
      0.74,
      1.795,
      0.845,
      1.9025,
      0.95,
      0.0,
      1.0575,
      0.105,
      1.1625,
      0.2125,
      1.2675,
      0.3175,
      1.3725,
      0.4225,
      1.48,
      0.5275,
      1.585,
      0.635,
      1.69,
      0.74,
      1.795,
      0.845,
      1.9025,
      0.95
    ],
    "TaskName": "perception",
    "dataset": "ds001506",
    "modality": "bold",
    "run_id": 2,
    "session_id": "perceptionNaturalImageTraining09",
    "subject_id": "01",
    "task_id": "perception"
  },
  "dummy_trs": 0,
  "dvars_nstd": 39.502583014789906,
  "dvars_std": 1.225271959579832,
  "dvars_vstd": 1.0054764466386548,
  "efc": 0.5697400971647286,
  "fber": 976.7315063476562,
  "fd_mean": 0.08984857625937774,
  "fd_num": 21,
  "fd_perc": 8.786610878661088,
  "fwhm_avg": 1.8469383333333333,
  "fwhm_x": 1.73699,
  "fwhm_y": 2.037455,
  "fwhm_z": 1.76637,
  "gcor": 0.0188155,
  "gsr_x": -0.009818799793720245,
  "gsr_y": 0.03644610196352005,
  "provenance": {
    "md5sum": "96387d615ee0d7efed2554ec2b2794fb",
    "settings": {
      "fd_thres": 0.2,
      "testing": false
    },
    "software": "mriqc",
    "version": "23.1.0"
  },
  "size_t": 239,
  "size_x": 96,
  "size_y": 96,
  "size_z": 76,
  "snr": 3.9830675919725658,
  "spacing_tr": 2.0,
  "spacing_x": 2.0,
  "spacing_y": 2.0,
  "spacing_z": 2.0,
  "summary_bg_k": 13.336599360783133,
  "summary_bg_mad": 17.096450539135763,
  "summary_bg_mean": 46.98808739911031,
  "summary_bg_median": 18.958158493041992,
  "summary_bg_n": 513033.0,
  "summary_bg_p05": 5.380753040313721,
  "summary_bg_p95": 188.1129608154297,
  "summary_bg_stdv": 66.0466573679842,
  "summary_fg_k": 2.7402113356391524,
  "summary_fg_mad": 109.97308734977817,
  "summary_fg_mean": 596.2109767849482,
  "summary_fg_median": 592.4937133789062,
  "summary_fg_n": 187383.0,
  "summary_fg_p05": 348.2845153808594,
  "summary_fg_p95": 834.5104370117188,
  "summary_fg_stdv": 148.7527185331072,
  "tsnr": 37.56428032973781
}