{
  "aor": 0.001008760683760684,
  "aqi": 0.01551841923076923,
  "bids_meta": {
    "EchoTime": 0.043,
    "FlipAngle": 80.0,
    "MagneticFieldStrength": 3.0,
    "Manufacturer": "SIEMENS",
    "ManufacturersModelName": "Verio",
    "MultibandAccelerationFactor": 4,
    "RepetitionTime": 2.0,
    "SliceTiming": [
      0.0,
      1.055,
      0.105,
      1.1625,
      0.21,
      1.2675,
      0.315,
      1.3725,
      0.4225,
      1.4775,
      0.5275,
      1.585,
      0.6325,
      1.69,
      0.7375,
      1.795,
      0.845,
      1.9,
      0.95,
      0.0,
      1.055,
      0.105,
      1.1625,
      0.21,
      1.2675,
      0.315,
      1.3725,
      0.4225,
      1.4775,
      0.5275,
      1.585,
      0.6325,
      1.69,
      0.7375,
      1.795,
      0.845,
      1.9,
      0.95,
      0.0,
      1.055,
      0.105,
      1.1625,
      0.21,
      1.2675,
      0.315,
      1.3725,
      0.4225,
      1.4775,
      0.5275,
      1.585,
      0.6325,
      1.69,
      0.7375,
      1.795,
      0.845,
      1.9,
      0.95,
      0.0,
      1.055,
      0.105,
      1.1625,
      0.21,
      1.2675,
      0.315,
      1.3725,
      0.4225,
      1.4775,
      0.5275,
      1.585,
      0.6325,
      1.69,
      0.7375,
      1.795,
      0.845,
      1.9,
      0.95
    ],
    "TaskName": "perception",
    "dataset": "ds001506",
    "modality": "bold",
    "run_id": 3,
    "session_id": "perceptionNaturalImageTraining01",
    "subject_id": "03",
    "task_id": "perception"
  },
  "dummy_trs": 5,
  "dvars_nstd": 37.477402527725346,
  "dvars_std": 1.2451503037768237,
  "dvars_vstd": 1.0205413662231757,
  "efc": 0.5278407546770923,
  "fber": 1281.61376953125,
  "fd_mean": 0.09478411795897596,
  "fd_num": 6,
  "fd_perc": 2.5641025641025643,
  "fwhm_avg": 1.8709966666666666,
  "fwhm_x": 1.76637,
  "fwhm_y": 2.03199,
  "fwhm_z": 1.81463,
  "gcor": 0.0299391,
  "gsr_x": -0.028162911534309387,
  "gsr_y": 0.03483087196946144,
  "provenance": {
    "md5sum": "e2b6dd43aa7f2286228acf6f83345adf",
    "settings": {
      "fd_thres": 0.2,
      "testing": false
    },
    "software": "mriqc",
    "version": "23.1.0"
  },
  "size_t": 234,
  "size_x": 96,
  "size_y": 96,
  "size_z": 76,
  "snr": 4.4249496864415265,
  "spacing_tr": 2.0,
  "spacing_x": 2.0,
  "spacing_y": 2.0,
  "spacing_z": 2.0,
  "summary_bg_k": 17.22500952444106,
  "summary_bg_mad": 13.12166504926854,
  "summary_bg_mean": 40.32435548434006,
  "summary_bg_median": 16.423078536987305,
  "summary_bg_n": 545519.0,
  "summary_bg_p05": 5.418803691864014,
  "summary_bg_p95": 169.2777862548828,
  "summary_bg_stdv": 60.580830731023056,
  "summary_fg_k": 3.8289366713167894,
  "summary_fg_mad": 94.70284554249046,
  "summary_fg_mean": 585.5490384042704,
  "summary_fg_median": 587.940185546875,
  "summary_fg_n": 154897.0,
  "summary_fg_p05": 353.5256652832031,
  "summary_fg_p95": 772.803466796875,
  "summary_fg_stdv": 132.86892040895316,
  "tsnr": 45.39704234339297
}