{
  "aor": 0.000727180616740088,
  "aqi": 0.022488923348017626,
  "bids_meta": {
    "EchoTime": 0.043,
    "FlipAngle": 80.0,
    "MagneticFieldStrength": 3.0,
    "Manufacturer": "SIEMENS",
    "ManufacturersModelName": "Verio",
    "MultibandAccelerationFactor": 4,
    "RepetitionTime": 2.0,
    "SliceTiming": [
      0.0,
      1.055,
      0.105,
      1.1625,
      0.21,
      1.2675,
      0.3175,
      1.3725,
      0.4225,
      1.4775,
      0.5275,
      1.585,
      0.6325,
      1.69,
      0.74,
      1.795,
      0.845,
      1.9025,
      0.95,
      0.0,
      1.055,
      0.105,
      1.1625,
      0.21,
      1.2675,
      0.3175,
      1.3725,
      0.4225,
      1.4775,
      0.5275,
      1.585,
      0.6325,
      1.69,
      0.74,
      1.795,
      0.845,
      1.9025,
      0.95,
      0.0,
      1.055,
      0.105,
      1.1625,
      0.21,
      1.2675,
      0.3175,
      1.3725,
      0.4225,
      1.4775,
      0.5275,
      1.585,
      0.6325,
      1.69,
      0.74,
      1.795,
      0.845,
      1.9025,
      0.95,
      0.0,
      1.055,
      0.105,
      1.1625,
      0.21,
      1.2675,
      0.3175,
      1.3725,
      0.4225,
      1.4775,
      0.5275,
      1.585,
      0.6325,
      1.69,
      0.74,
      1.795,
      0.845,
      1.9025,
      0.95
    ],
    "TaskName": "imagery",
    "dataset": "ds001506",
    "modality": "bold",
    "run_id": 4,
    "session_id": "imagery03",
    "subject_id": "02",
    "task_id": "imagery"
  },
  "dummy_trs": 0,
  "dvars_nstd": 41.79397395650443,
  "dvars_std": 1.1909497172566368,
  "dvars_vstd": 0.9794495208407077,
  "efc": 0.5595617268223837,
  "fber": 938.885498046875,
  "fd_mean": 0.06474536928900634,
  "fd_num": 0,
  "fd_perc": 0.0,
  "fwhm_avg": 1.8754116666666667,
  "fwhm_x": 1.77828,
  "fwhm_y": 2.050365,
  "fwhm_z": 1.79759,
  "gcor": 0.00951516,
  "gsr_x": -0.01906398870050907,
  "gsr_y": 0.04542708024382591,
  "provenance": {
    "md5sum": "20ad8be924ad5580d2c1d5e15c0fc118",
    "settings": {
      "fd_thres": 0.2,
      "testing": false
    },
    "software": "mriqc",
    "version": "23.1.0"
  },
  "size_t": 227,
  "size_x": 96,
  "size_y": 96,
  "size_z": 76,
  "snr": 4.400517602472644,
  "spacing_tr": 2.0,
  "spacing_x": 2.0,
  "spacing_y": 2.0,
  "spacing_z": 2.0,
  "summary_bg_k": 23.323924471951862,
  "summary_bg_mad": 14.812957567423162,
  "summary_bg_mean": 42.55953422353886,
  "summary_bg_median": 17.4977970123291,
  "summary_bg_n": 528066.0,
  "summary_bg_p05": 5.933920383453369,
  "summary_bg_p95": 169.9735565185547,
  "summary_bg_stdv": 62.38277279386797,
  "summary_fg_k": 3.004626193484893,
  "summary_fg_mad": 89.36107970016843,
  "summary_fg_mean": 526.8811486469776,
  "summary_fg_median": 536.1541748046875,
  "summary_fg_n": 172350.0,
  "summary_fg_p05": 300.2378845214844,
  "summary_fg_p95": 692.1277465820312,
  "summary_fg_stdv": 121.83853533015176,
  "tsnr": 35.565254969056696
}