{
  "aor": 0.0020793377483443705,
  "aqi": 0.02097629139072848,
  "bids_meta": {
    "EchoTime": 0.043,
    "FlipAngle": 80.0,
    "MagneticFieldStrength": 3.0,
    "Manufacturer": "SIEMENS",
    "ManufacturersModelName": "Verio",
    "MultibandAccelerationFactor": 4,
    "RepetitionTime": 2.0,
    "SliceTiming": [
      0.0,
      1.0575,
      0.105,
      1.1625,
      0.21,
      1.2675,
      0.3175,
      1.3725,
      0.4225,
      1.48,
      0.5275,
      1.585,
      0.6325,
      1.69,
      0.74,
      1.795,
      0.845,
      1.9025,
      0.95,
      0.0,
      1.0575,
      0.105,
      1.1625,
      0.21,
      1.2675,
      0.3175,
      1.3725,
      0.4225,
      1.48,
      0.5275,
      1.585,
      0.6325,
      1.69,
      0.74,
      1.795,
      0.845,
      1.9025,
      0.95,
      0.0,
      1.0575,
      0.105,
      1.1625,
      0.21,
      1.2675,
      0.3175,
      1.3725,
      0.4225,
      1.48,
      0.5275,
      1.585,
      0.6325,
      1.69,
      0.74,
      1.795,
      0.845,
      1.9025,
      0.95,
      0.0,
      1.0575,
      0.105,
      1.1625,
      0.21,
      1.2675,
      0.3175,
      1.3725,
      0.4225,
      1.48,
      0.5275,
      1.585,
      0.6325,
      1.69,
      0.74,
      1.795,
      0.845,
      1.9025,
      0.95
    ],
    "TaskName": "perception",
    "dataset": "ds001506",
    "modality": "bold",
    "run_id": 8,
    "session_id": "perceptionLetterImage01",
    "subject_id": "02",
    "task_id": "perception"
  },
  "dummy_trs": 0,
  "dvars_nstd": 43.76694633446666,
  "dvars_std": 1.2185064626666666,
  "dvars_vstd": 1.0149765965333335,
  "efc": 0.5588055707618923,
  "fber": 947.8797607421875,
  "fd_mean": 0.14090294258568203,
  "fd_num": 28,
  "fd_perc": 18.543046357615893,
  "fwhm_avg": 1.8455233333333332,
  "fwhm_x": 1.754915,
  "fwhm_y": 2.02688,
  "fwhm_z": 1.754775,
  "gcor": 0.0165125,
  "gsr_x": -0.020369436591863632,
  "gsr_y": 0.05046265944838524,
  "provenance": {
    "md5sum": "787bab0137b40fb01e8562cff60a2cd5",
    "settings": {
      "fd_thres": 0.2,
      "testing": false
    },
    "software": "mriqc",
    "version": "23.1.0"
  },
  "size_t": 151,
  "size_x": 96,
  "size_y": 96,
  "size_z": 76,
  "snr": 4.405854420687636,
  "spacing_tr": 2.0,
  "spacing_x": 2.0,
  "spacing_y": 2.0,
  "spacing_z": 2.0,
  "summary_bg_k": 24.74448319709485,
  "summary_bg_mad": 14.56092356068158,
  "summary_bg_mean": 40.89628457414665,
  "summary_bg_median": 16.8410587310791,
  "summary_bg_n": 527641.0,
  "summary_bg_p05": 5.324503421783447,
  "summary_bg_p95": 164.1854248046875,
  "summary_bg_stdv": 61.14017607841649,
  "summary_fg_k": 2.9228958479931766,
  "summary_fg_mad": 85.13674021863841,
  "summary_fg_mean": 509.36774273733965,
  "summary_fg_median": 518.4967041015625,
  "summary_fg_n": 172775.0,
  "summary_fg_p05": 286.85430908203125,
  "summary_fg_p95": 669.9205322265625,
  "summary_fg_stdv": 117.68323555310918,
  "tsnr": 35.95325330365449
}