{
  "aor": 0.0008027152317880796,
  "aqi": 0.021709976821192054,
  "bids_meta": {
    "EchoTime": 0.043,
    "FlipAngle": 80.0,
    "MagneticFieldStrength": 3.0,
    "Manufacturer": "SIEMENS",
    "ManufacturersModelName": "Verio",
    "MultibandAccelerationFactor": 4,
    "RepetitionTime": 2.0,
    "SliceTiming": [
      0.0,
      1.0575,
      0.105,
      1.1625,
      0.2125,
      1.2675,
      0.3175,
      1.375,
      0.4225,
      1.48,
      0.5275,
      1.585,
      0.635,
      1.69,
      0.74,
      1.7975,
      0.845,
      1.9025,
      0.9525,
      0.0,
      1.0575,
      0.105,
      1.1625,
      0.2125,
      1.2675,
      0.3175,
      1.375,
      0.4225,
      1.48,
      0.5275,
      1.585,
      0.635,
      1.69,
      0.74,
      1.7975,
      0.845,
      1.9025,
      0.9525,
      0.0,
      1.0575,
      0.105,
      1.1625,
      0.2125,
      1.2675,
      0.3175,
      1.375,
      0.4225,
      1.48,
      0.5275,
      1.585,
      0.635,
      1.69,
      0.74,
      1.7975,
      0.845,
      1.9025,
      0.9525,
      0.0,
      1.0575,
      0.105,
      1.1625,
      0.2125,
      1.2675,
      0.3175,
      1.375,
      0.4225,
      1.48,
      0.5275,
      1.585,
      0.635,
      1.69,
      0.74,
      1.7975,
      0.845,
      1.9025,
      0.9525
    ],
    "TaskName": "perception",
    "dataset": "ds001506",
    "modality": "bold",
    "run_id": 6,
    "session_id": "perceptionLetterImage01",
    "subject_id": "02",
    "task_id": "perception"
  },
  "dummy_trs": 0,
  "dvars_nstd": 44.407738011533326,
  "dvars_std": 1.1990155996,
  "dvars_vstd": 0.9948873190666666,
  "efc": 0.5588643934960179,
  "fber": 907.6920166015625,
  "fd_mean": 0.14192058473844302,
  "fd_num": 30,
  "fd_perc": 19.867549668874172,
  "fwhm_avg": 1.8429916666666664,
  "fwhm_x": 1.74223,
  "fwhm_y": 2.032275,
  "fwhm_z": 1.75447,
  "gcor": 0.0302459,
  "gsr_x": -0.019693458452820778,
  "gsr_y": 0.0501641109585762,
  "provenance": {
    "md5sum": "76c525e43f23c8002faca261cc164a6b",
    "settings": {
      "fd_thres": 0.2,
      "testing": false
    },
    "software": "mriqc",
    "version": "23.1.0"
  },
  "size_t": 151,
  "size_x": 96,
  "size_y": 96,
  "size_z": 76,
  "snr": 4.405564492103049,
  "spacing_tr": 2.0,
  "spacing_x": 2.0,
  "spacing_y": 2.0,
  "spacing_z": 2.0,
  "summary_bg_k": 25.273692775576468,
  "summary_bg_mad": 14.708200260018566,
  "summary_bg_mean": 40.900803366745954,
  "summary_bg_median": 17.23841094970703,
  "summary_bg_n": 527641.0,
  "summary_bg_p05": 5.602649211883545,
  "summary_bg_p95": 163.6225128173828,
  "summary_bg_stdv": 60.97998784071747,
  "summary_fg_k": 3.0396253635982644,
  "summary_fg_mad": 84.46905342241993,
  "summary_fg_mean": 510.0399952300415,
  "summary_fg_median": 519.3576049804688,
  "summary_fg_n": 172775.0,
  "summary_fg_p05": 287.31787109375,
  "summary_fg_p95": 669.0198364257812,
  "summary_fg_stdv": 117.88639183944375,
  "tsnr": 35.375359625089914
}