{
  "aor": 0.0007386092715231787,
  "aqi": 0.01488189271523179,
  "bids_meta": {
    "EchoTime": 0.043,
    "FlipAngle": 80.0,
    "MagneticFieldStrength": 3.0,
    "Manufacturer": "SIEMENS",
    "ManufacturersModelName": "Verio",
    "MultibandAccelerationFactor": 4,
    "RepetitionTime": 2.0,
    "SliceTiming": [
      0.0,
      1.0575,
      0.1075,
      1.1625,
      0.2125,
      1.2675,
      0.3175,
      1.375,
      0.4225,
      1.48,
      0.53,
      1.585,
      0.635,
      1.69,
      0.74,
      1.7975,
      0.845,
      1.9025,
      0.9525,
      0.0,
      1.0575,
      0.1075,
      1.1625,
      0.2125,
      1.2675,
      0.3175,
      1.375,
      0.4225,
      1.48,
      0.53,
      1.585,
      0.635,
      1.69,
      0.74,
      1.7975,
      0.845,
      1.9025,
      0.9525,
      0.0,
      1.0575,
      0.1075,
      1.1625,
      0.2125,
      1.2675,
      0.3175,
      1.375,
      0.4225,
      1.48,
      0.53,
      1.585,
      0.635,
      1.69,
      0.74,
      1.7975,
      0.845,
      1.9025,
      0.9525,
      0.0,
      1.0575,
      0.1075,
      1.1625,
      0.2125,
      1.2675,
      0.3175,
      1.375,
      0.4225,
      1.48,
      0.53,
      1.585,
      0.635,
      1.69,
      0.74,
      1.7975,
      0.845,
      1.9025,
      0.9525
    ],
    "TaskName": "perception",
    "dataset": "ds001506",
    "modality": "bold",
    "run_id": 1,
    "session_id": "perceptionLetterImage01",
    "subject_id": "02",
    "task_id": "perception"
  },
  "dummy_trs": 0,
  "dvars_nstd": 39.71960304286668,
  "dvars_std": 1.2150052045999997,
  "dvars_vstd": 1.0068558768000002,
  "efc": 0.5571534191860169,
  "fber": 920.5135498046875,
  "fd_mean": 0.05319596612281654,
  "fd_num": 0,
  "fd_perc": 0.0,
  "fwhm_avg": 1.8315150000000002,
  "fwhm_x": 1.74079,
  "fwhm_y": 2.01327,
  "fwhm_z": 1.740485,
  "gcor": 0.0120294,
  "gsr_x": -0.02010415494441986,
  "gsr_y": 0.05053676292300224,
  "provenance": {
    "md5sum": "6f33199a94b024ec7914168904bb355e",
    "settings": {
      "fd_thres": 0.2,
      "testing": false
    },
    "software": "mriqc",
    "version": "23.1.0"
  },
  "size_t": 151,
  "size_x": 96,
  "size_y": 96,
  "size_z": 76,
  "snr": 4.3831023032531755,
  "spacing_tr": 2.0,
  "spacing_x": 2.0,
  "spacing_y": 2.0,
  "spacing_z": 2.0,
  "summary_bg_k": 26.40661600611299,
  "summary_bg_mad": 14.610014851180804,
  "summary_bg_mean": 40.535073302968634,
  "summary_bg_median": 17.29801368713379,
  "summary_bg_n": 527359.0,
  "summary_bg_p05": 5.635761737823486,
  "summary_bg_p95": 161.4900665283203,
  "summary_bg_stdv": 60.45538258803206,
  "summary_fg_k": 3.1258300353708446,
  "summary_fg_mad": 86.13815729939355,
  "summary_fg_mean": 516.2618436078296,
  "summary_fg_median": 524.8211669921875,
  "summary_fg_n": 173057.0,
  "summary_fg_p05": 292.8145751953125,
  "summary_fg_p95": 679.5960083007812,
  "summary_fg_stdv": 119.73702970060445,
  "tsnr": 42.591589241987094
}