{
  "aor": 0.0010034437086092714,
  "aqi": 0.01559973311258278,
  "bids_meta": {
    "EchoTime": 0.043,
    "FlipAngle": 80.0,
    "MagneticFieldStrength": 3.0,
    "Manufacturer": "SIEMENS",
    "ManufacturersModelName": "Verio",
    "MultibandAccelerationFactor": 4,
    "RepetitionTime": 2.0,
    "SliceTiming": [
      0.0,
      1.055,
      0.105,
      1.1625,
      0.21,
      1.2675,
      0.3175,
      1.3725,
      0.4225,
      1.4775,
      0.5275,
      1.585,
      0.6325,
      1.69,
      0.74,
      1.795,
      0.845,
      1.9025,
      0.95,
      0.0,
      1.055,
      0.105,
      1.1625,
      0.21,
      1.2675,
      0.3175,
      1.3725,
      0.4225,
      1.4775,
      0.5275,
      1.585,
      0.6325,
      1.69,
      0.74,
      1.795,
      0.845,
      1.9025,
      0.95,
      0.0,
      1.055,
      0.105,
      1.1625,
      0.21,
      1.2675,
      0.3175,
      1.3725,
      0.4225,
      1.4775,
      0.5275,
      1.585,
      0.6325,
      1.69,
      0.74,
      1.795,
      0.845,
      1.9025,
      0.95,
      0.0,
      1.055,
      0.105,
      1.1625,
      0.21,
      1.2675,
      0.3175,
      1.3725,
      0.4225,
      1.4775,
      0.5275,
      1.585,
      0.6325,
      1.69,
      0.74,
      1.795,
      0.845,
      1.9025,
      0.95
    ],
    "TaskName": "perception",
    "dataset": "ds001506",
    "modality": "bold",
    "run_id": 3,
    "session_id": "perceptionLetterImage01",
    "subject_id": "02",
    "task_id": "perception"
  },
  "dummy_trs": 0,
  "dvars_nstd": 41.66892430620001,
  "dvars_std": 1.2343346963333335,
  "dvars_vstd": 1.016321509333333,
  "efc": 0.5578203658236414,
  "fber": 925.226318359375,
  "fd_mean": 0.09670977139694421,
  "fd_num": 4,
  "fd_perc": 2.6490066225165565,
  "fwhm_avg": 1.8288149999999999,
  "fwhm_x": 1.732795,
  "fwhm_y": 2.014205,
  "fwhm_z": 1.739445,
  "gcor": 0.0274315,
  "gsr_x": -0.020626524463295937,
  "gsr_y": 0.04914531484246254,
  "provenance": {
    "md5sum": "8b2362d1020483ef500dd253eaef6f5e",
    "settings": {
      "fd_thres": 0.2,
      "testing": false
    },
    "software": "mriqc",
    "version": "23.1.0"
  },
  "size_t": 151,
  "size_x": 96,
  "size_y": 96,
  "size_z": 76,
  "snr": 4.400213541924373,
  "spacing_tr": 2.0,
  "spacing_x": 2.0,
  "spacing_y": 2.0,
  "spacing_z": 2.0,
  "summary_bg_k": 25.627395555702563,
  "summary_bg_mad": 14.511828735383213,
  "summary_bg_mean": 40.89130534739021,
  "summary_bg_median": 17.1854305267334,
  "summary_bg_n": 527740.0,
  "summary_bg_p05": 5.6490068435668945,
  "summary_bg_p95": 164.4900665283203,
  "summary_bg_stdv": 61.40332447446417,
  "summary_fg_k": 3.0561460090998134,
  "summary_fg_mad": 85.48526575846839,
  "summary_fg_mean": 514.0902356397035,
  "summary_fg_median": 522.7384033203125,
  "summary_fg_n": 172676.0,
  "summary_fg_p05": 291.3112487792969,
  "summary_fg_p95": 676.0927124023438,
  "summary_fg_stdv": 118.79807302490201,
  "tsnr": 41.207579446956515
}