{
  "aor": 0.0007511258278145694,
  "aqi": 0.015155725165562916,
  "bids_meta": {
    "EchoTime": 0.043,
    "FlipAngle": 80.0,
    "MagneticFieldStrength": 3.0,
    "Manufacturer": "SIEMENS",
    "ManufacturersModelName": "Verio",
    "MultibandAccelerationFactor": 4,
    "RepetitionTime": 2.0,
    "SliceTiming": [
      0.0,
      1.055,
      0.105,
      1.16,
      0.21,
      1.2675,
      0.315,
      1.3725,
      0.4225,
      1.4775,
      0.5275,
      1.585,
      0.6325,
      1.69,
      0.7375,
      1.795,
      0.845,
      1.9,
      0.95,
      0.0,
      1.055,
      0.105,
      1.16,
      0.21,
      1.2675,
      0.315,
      1.3725,
      0.4225,
      1.4775,
      0.5275,
      1.585,
      0.6325,
      1.69,
      0.7375,
      1.795,
      0.845,
      1.9,
      0.95,
      0.0,
      1.055,
      0.105,
      1.16,
      0.21,
      1.2675,
      0.315,
      1.3725,
      0.4225,
      1.4775,
      0.5275,
      1.585,
      0.6325,
      1.69,
      0.7375,
      1.795,
      0.845,
      1.9,
      0.95,
      0.0,
      1.055,
      0.105,
      1.16,
      0.21,
      1.2675,
      0.315,
      1.3725,
      0.4225,
      1.4775,
      0.5275,
      1.585,
      0.6325,
      1.69,
      0.7375,
      1.795,
      0.845,
      1.9,
      0.95
    ],
    "TaskName": "perception",
    "dataset": "ds001506",
    "modality": "bold",
    "run_id": 2,
    "session_id": "perceptionLetterImage01",
    "subject_id": "02",
    "task_id": "perception"
  },
  "dummy_trs": 0,
  "dvars_nstd": 40.208499272933345,
  "dvars_std": 1.2186054585999997,
  "dvars_vstd": 1.0053554509333338,
  "efc": 0.5568101059551587,
  "fber": 946.1546630859375,
  "fd_mean": 0.0639837411127142,
  "fd_num": 1,
  "fd_perc": 0.6622516556291391,
  "fwhm_avg": 1.8347133333333332,
  "fwhm_x": 1.73847,
  "fwhm_y": 2.01734,
  "fwhm_z": 1.74833,
  "gcor": 0.0186038,
  "gsr_x": -0.02000533603131771,
  "gsr_y": 0.04987813159823418,
  "provenance": {
    "md5sum": "f6dc4ee5aee1a099a7c698f74cd173fa",
    "settings": {
      "fd_thres": 0.2,
      "testing": false
    },
    "software": "mriqc",
    "version": "23.1.0"
  },
  "size_t": 151,
  "size_x": 96,
  "size_y": 96,
  "size_z": 76,
  "snr": 4.389108081094847,
  "spacing_tr": 2.0,
  "spacing_x": 2.0,
  "spacing_y": 2.0,
  "spacing_z": 2.0,
  "summary_bg_k": 26.154251080518897,
  "summary_bg_mad": 14.394004689466275,
  "summary_bg_mean": 40.48192616534505,
  "summary_bg_median": 17.0264892578125,
  "summary_bg_n": 527703.0,
  "summary_bg_p05": 5.56291389465332,
  "summary_bg_p95": 161.7284698486328,
  "summary_bg_stdv": 60.646741124348445,
  "summary_fg_k": 3.094917691428744,
  "summary_fg_mad": 86.01051994409558,
  "summary_fg_mean": 514.8681917937752,
  "summary_fg_median": 523.7284545898438,
  "summary_fg_n": 172713.0,
  "summary_fg_p05": 291.53643798828125,
  "summary_fg_p95": 677.1788330078125,
  "summary_fg_stdv": 119.32422914399278,
  "tsnr": 41.99891362339258
}