{
  "aor": 0.0007904635761589404,
  "aqi": 0.021749490066225164,
  "bids_meta": {
    "EchoTime": 0.043,
    "FlipAngle": 80.0,
    "MagneticFieldStrength": 3.0,
    "Manufacturer": "SIEMENS",
    "ManufacturersModelName": "Verio",
    "MultibandAccelerationFactor": 4,
    "RepetitionTime": 2.0,
    "SliceTiming": [
      0.0,
      1.055,
      0.105,
      1.1625,
      0.21,
      1.2675,
      0.3175,
      1.3725,
      0.4225,
      1.4775,
      0.5275,
      1.585,
      0.6325,
      1.69,
      0.74,
      1.795,
      0.845,
      1.9025,
      0.95,
      0.0,
      1.055,
      0.105,
      1.1625,
      0.21,
      1.2675,
      0.3175,
      1.3725,
      0.4225,
      1.4775,
      0.5275,
      1.585,
      0.6325,
      1.69,
      0.74,
      1.795,
      0.845,
      1.9025,
      0.95,
      0.0,
      1.055,
      0.105,
      1.1625,
      0.21,
      1.2675,
      0.3175,
      1.3725,
      0.4225,
      1.4775,
      0.5275,
      1.585,
      0.6325,
      1.69,
      0.74,
      1.795,
      0.845,
      1.9025,
      0.95,
      0.0,
      1.055,
      0.105,
      1.1625,
      0.21,
      1.2675,
      0.3175,
      1.3725,
      0.4225,
      1.4775,
      0.5275,
      1.585,
      0.6325,
      1.69,
      0.74,
      1.795,
      0.845,
      1.9025,
      0.95
    ],
    "TaskName": "perception",
    "dataset": "ds001506",
    "modality": "bold",
    "run_id": 7,
    "session_id": "perceptionLetterImage01",
    "subject_id": "02",
    "task_id": "perception"
  },
  "dummy_trs": 0,
  "dvars_nstd": 44.246852849533305,
  "dvars_std": 1.1927251562,
  "dvars_vstd": 1.0005737479333332,
  "efc": 0.5587245106934952,
  "fber": 930.7733764648438,
  "fd_mean": 0.15105135508400658,
  "fd_num": 39,
  "fd_perc": 25.827814569536425,
  "fwhm_avg": 1.8395599999999999,
  "fwhm_x": 1.743725,
  "fwhm_y": 2.02342,
  "fwhm_z": 1.751535,
  "gcor": 0.0196007,
  "gsr_x": -0.01946905255317688,
  "gsr_y": 0.050496067851781845,
  "provenance": {
    "md5sum": "19edce61c9462bf283c0bcd3b7ec1fab",
    "settings": {
      "fd_thres": 0.2,
      "testing": false
    },
    "software": "mriqc",
    "version": "23.1.0"
  },
  "size_t": 151,
  "size_x": 96,
  "size_y": 96,
  "size_z": 76,
  "snr": 4.403540331143266,
  "spacing_tr": 2.0,
  "spacing_x": 2.0,
  "spacing_y": 2.0,
  "spacing_z": 2.0,
  "summary_bg_k": 25.016731535375328,
  "summary_bg_mad": 14.511829442343041,
  "summary_bg_mean": 40.78622114464112,
  "summary_bg_median": 16.980133056640625,
  "summary_bg_n": 527708.0,
  "summary_bg_p05": 5.483443737030029,
  "summary_bg_p95": 162.93377685546875,
  "summary_bg_stdv": 60.88567540341115,
  "summary_fg_k": 3.030668693091231,
  "summary_fg_mad": 84.21377871182396,
  "summary_fg_mean": 508.46682306793167,
  "summary_fg_median": 518.0397338867188,
  "summary_fg_n": 172708.0,
  "summary_fg_p05": 285.85430908203125,
  "summary_fg_p95": 667.5960083007812,
  "summary_fg_stdv": 117.6413056705235,
  "tsnr": 35.653338972944766
}