{
  "aor": 0.0010631799163179916,
  "aqi": 0.024159883682008373,
  "bids_meta": {
    "EchoTime": 0.043,
    "FlipAngle": 80.0,
    "MagneticFieldStrength": 3.0,
    "Manufacturer": "SIEMENS",
    "ManufacturersModelName": "Verio",
    "MultibandAccelerationFactor": 4,
    "RepetitionTime": 2.0,
    "SliceTiming": [
      0.0,
      1.0575,
      0.105,
      1.1625,
      0.2125,
      1.2675,
      0.3175,
      1.3725,
      0.4225,
      1.48,
      0.5275,
      1.585,
      0.635,
      1.69,
      0.74,
      1.795,
      0.845,
      1.9025,
      0.95,
      0.0,
      1.0575,
      0.105,
      1.1625,
      0.2125,
      1.2675,
      0.3175,
      1.3725,
      0.4225,
      1.48,
      0.5275,
      1.585,
      0.635,
      1.69,
      0.74,
      1.795,
      0.845,
      1.9025,
      0.95,
      0.0,
      1.0575,
      0.105,
      1.1625,
      0.2125,
      1.2675,
      0.3175,
      1.3725,
      0.4225,
      1.48,
      0.5275,
      1.585,
      0.635,
      1.69,
      0.74,
      1.795,
      0.845,
      1.9025,
      0.95,
      0.0,
      1.0575,
      0.105,
      1.1625,
      0.2125,
      1.2675,
      0.3175,
      1.3725,
      0.4225,
      1.48,
      0.5275,
      1.585,
      0.635,
      1.69,
      0.74,
      1.795,
      0.845,
      1.9025,
      0.95
    ],
    "TaskName": "perception",
    "dataset": "ds001506",
    "modality": "bold",
    "run_id": 8,
    "session_id": "perceptionNaturalImageTraining13",
    "subject_id": "01",
    "task_id": "perception"
  },
  "dummy_trs": 0,
  "dvars_nstd": 42.67969984155462,
  "dvars_std": 1.1994303170168064,
  "dvars_vstd": 0.9873986641596638,
  "efc": 0.5701563211095142,
  "fber": 967.6605224609375,
  "fd_mean": 0.14435882865628408,
  "fd_num": 55,
  "fd_perc": 23.01255230125523,
  "fwhm_avg": 1.8883866666666667,
  "fwhm_x": 1.778565,
  "fwhm_y": 2.06701,
  "fwhm_z": 1.819585,
  "gcor": 0.0244052,
  "gsr_x": -0.010912477970123291,
  "gsr_y": 0.031843509525060654,
  "provenance": {
    "md5sum": "f17f6cfe554f572522a24f8ab9d8d95b",
    "settings": {
      "fd_thres": 0.2,
      "testing": false
    },
    "software": "mriqc",
    "version": "23.1.0"
  },
  "size_t": 239,
  "size_x": 96,
  "size_y": 96,
  "size_z": 76,
  "snr": 3.957877134160095,
  "spacing_tr": 2.0,
  "spacing_x": 2.0,
  "spacing_y": 2.0,
  "spacing_z": 2.0,
  "summary_bg_k": 12.3381962001268,
  "summary_bg_mad": 16.22177863037489,
  "summary_bg_mean": 45.4032768143409,
  "summary_bg_median": 18.376567840576172,
  "summary_bg_n": 512770.0,
  "summary_bg_p05": 5.543932914733887,
  "summary_bg_p95": 180.35983276367188,
  "summary_bg_stdv": 62.800916314474335,
  "summary_fg_k": 2.738854849941312,
  "summary_fg_mad": 109.35897114153303,
  "summary_fg_mean": 577.7234476477928,
  "summary_fg_median": 571.6443481445312,
  "summary_fg_n": 187646.0,
  "summary_fg_p05": 343.15899658203125,
  "summary_fg_p95": 813.1924438476562,
  "summary_fg_stdv": 144.43167525586833,
  "tsnr": 31.79505730269011
}