{
  "aor": 0.0020124226804123712,
  "aqi": 0.025846226288659794,
  "bids_meta": {
    "EchoTime": 0.043,
    "FlipAngle": 80.0,
    "MagneticFieldStrength": 3.0,
    "Manufacturer": "SIEMENS",
    "ManufacturersModelName": "Verio",
    "MultibandAccelerationFactor": 4,
    "RepetitionTime": 2.0,
    "SliceTiming": [
      0.0,
      1.055,
      0.105,
      1.1625,
      0.21,
      1.2675,
      0.3175,
      1.3725,
      0.4225,
      1.48,
      0.5275,
      1.585,
      0.6325,
      1.69,
      0.74,
      1.795,
      0.845,
      1.9025,
      0.95,
      0.0,
      1.055,
      0.105,
      1.1625,
      0.21,
      1.2675,
      0.3175,
      1.3725,
      0.4225,
      1.48,
      0.5275,
      1.585,
      0.6325,
      1.69,
      0.74,
      1.795,
      0.845,
      1.9025,
      0.95,
      0.0,
      1.055,
      0.105,
      1.1625,
      0.21,
      1.2675,
      0.3175,
      1.3725,
      0.4225,
      1.48,
      0.5275,
      1.585,
      0.6325,
      1.69,
      0.74,
      1.795,
      0.845,
      1.9025,
      0.95,
      0.0,
      1.055,
      0.105,
      1.1625,
      0.21,
      1.2675,
      0.3175,
      1.3725,
      0.4225,
      1.48,
      0.5275,
      1.585,
      0.6325,
      1.69,
      0.74,
      1.795,
      0.845,
      1.9025,
      0.95
    ],
    "TaskName": "perception",
    "dataset": "ds001506",
    "modality": "bold",
    "run_id": 10,
    "session_id": "perceptionArtificialImage01",
    "subject_id": "01",
    "task_id": "perception"
  },
  "dummy_trs": 1,
  "dvars_nstd": 40.76988581932645,
  "dvars_std": 1.2158380238860107,
  "dvars_vstd": 1.00784338865285,
  "efc": 0.5710412629792077,
  "fber": 1117.7423095703125,
  "fd_mean": 0.1292041369346502,
  "fd_num": 25,
  "fd_perc": 12.88659793814433,
  "fwhm_avg": 1.877065,
  "fwhm_x": 1.766305,
  "fwhm_y": 2.0051,
  "fwhm_z": 1.85979,
  "gcor": 0.0148532,
  "gsr_x": -0.010055223479866982,
  "gsr_y": 0.02444825880229473,
  "provenance": {
    "md5sum": "2729194052485f42cc179eb5ac9b4f91",
    "settings": {
      "fd_thres": 0.2,
      "testing": false
    },
    "software": "mriqc",
    "version": "23.1.0"
  },
  "size_t": 194,
  "size_x": 96,
  "size_y": 96,
  "size_z": 76,
  "snr": 4.065981009770027,
  "spacing_tr": 2.0,
  "spacing_x": 2.0,
  "spacing_y": 2.0,
  "spacing_z": 2.0,
  "summary_bg_k": 12.290746691851608,
  "summary_bg_mad": 16.93911168055806,
  "summary_bg_mean": 49.78548111219336,
  "summary_bg_median": 18.579895973205566,
  "summary_bg_n": 513264.0,
  "summary_bg_p05": 5.530927658081055,
  "summary_bg_p95": 198.1237030029297,
  "summary_bg_stdv": 69.57932253998965,
  "summary_fg_k": 2.4831260643571627,
  "summary_fg_mad": 113.08660630315478,
  "summary_fg_mean": 625.7915756617019,
  "summary_fg_median": 621.1752319335938,
  "summary_fg_n": 187152.0,
  "summary_fg_p05": 371.8350524902344,
  "summary_fg_p95": 873.7525634765625,
  "summary_fg_stdv": 152.77335798946723,
  "tsnr": 32.3829005707521
}