{
  "aor": 0.0015127692307692307,
  "aqi": 0.017920047692307692,
  "bids_meta": {
    "EchoTime": 0.043,
    "FlipAngle": 80.0,
    "MagneticFieldStrength": 3.0,
    "Manufacturer": "SIEMENS",
    "ManufacturersModelName": "Verio",
    "MultibandAccelerationFactor": 4,
    "RepetitionTime": 2.0,
    "SliceTiming": [
      0.0,
      1.055,
      0.105,
      1.16,
      0.21,
      1.2675,
      0.315,
      1.3725,
      0.4225,
      1.4775,
      0.5275,
      1.585,
      0.6325,
      1.69,
      0.7375,
      1.795,
      0.845,
      1.9,
      0.95,
      0.0,
      1.055,
      0.105,
      1.16,
      0.21,
      1.2675,
      0.315,
      1.3725,
      0.4225,
      1.4775,
      0.5275,
      1.585,
      0.6325,
      1.69,
      0.7375,
      1.795,
      0.845,
      1.9,
      0.95,
      0.0,
      1.055,
      0.105,
      1.16,
      0.21,
      1.2675,
      0.315,
      1.3725,
      0.4225,
      1.4775,
      0.5275,
      1.585,
      0.6325,
      1.69,
      0.7375,
      1.795,
      0.845,
      1.9,
      0.95,
      0.0,
      1.055,
      0.105,
      1.16,
      0.21,
      1.2675,
      0.315,
      1.3725,
      0.4225,
      1.4775,
      0.5275,
      1.585,
      0.6325,
      1.69,
      0.7375,
      1.795,
      0.845,
      1.9,
      0.95
    ],
    "TaskName": "perception",
    "dataset": "ds001506",
    "modality": "bold",
    "run_id": 8,
    "session_id": "perceptionArtificialImage01",
    "subject_id": "01",
    "task_id": "perception"
  },
  "dummy_trs": 0,
  "dvars_nstd": 41.0200904573196,
  "dvars_std": 1.2284377762886594,
  "dvars_vstd": 1.0051639487628858,
  "efc": 0.5707007239966795,
  "fber": 1103.649169921875,
  "fd_mean": 0.11065209964839601,
  "fd_num": 24,
  "fd_perc": 12.307692307692308,
  "fwhm_avg": 1.8455899999999998,
  "fwhm_x": 1.746155,
  "fwhm_y": 1.970055,
  "fwhm_z": 1.82056,
  "gcor": 0.0204952,
  "gsr_x": -0.010654240846633911,
  "gsr_y": 0.024606408551335335,
  "provenance": {
    "md5sum": "4ff239ae39fa2df5552e486cd1281abd",
    "settings": {
      "fd_thres": 0.2,
      "testing": false
    },
    "software": "mriqc",
    "version": "23.1.0"
  },
  "size_t": 195,
  "size_x": 96,
  "size_y": 96,
  "size_z": 76,
  "snr": 4.031742021223527,
  "spacing_tr": 2.0,
  "spacing_x": 2.0,
  "spacing_y": 2.0,
  "spacing_z": 2.0,
  "summary_bg_k": 12.921366231798585,
  "summary_bg_mad": 16.818032084630335,
  "summary_bg_mean": 49.72587493914519,
  "summary_bg_median": 18.707693099975586,
  "summary_bg_n": 513135.0,
  "summary_bg_p05": 5.65128231048584,
  "summary_bg_p95": 198.38462829589844,
  "summary_bg_stdv": 69.8024818099773,
  "summary_fg_k": 2.518640547101519,
  "summary_fg_mad": 113.98545199629541,
  "summary_fg_mean": 625.8519141021806,
  "summary_fg_median": 621.4923095703125,
  "summary_fg_n": 187281.0,
  "summary_fg_p05": 371.0718078613281,
  "summary_fg_p95": 874.7179565429688,
  "summary_fg_stdv": 154.14940912530435,
  "tsnr": 39.359198053367436
}