{
  "aor": 0.0012036123348017622,
  "aqi": 0.03711040969162996,
  "bids_meta": {
    "EchoTime": 0.043,
    "FlipAngle": 80.0,
    "MagneticFieldStrength": 3.0,
    "Manufacturer": "SIEMENS",
    "ManufacturersModelName": "Verio",
    "MultibandAccelerationFactor": 4,
    "RepetitionTime": 2.0,
    "SliceTiming": [
      0.0,
      1.0575,
      0.1075,
      1.1625,
      0.2125,
      1.2675,
      0.3175,
      1.375,
      0.4225,
      1.48,
      0.53,
      1.585,
      0.635,
      1.6925,
      0.74,
      1.7975,
      0.845,
      1.9025,
      0.9525,
      0.0,
      1.0575,
      0.1075,
      1.1625,
      0.2125,
      1.2675,
      0.3175,
      1.375,
      0.4225,
      1.48,
      0.53,
      1.585,
      0.635,
      1.6925,
      0.74,
      1.7975,
      0.845,
      1.9025,
      0.9525,
      0.0,
      1.0575,
      0.1075,
      1.1625,
      0.2125,
      1.2675,
      0.3175,
      1.375,
      0.4225,
      1.48,
      0.53,
      1.585,
      0.635,
      1.6925,
      0.74,
      1.7975,
      0.845,
      1.9025,
      0.9525,
      0.0,
      1.0575,
      0.1075,
      1.1625,
      0.2125,
      1.2675,
      0.3175,
      1.375,
      0.4225,
      1.48,
      0.53,
      1.585,
      0.635,
      1.6925,
      0.74,
      1.7975,
      0.845,
      1.9025,
      0.9525
    ],
    "TaskName": "imagery",
    "dataset": "ds001506",
    "modality": "bold",
    "run_id": 2,
    "session_id": "imagery02",
    "subject_id": "01",
    "task_id": "imagery"
  },
  "dummy_trs": 0,
  "dvars_nstd": 46.3849027346018,
  "dvars_std": 1.1501813403982308,
  "dvars_vstd": 0.9732510624336289,
  "efc": 0.5721306322727303,
  "fber": 1069.515869140625,
  "fd_mean": 0.3266526498302007,
  "fd_num": 156,
  "fd_perc": 68.72246696035242,
  "fwhm_avg": 1.8860050000000002,
  "fwhm_x": 1.766485,
  "fwhm_y": 2.010185,
  "fwhm_z": 1.881345,
  "gcor": 0.0153061,
  "gsr_x": -0.012195165269076824,
  "gsr_y": 0.02531379461288452,
  "provenance": {
    "md5sum": "f68fd62e2eefa299e4f626849cf325b4",
    "settings": {
      "fd_thres": 0.2,
      "testing": false
    },
    "software": "mriqc",
    "version": "23.1.0"
  },
  "size_t": 227,
  "size_x": 96,
  "size_y": 96,
  "size_z": 76,
  "snr": 4.053010586046026,
  "spacing_tr": 2.0,
  "spacing_x": 2.0,
  "spacing_y": 2.0,
  "spacing_z": 2.0,
  "summary_bg_k": 13.19312162532453,
  "summary_bg_mad": 17.079315246809724,
  "summary_bg_mean": 47.648391216757595,
  "summary_bg_median": 18.242290496826172,
  "summary_bg_n": 511782.0,
  "summary_bg_p05": 5.039647579193115,
  "summary_bg_p95": 187.89866638183594,
  "summary_bg_stdv": 66.24558765727103,
  "summary_fg_k": 2.532718363727385,
  "summary_fg_mad": 109.16066042608779,
  "summary_fg_mean": 601.2543367832377,
  "summary_fg_median": 596.5858764648438,
  "summary_fg_n": 188634.0,
  "summary_fg_p05": 356.4228820800781,
  "summary_fg_p95": 839.62109375,
  "summary_fg_stdv": 147.19534589545162,
  "tsnr": 25.878198241232894
}