{
  "aor": 0.0005571129707112971,
  "aqi": 0.015190625941422594,
  "bids_meta": {
    "EchoTime": 0.043,
    "FlipAngle": 80.0,
    "MagneticFieldStrength": 3.0,
    "Manufacturer": "SIEMENS",
    "ManufacturersModelName": "Verio",
    "MultibandAccelerationFactor": 4,
    "RepetitionTime": 2.0,
    "SliceTiming": [
      0.0,
      1.0575,
      0.105,
      1.1625,
      0.21,
      1.2675,
      0.3175,
      1.3725,
      0.4225,
      1.48,
      0.5275,
      1.585,
      0.635,
      1.69,
      0.74,
      1.795,
      0.845,
      1.9025,
      0.95,
      0.0,
      1.0575,
      0.105,
      1.1625,
      0.21,
      1.2675,
      0.3175,
      1.3725,
      0.4225,
      1.48,
      0.5275,
      1.585,
      0.635,
      1.69,
      0.74,
      1.795,
      0.845,
      1.9025,
      0.95,
      0.0,
      1.0575,
      0.105,
      1.1625,
      0.21,
      1.2675,
      0.3175,
      1.3725,
      0.4225,
      1.48,
      0.5275,
      1.585,
      0.635,
      1.69,
      0.74,
      1.795,
      0.845,
      1.9025,
      0.95,
      0.0,
      1.0575,
      0.105,
      1.1625,
      0.21,
      1.2675,
      0.3175,
      1.3725,
      0.4225,
      1.48,
      0.5275,
      1.585,
      0.635,
      1.69,
      0.74,
      1.795,
      0.845,
      1.9025,
      0.95
    ],
    "TaskName": "perception",
    "dataset": "ds001506",
    "modality": "bold",
    "run_id": 3,
    "session_id": "perceptionNaturalImageTraining08",
    "subject_id": "02",
    "task_id": "perception"
  },
  "dummy_trs": 0,
  "dvars_nstd": 41.78517707046216,
  "dvars_std": 1.197450626512606,
  "dvars_vstd": 1.006504392857143,
  "efc": 0.556072979504307,
  "fber": 1045.270263671875,
  "fd_mean": 0.06344197902402478,
  "fd_num": 0,
  "fd_perc": 0.0,
  "fwhm_avg": 1.8442166666666668,
  "fwhm_x": 1.752775,
  "fwhm_y": 2.019105,
  "fwhm_z": 1.76077,
  "gcor": 0.0244066,
  "gsr_x": -0.017121290788054466,
  "gsr_y": 0.05430378392338753,
  "provenance": {
    "md5sum": "76b313781e638c839dd460ac6c76fe0c",
    "settings": {
      "fd_thres": 0.2,
      "testing": false
    },
    "software": "mriqc",
    "version": "23.1.0"
  },
  "size_t": 239,
  "size_x": 96,
  "size_y": 96,
  "size_z": 76,
  "snr": 4.3898699026065735,
  "spacing_tr": 2.0,
  "spacing_x": 2.0,
  "spacing_y": 2.0,
  "spacing_z": 2.0,
  "summary_bg_k": 25.292503839003427,
  "summary_bg_mad": 12.599016717569642,
  "summary_bg_mean": 38.713121224765445,
  "summary_bg_median": 15.527195930480957,
  "summary_bg_n": 527707.0,
  "summary_bg_p05": 5.707112789154053,
  "summary_bg_p95": 157.15061950683594,
  "summary_bg_stdv": 58.85946868672994,
  "summary_fg_k": 3.621846020000558,
  "summary_fg_mad": 83.0008844957754,
  "summary_fg_mean": 493.9522609644141,
  "summary_fg_median": 502.0041809082031,
  "summary_fg_n": 172709.0,
  "summary_fg_p05": 280.6401672363281,
  "summary_fg_p95": 648.853515625,
  "summary_fg_stdv": 114.35480748171635,
  "tsnr": 40.734589827945456
}