{
  "aor": 0.0006049790794979079,
  "aqi": 0.014209478661087868,
  "bids_meta": {
    "EchoTime": 0.043,
    "FlipAngle": 80.0,
    "MagneticFieldStrength": 3.0,
    "Manufacturer": "SIEMENS",
    "ManufacturersModelName": "Verio",
    "MultibandAccelerationFactor": 4,
    "RepetitionTime": 2.0,
    "SliceTiming": [
      0.0,
      1.0575,
      0.1075,
      1.1625,
      0.2125,
      1.2675,
      0.3175,
      1.375,
      0.4225,
      1.48,
      0.53,
      1.585,
      0.635,
      1.6925,
      0.74,
      1.7975,
      0.845,
      1.9025,
      0.9525,
      0.0,
      1.0575,
      0.1075,
      1.1625,
      0.2125,
      1.2675,
      0.3175,
      1.375,
      0.4225,
      1.48,
      0.53,
      1.585,
      0.635,
      1.6925,
      0.74,
      1.7975,
      0.845,
      1.9025,
      0.9525,
      0.0,
      1.0575,
      0.1075,
      1.1625,
      0.2125,
      1.2675,
      0.3175,
      1.375,
      0.4225,
      1.48,
      0.53,
      1.585,
      0.635,
      1.6925,
      0.74,
      1.7975,
      0.845,
      1.9025,
      0.9525,
      0.0,
      1.0575,
      0.1075,
      1.1625,
      0.2125,
      1.2675,
      0.3175,
      1.375,
      0.4225,
      1.48,
      0.53,
      1.585,
      0.635,
      1.6925,
      0.74,
      1.7975,
      0.845,
      1.9025,
      0.9525
    ],
    "TaskName": "perception",
    "dataset": "ds001506",
    "modality": "bold",
    "run_id": 8,
    "session_id": "perceptionNaturalImageTraining08",
    "subject_id": "02",
    "task_id": "perception"
  },
  "dummy_trs": 0,
  "dvars_nstd": 40.808751418697476,
  "dvars_std": 1.2079486171428573,
  "dvars_vstd": 1.0100307793277303,
  "efc": 0.5560365241473434,
  "fber": 1050.774169921875,
  "fd_mean": 0.04593032714193571,
  "fd_num": 3,
  "fd_perc": 1.2552301255230125,
  "fwhm_avg": 1.8400583333333334,
  "fwhm_x": 1.74547,
  "fwhm_y": 2.01709,
  "fwhm_z": 1.757615,
  "gcor": 0.0183787,
  "gsr_x": -0.015051694586873055,
  "gsr_y": 0.05547958239912987,
  "provenance": {
    "md5sum": "2378c04479b16c0746bbf71f8cab049f",
    "settings": {
      "fd_thres": 0.2,
      "testing": false
    },
    "software": "mriqc",
    "version": "23.1.0"
  },
  "size_t": 239,
  "size_x": 96,
  "size_y": 96,
  "size_z": 76,
  "snr": 4.39771663065344,
  "spacing_tr": 2.0,
  "spacing_x": 2.0,
  "spacing_y": 2.0,
  "spacing_z": 2.0,
  "summary_bg_k": 25.59026207332228,
  "summary_bg_mad": 12.462543071373764,
  "summary_bg_mean": 38.253034460618665,
  "summary_bg_median": 15.401673316955566,
  "summary_bg_n": 527510.0,
  "summary_bg_p05": 5.673640251159668,
  "summary_bg_p95": 153.38075256347656,
  "summary_bg_stdv": 57.90506837903062,
  "summary_fg_k": 3.1267152747426836,
  "summary_fg_mad": 82.17587934281424,
  "summary_fg_mean": 490.0291024904403,
  "summary_fg_median": 499.2552185058594,
  "summary_fg_n": 172906.0,
  "summary_fg_p05": 276.1673583984375,
  "summary_fg_p95": 642.3890991210938,
  "summary_fg_stdv": 113.52568087384566,
  "tsnr": 41.64153978927061
}