{
  "aor": 0.002102594142259414,
  "aqi": 0.015495732217573222,
  "bids_meta": {
    "EchoTime": 0.043,
    "FlipAngle": 80.0,
    "MagneticFieldStrength": 3.0,
    "Manufacturer": "SIEMENS",
    "ManufacturersModelName": "Verio",
    "MultibandAccelerationFactor": 4,
    "RepetitionTime": 2.0,
    "SliceTiming": [
      0.0,
      1.0575,
      0.105,
      1.1625,
      0.2125,
      1.2675,
      0.3175,
      1.375,
      0.4225,
      1.48,
      0.5275,
      1.585,
      0.635,
      1.69,
      0.74,
      1.7975,
      0.845,
      1.9025,
      0.9525,
      0.0,
      1.0575,
      0.105,
      1.1625,
      0.2125,
      1.2675,
      0.3175,
      1.375,
      0.4225,
      1.48,
      0.5275,
      1.585,
      0.635,
      1.69,
      0.74,
      1.7975,
      0.845,
      1.9025,
      0.9525,
      0.0,
      1.0575,
      0.105,
      1.1625,
      0.2125,
      1.2675,
      0.3175,
      1.375,
      0.4225,
      1.48,
      0.5275,
      1.585,
      0.635,
      1.69,
      0.74,
      1.7975,
      0.845,
      1.9025,
      0.9525,
      0.0,
      1.0575,
      0.105,
      1.1625,
      0.2125,
      1.2675,
      0.3175,
      1.375,
      0.4225,
      1.48,
      0.5275,
      1.585,
      0.635,
      1.69,
      0.74,
      1.7975,
      0.845,
      1.9025,
      0.9525
    ],
    "TaskName": "perception",
    "dataset": "ds001506",
    "modality": "bold",
    "run_id": 7,
    "session_id": "perceptionNaturalImageTraining08",
    "subject_id": "01",
    "task_id": "perception"
  },
  "dummy_trs": 0,
  "dvars_nstd": 38.50352062865548,
  "dvars_std": 1.2348599675630245,
  "dvars_vstd": 1.0276852775210086,
  "efc": 0.5692262977044555,
  "fber": 1021.0931396484375,
  "fd_mean": 0.07019804296623346,
  "fd_num": 8,
  "fd_perc": 3.3472803347280333,
  "fwhm_avg": 1.8468966666666666,
  "fwhm_x": 1.74038,
  "fwhm_y": 2.040185,
  "fwhm_z": 1.760125,
  "gcor": 0.0226662,
  "gsr_x": -0.00920642539858818,
  "gsr_y": 0.034661389887332916,
  "provenance": {
    "md5sum": "6b84b66c038016b63fb574d5397de7d9",
    "settings": {
      "fd_thres": 0.2,
      "testing": false
    },
    "software": "mriqc",
    "version": "23.1.0"
  },
  "size_t": 239,
  "size_x": 96,
  "size_y": 96,
  "size_z": 76,
  "snr": 3.966573508599291,
  "spacing_tr": 2.0,
  "spacing_x": 2.0,
  "spacing_y": 2.0,
  "spacing_z": 2.0,
  "summary_bg_k": 12.636372361970322,
  "summary_bg_mad": 16.99099192758118,
  "summary_bg_mean": 47.041672329095526,
  "summary_bg_median": 18.594141006469727,
  "summary_bg_n": 513167.0,
  "summary_bg_p05": 5.117154598236084,
  "summary_bg_p95": 189.3096160888672,
  "summary_bg_stdv": 66.50448262034442,
  "summary_fg_k": 2.6475221029185603,
  "summary_fg_mad": 110.94704045511116,
  "summary_fg_mean": 596.3366209911998,
  "summary_fg_median": 594.1673583984375,
  "summary_fg_n": 187249.0,
  "summary_fg_p05": 343.15899658203125,
  "summary_fg_p95": 830.6736450195312,
  "summary_fg_stdv": 149.7932083038487,
  "tsnr": 40.05362418945879
}