{
  "aor": 0.0006206276150627615,
  "aqi": 0.013194359372384936,
  "bids_meta": {
    "EchoTime": 0.043,
    "FlipAngle": 80.0,
    "MagneticFieldStrength": 3.0,
    "Manufacturer": "SIEMENS",
    "ManufacturersModelName": "Verio",
    "MultibandAccelerationFactor": 4,
    "RepetitionTime": 2.0,
    "SliceTiming": [
      0.0,
      1.0575,
      0.105,
      1.1625,
      0.21,
      1.2675,
      0.3175,
      1.3725,
      0.4225,
      1.48,
      0.5275,
      1.585,
      0.635,
      1.69,
      0.74,
      1.795,
      0.845,
      1.9025,
      0.95,
      0.0,
      1.0575,
      0.105,
      1.1625,
      0.21,
      1.2675,
      0.3175,
      1.3725,
      0.4225,
      1.48,
      0.5275,
      1.585,
      0.635,
      1.69,
      0.74,
      1.795,
      0.845,
      1.9025,
      0.95,
      0.0,
      1.0575,
      0.105,
      1.1625,
      0.21,
      1.2675,
      0.3175,
      1.3725,
      0.4225,
      1.48,
      0.5275,
      1.585,
      0.635,
      1.69,
      0.74,
      1.795,
      0.845,
      1.9025,
      0.95,
      0.0,
      1.0575,
      0.105,
      1.1625,
      0.21,
      1.2675,
      0.3175,
      1.3725,
      0.4225,
      1.48,
      0.5275,
      1.585,
      0.635,
      1.69,
      0.74,
      1.795,
      0.845,
      1.9025,
      0.95
    ],
    "TaskName": "perception",
    "dataset": "ds001506",
    "modality": "bold",
    "run_id": 1,
    "session_id": "perceptionNaturalImageTraining08",
    "subject_id": "01",
    "task_id": "perception"
  },
  "dummy_trs": 0,
  "dvars_nstd": 36.66968554823529,
  "dvars_std": 1.1990400998739499,
  "dvars_vstd": 1.0033443224369747,
  "efc": 0.5691095625364376,
  "fber": 995.9223022460938,
  "fd_mean": 0.05333874034907086,
  "fd_num": 1,
  "fd_perc": 0.41841004184100417,
  "fwhm_avg": 1.8566216666666666,
  "fwhm_x": 1.748555,
  "fwhm_y": 2.051515,
  "fwhm_z": 1.769795,
  "gcor": 0.0276619,
  "gsr_x": -0.009540712460875511,
  "gsr_y": 0.034321390092372894,
  "provenance": {
    "md5sum": "9a49913175f6c1313f2fb2d2c724bd22",
    "settings": {
      "fd_thres": 0.2,
      "testing": false
    },
    "software": "mriqc",
    "version": "23.1.0"
  },
  "size_t": 239,
  "size_x": 96,
  "size_y": 96,
  "size_z": 76,
  "snr": 3.9580526255801045,
  "spacing_tr": 2.0,
  "spacing_x": 2.0,
  "spacing_y": 2.0,
  "spacing_z": 2.0,
  "summary_bg_k": 12.367812990639527,
  "summary_bg_mad": 17.294957789413374,
  "summary_bg_mean": 46.905490434981495,
  "summary_bg_median": 18.895397186279297,
  "summary_bg_n": 512541.0,
  "summary_bg_p05": 5.163179874420166,
  "summary_bg_p95": 189.76150512695312,
  "summary_bg_stdv": 66.42544722303346,
  "summary_fg_k": 2.620718680195191,
  "summary_fg_mad": 112.11328663382821,
  "summary_fg_mean": 598.9822102002863,
  "summary_fg_median": 596.305419921875,
  "summary_fg_n": 187875.0,
  "summary_fg_p05": 345.5606689453125,
  "summary_fg_p95": 838.0,
  "summary_fg_stdv": 150.65586270686038,
  "tsnr": 42.87297765095718
}