{
  "aor": 0.0005870042194092826,
  "aqi": 0.014179449367088605,
  "bids_meta": {
    "EchoTime": 0.043,
    "FlipAngle": 80.0,
    "MagneticFieldStrength": 3.0,
    "Manufacturer": "SIEMENS",
    "ManufacturersModelName": "Verio",
    "MultibandAccelerationFactor": 4,
    "RepetitionTime": 2.0,
    "SliceTiming": [
      0.0,
      1.0575,
      0.1075,
      1.1625,
      0.2125,
      1.2675,
      0.3175,
      1.375,
      0.4225,
      1.48,
      0.53,
      1.585,
      0.635,
      1.6925,
      0.74,
      1.7975,
      0.845,
      1.9025,
      0.9525,
      0.0,
      1.0575,
      0.1075,
      1.1625,
      0.2125,
      1.2675,
      0.3175,
      1.375,
      0.4225,
      1.48,
      0.53,
      1.585,
      0.635,
      1.6925,
      0.74,
      1.7975,
      0.845,
      1.9025,
      0.9525,
      0.0,
      1.0575,
      0.1075,
      1.1625,
      0.2125,
      1.2675,
      0.3175,
      1.375,
      0.4225,
      1.48,
      0.53,
      1.585,
      0.635,
      1.6925,
      0.74,
      1.7975,
      0.845,
      1.9025,
      0.9525,
      0.0,
      1.0575,
      0.1075,
      1.1625,
      0.2125,
      1.2675,
      0.3175,
      1.375,
      0.4225,
      1.48,
      0.53,
      1.585,
      0.635,
      1.6925,
      0.74,
      1.7975,
      0.845,
      1.9025,
      0.9525
    ],
    "TaskName": "perception",
    "dataset": "ds001506",
    "modality": "bold",
    "run_id": 3,
    "session_id": "perceptionNaturalImageTraining14",
    "subject_id": "03",
    "task_id": "perception"
  },
  "dummy_trs": 2,
  "dvars_nstd": 36.24901740050848,
  "dvars_std": 1.1914983916101682,
  "dvars_vstd": 1.0048033112711867,
  "efc": 0.5297892306527338,
  "fber": 1317.5311279296875,
  "fd_mean": 0.07811512249703419,
  "fd_num": 1,
  "fd_perc": 0.4219409282700422,
  "fwhm_avg": 1.857616666666667,
  "fwhm_x": 1.75564,
  "fwhm_y": 2.024185,
  "fwhm_z": 1.793025,
  "gcor": 0.0245073,
  "gsr_x": -0.027102285996079445,
  "gsr_y": 0.03757369518280029,
  "provenance": {
    "md5sum": "3d2d9107ec90f2e0c639e7b35e8d3b1b",
    "settings": {
      "fd_thres": 0.2,
      "testing": false
    },
    "software": "mriqc",
    "version": "23.1.0"
  },
  "size_t": 237,
  "size_x": 96,
  "size_y": 96,
  "size_z": 76,
  "snr": 4.4038760575758245,
  "spacing_tr": 2.0,
  "spacing_x": 2.0,
  "spacing_y": 2.0,
  "spacing_z": 2.0,
  "summary_bg_k": 15.868436242574614,
  "summary_bg_mad": 11.867072221648598,
  "summary_bg_mean": 38.095134710621096,
  "summary_bg_median": 15.046412467956543,
  "summary_bg_n": 544928.0,
  "summary_bg_p05": 5.291139125823975,
  "summary_bg_p95": 159.83543395996094,
  "summary_bg_stdv": 56.95334886639679,
  "summary_fg_k": 3.496200423220774,
  "summary_fg_mad": 88.28677223324347,
  "summary_fg_mean": 545.1548690206292,
  "summary_fg_median": 546.15185546875,
  "summary_fg_n": 155488.0,
  "summary_fg_p05": 329.4556884765625,
  "summary_fg_p95": 724.5611572265625,
  "summary_fg_stdv": 124.0157743030899,
  "tsnr": 46.47022246522829
}