{
  "aor": 0.00048707112970711305,
  "aqi": 0.01637931882845188,
  "bids_meta": {
    "EchoTime": 0.043,
    "FlipAngle": 80.0,
    "MagneticFieldStrength": 3.0,
    "Manufacturer": "SIEMENS",
    "ManufacturersModelName": "Verio",
    "MultibandAccelerationFactor": 4,
    "RepetitionTime": 2.0,
    "SliceTiming": [
      0.0,
      1.0575,
      0.1075,
      1.1625,
      0.2125,
      1.27,
      0.3175,
      1.375,
      0.4225,
      1.48,
      0.53,
      1.585,
      0.635,
      1.6925,
      0.74,
      1.7975,
      0.845,
      1.9025,
      0.9525,
      0.0,
      1.0575,
      0.1075,
      1.1625,
      0.2125,
      1.27,
      0.3175,
      1.375,
      0.4225,
      1.48,
      0.53,
      1.585,
      0.635,
      1.6925,
      0.74,
      1.7975,
      0.845,
      1.9025,
      0.9525,
      0.0,
      1.0575,
      0.1075,
      1.1625,
      0.2125,
      1.27,
      0.3175,
      1.375,
      0.4225,
      1.48,
      0.53,
      1.585,
      0.635,
      1.6925,
      0.74,
      1.7975,
      0.845,
      1.9025,
      0.9525,
      0.0,
      1.0575,
      0.1075,
      1.1625,
      0.2125,
      1.27,
      0.3175,
      1.375,
      0.4225,
      1.48,
      0.53,
      1.585,
      0.635,
      1.6925,
      0.74,
      1.7975,
      0.845,
      1.9025,
      0.9525
    ],
    "TaskName": "perception",
    "dataset": "ds001506",
    "modality": "bold",
    "run_id": 1,
    "session_id": "perceptionNaturalImageTraining14",
    "subject_id": "03",
    "task_id": "perception"
  },
  "dummy_trs": 0,
  "dvars_nstd": 44.76205625445376,
  "dvars_std": 1.3093516554201683,
  "dvars_vstd": 0.9867182468907563,
  "efc": 0.5291129642746252,
  "fber": 1298.55419921875,
  "fd_mean": 0.09938017317714132,
  "fd_num": 4,
  "fd_perc": 1.6736401673640167,
  "fwhm_avg": 1.8751866666666668,
  "fwhm_x": 1.76443,
  "fwhm_y": 2.04195,
  "fwhm_z": 1.81918,
  "gcor": 0.0137376,
  "gsr_x": -0.027057070285081863,
  "gsr_y": 0.03736632317304611,
  "provenance": {
    "md5sum": "f632d5138daad35fa05426ae3b35fc35",
    "settings": {
      "fd_thres": 0.2,
      "testing": false
    },
    "software": "mriqc",
    "version": "23.1.0"
  },
  "size_t": 239,
  "size_x": 96,
  "size_y": 96,
  "size_z": 76,
  "snr": 4.349268910028888,
  "spacing_tr": 2.0,
  "spacing_x": 2.0,
  "spacing_y": 2.0,
  "spacing_z": 2.0,
  "summary_bg_k": 15.273213390835664,
  "summary_bg_mad": 11.92905421766284,
  "summary_bg_mean": 37.95631268887732,
  "summary_bg_median": 15.163179397583008,
  "summary_bg_n": 544902.0,
  "summary_bg_p05": 5.355648517608643,
  "summary_bg_p95": 159.89120483398438,
  "summary_bg_stdv": 56.79154282775371,
  "summary_fg_k": 3.5773678326878677,
  "summary_fg_mad": 89.00264541138054,
  "summary_fg_mean": 545.5511534375578,
  "summary_fg_median": 546.412109375,
  "summary_fg_n": 155514.0,
  "summary_fg_p05": 326.8158874511719,
  "summary_fg_p95": 727.0418090820312,
  "summary_fg_stdv": 125.6326899719324,
  "tsnr": 42.928751937579364
}