{
  "aor": 0.002021297071129707,
  "aqi": 0.021267726778242676,
  "bids_meta": {
    "EchoTime": 0.043,
    "FlipAngle": 80.0,
    "MagneticFieldStrength": 3.0,
    "Manufacturer": "SIEMENS",
    "ManufacturersModelName": "Verio",
    "MultibandAccelerationFactor": 4,
    "RepetitionTime": 2.0,
    "SliceTiming": [
      0.0,
      1.055,
      0.105,
      1.16,
      0.21,
      1.2675,
      0.315,
      1.3725,
      0.4225,
      1.4775,
      0.5275,
      1.585,
      0.6325,
      1.69,
      0.7375,
      1.795,
      0.845,
      1.9,
      0.95,
      0.0,
      1.055,
      0.105,
      1.16,
      0.21,
      1.2675,
      0.315,
      1.3725,
      0.4225,
      1.4775,
      0.5275,
      1.585,
      0.6325,
      1.69,
      0.7375,
      1.795,
      0.845,
      1.9,
      0.95,
      0.0,
      1.055,
      0.105,
      1.16,
      0.21,
      1.2675,
      0.315,
      1.3725,
      0.4225,
      1.4775,
      0.5275,
      1.585,
      0.6325,
      1.69,
      0.7375,
      1.795,
      0.845,
      1.9,
      0.95,
      0.0,
      1.055,
      0.105,
      1.16,
      0.21,
      1.2675,
      0.315,
      1.3725,
      0.4225,
      1.4775,
      0.5275,
      1.585,
      0.6325,
      1.69,
      0.7375,
      1.795,
      0.845,
      1.9,
      0.95
    ],
    "TaskName": "perception",
    "dataset": "ds001506",
    "modality": "bold",
    "run_id": 3,
    "session_id": "perceptionNaturalImageTraining04",
    "subject_id": "03",
    "task_id": "perception"
  },
  "dummy_trs": 0,
  "dvars_nstd": 39.30784911491598,
  "dvars_std": 1.1951677495798323,
  "dvars_vstd": 1.0039055129831935,
  "efc": 0.5238970306328681,
  "fber": 1419.6141357421875,
  "fd_mean": 0.11976571624557328,
  "fd_num": 28,
  "fd_perc": 11.715481171548117,
  "fwhm_avg": 1.8496933333333334,
  "fwhm_x": 1.74416,
  "fwhm_y": 2.01347,
  "fwhm_z": 1.79145,
  "gcor": 0.0300994,
  "gsr_x": -0.023206645622849464,
  "gsr_y": 0.03765232115983963,
  "provenance": {
    "md5sum": "4ce469de475a43e67c5c09bfb284f1a7",
    "settings": {
      "fd_thres": 0.2,
      "testing": false
    },
    "software": "mriqc",
    "version": "23.1.0"
  },
  "size_t": 239,
  "size_x": 96,
  "size_y": 96,
  "size_z": 76,
  "snr": 4.352711485279998,
  "spacing_tr": 2.0,
  "spacing_x": 2.0,
  "spacing_y": 2.0,
  "spacing_z": 2.0,
  "summary_bg_k": 19.89065954995011,
  "summary_bg_mad": 11.135023095672919,
  "summary_bg_mean": 36.013327750491186,
  "summary_bg_median": 14.133891105651855,
  "summary_bg_n": 547402.0,
  "summary_bg_p05": 5.163179874420166,
  "summary_bg_p95": 151.20501708984375,
  "summary_bg_stdv": 55.00013820263796,
  "summary_fg_k": 3.625170406589012,
  "summary_fg_mad": 84.34394981114772,
  "summary_fg_mean": 530.2080867610509,
  "summary_fg_median": 532.533447265625,
  "summary_fg_n": 153014.0,
  "summary_fg_p05": 313.93304443359375,
  "summary_fg_p95": 703.9288330078125,
  "summary_fg_stdv": 122.34482090474955,
  "tsnr": 37.88954348140396
}