{
  "aor": 0.0027337656903765693,
  "aqi": 0.019692105857740585,
  "bids_meta": {
    "EchoTime": 0.043,
    "FlipAngle": 80.0,
    "MagneticFieldStrength": 3.0,
    "Manufacturer": "SIEMENS",
    "ManufacturersModelName": "Verio",
    "MultibandAccelerationFactor": 4,
    "RepetitionTime": 2.0,
    "SliceTiming": [
      0.0,
      1.055,
      0.105,
      1.1625,
      0.21,
      1.2675,
      0.315,
      1.3725,
      0.4225,
      1.4775,
      0.5275,
      1.585,
      0.6325,
      1.69,
      0.74,
      1.795,
      0.845,
      1.9,
      0.95,
      0.0,
      1.055,
      0.105,
      1.1625,
      0.21,
      1.2675,
      0.315,
      1.3725,
      0.4225,
      1.4775,
      0.5275,
      1.585,
      0.6325,
      1.69,
      0.74,
      1.795,
      0.845,
      1.9,
      0.95,
      0.0,
      1.055,
      0.105,
      1.1625,
      0.21,
      1.2675,
      0.315,
      1.3725,
      0.4225,
      1.4775,
      0.5275,
      1.585,
      0.6325,
      1.69,
      0.74,
      1.795,
      0.845,
      1.9,
      0.95,
      0.0,
      1.055,
      0.105,
      1.1625,
      0.21,
      1.2675,
      0.315,
      1.3725,
      0.4225,
      1.4775,
      0.5275,
      1.585,
      0.6325,
      1.69,
      0.74,
      1.795,
      0.845,
      1.9,
      0.95
    ],
    "TaskName": "perception",
    "dataset": "ds001506",
    "modality": "bold",
    "run_id": 7,
    "session_id": "perceptionNaturalImageTraining09",
    "subject_id": "02",
    "task_id": "perception"
  },
  "dummy_trs": 0,
  "dvars_nstd": 45.03935129487397,
  "dvars_std": 1.2635133543697472,
  "dvars_vstd": 1.0342925018487394,
  "efc": 0.5602055691731335,
  "fber": 978.5980224609375,
  "fd_mean": 0.09181196214788913,
  "fd_num": 16,
  "fd_perc": 6.694560669456067,
  "fwhm_avg": 1.8445333333333334,
  "fwhm_x": 1.741715,
  "fwhm_y": 2.03083,
  "fwhm_z": 1.761055,
  "gcor": 0.0273911,
  "gsr_x": -0.01788925938308239,
  "gsr_y": 0.05558816343545914,
  "provenance": {
    "md5sum": "fb2900fde964f51dc6d39889b2599f6f",
    "settings": {
      "fd_thres": 0.2,
      "testing": false
    },
    "software": "mriqc",
    "version": "23.1.0"
  },
  "size_t": 239,
  "size_x": 96,
  "size_y": 96,
  "size_z": 76,
  "snr": 4.467097028755887,
  "spacing_tr": 2.0,
  "spacing_x": 2.0,
  "spacing_y": 2.0,
  "spacing_z": 2.0,
  "summary_bg_k": 20.767962706899727,
  "summary_bg_mad": 13.54813008236432,
  "summary_bg_mean": 39.73338208466132,
  "summary_bg_median": 16.163179397583008,
  "summary_bg_n": 526402.0,
  "summary_bg_p05": 5.594141960144043,
  "summary_bg_p95": 161.3430938720703,
  "summary_bg_stdv": 59.06739710851759,
  "summary_fg_k": 3.614453918201554,
  "summary_fg_mad": 81.29814064231682,
  "summary_fg_mean": 496.0283697839921,
  "summary_fg_median": 505.62550354003906,
  "summary_fg_n": 174014.0,
  "summary_fg_p05": 281.85772705078125,
  "summary_fg_p95": 647.9037475585938,
  "summary_fg_stdv": 113.18850865632892,
  "tsnr": 36.97353498521261
}