{
  "aor": 0.001897029288702929,
  "aqi": 0.017348394979079494,
  "bids_meta": {
    "EchoTime": 0.043,
    "FlipAngle": 80.0,
    "MagneticFieldStrength": 3.0,
    "Manufacturer": "SIEMENS",
    "ManufacturersModelName": "Verio",
    "MultibandAccelerationFactor": 4,
    "RepetitionTime": 2.0,
    "SliceTiming": [
      0.0,
      1.0575,
      0.105,
      1.1625,
      0.21,
      1.2675,
      0.3175,
      1.3725,
      0.4225,
      1.48,
      0.5275,
      1.585,
      0.6325,
      1.69,
      0.74,
      1.795,
      0.845,
      1.9025,
      0.95,
      0.0,
      1.0575,
      0.105,
      1.1625,
      0.21,
      1.2675,
      0.3175,
      1.3725,
      0.4225,
      1.48,
      0.5275,
      1.585,
      0.6325,
      1.69,
      0.74,
      1.795,
      0.845,
      1.9025,
      0.95,
      0.0,
      1.0575,
      0.105,
      1.1625,
      0.21,
      1.2675,
      0.3175,
      1.3725,
      0.4225,
      1.48,
      0.5275,
      1.585,
      0.6325,
      1.69,
      0.74,
      1.795,
      0.845,
      1.9025,
      0.95,
      0.0,
      1.0575,
      0.105,
      1.1625,
      0.21,
      1.2675,
      0.3175,
      1.3725,
      0.4225,
      1.48,
      0.5275,
      1.585,
      0.6325,
      1.69,
      0.74,
      1.795,
      0.845,
      1.9025,
      0.95
    ],
    "TaskName": "perception",
    "dataset": "ds001506",
    "modality": "bold",
    "run_id": 6,
    "session_id": "perceptionNaturalImageTraining09",
    "subject_id": "02",
    "task_id": "perception"
  },
  "dummy_trs": 0,
  "dvars_nstd": 45.504151224159685,
  "dvars_std": 1.2927975323949574,
  "dvars_vstd": 1.034352274033614,
  "efc": 0.5599917353135597,
  "fber": 979.244140625,
  "fd_mean": 0.09279942392583654,
  "fd_num": 6,
  "fd_perc": 2.510460251046025,
  "fwhm_avg": 1.8409166666666668,
  "fwhm_x": 1.74419,
  "fwhm_y": 2.021955,
  "fwhm_z": 1.756605,
  "gcor": 0.0317274,
  "gsr_x": -0.018327362835407257,
  "gsr_y": 0.055080994963645935,
  "provenance": {
    "md5sum": "1e11a9bf3fb57e7d9934f93b4c7f2652",
    "settings": {
      "fd_thres": 0.2,
      "testing": false
    },
    "software": "mriqc",
    "version": "23.1.0"
  },
  "size_t": 239,
  "size_x": 96,
  "size_y": 96,
  "size_z": 76,
  "snr": 4.429172551401673,
  "spacing_tr": 2.0,
  "spacing_x": 2.0,
  "spacing_y": 2.0,
  "spacing_z": 2.0,
  "summary_bg_k": 20.940881615806937,
  "summary_bg_mad": 13.504706488811125,
  "summary_bg_mean": 39.623694864255135,
  "summary_bg_median": 16.15062713623047,
  "summary_bg_n": 526168.0,
  "summary_bg_p05": 5.57740592956543,
  "summary_bg_p95": 160.970703125,
  "summary_bg_stdv": 58.9358738491412,
  "summary_fg_k": 3.6390230231004423,
  "summary_fg_mad": 81.56171788914007,
  "summary_fg_mean": 495.6242532696693,
  "summary_fg_median": 505.3995819091797,
  "summary_fg_n": 174248.0,
  "summary_fg_p05": 279.1171569824219,
  "summary_fg_p95": 648.4644165039062,
  "summary_fg_stdv": 114.10667022139496,
  "tsnr": 39.18084901757538
}