{
  "aor": 0.00048661087866108785,
  "aqi": 0.01659509414225941,
  "bids_meta": {
    "EchoTime": 0.043,
    "FlipAngle": 80.0,
    "MagneticFieldStrength": 3.0,
    "Manufacturer": "SIEMENS",
    "ManufacturersModelName": "Verio",
    "MultibandAccelerationFactor": 4,
    "RepetitionTime": 2.0,
    "SliceTiming": [
      0.0,
      1.055,
      0.105,
      1.1625,
      0.21,
      1.2675,
      0.3175,
      1.3725,
      0.4225,
      1.48,
      0.5275,
      1.585,
      0.6325,
      1.69,
      0.74,
      1.795,
      0.845,
      1.9025,
      0.95,
      0.0,
      1.055,
      0.105,
      1.1625,
      0.21,
      1.2675,
      0.3175,
      1.3725,
      0.4225,
      1.48,
      0.5275,
      1.585,
      0.6325,
      1.69,
      0.74,
      1.795,
      0.845,
      1.9025,
      0.95,
      0.0,
      1.055,
      0.105,
      1.1625,
      0.21,
      1.2675,
      0.3175,
      1.3725,
      0.4225,
      1.48,
      0.5275,
      1.585,
      0.6325,
      1.69,
      0.74,
      1.795,
      0.845,
      1.9025,
      0.95,
      0.0,
      1.055,
      0.105,
      1.1625,
      0.21,
      1.2675,
      0.3175,
      1.3725,
      0.4225,
      1.48,
      0.5275,
      1.585,
      0.6325,
      1.69,
      0.74,
      1.795,
      0.845,
      1.9025,
      0.95
    ],
    "TaskName": "perception",
    "dataset": "ds001506",
    "modality": "bold",
    "run_id": 1,
    "session_id": "perceptionNaturalImageTraining11",
    "subject_id": "02",
    "task_id": "perception"
  },
  "dummy_trs": 0,
  "dvars_nstd": 41.63317263630251,
  "dvars_std": 1.2186747042857138,
  "dvars_vstd": 0.9946040628151256,
  "efc": 0.555427446595981,
  "fber": 1055.2449951171875,
  "fd_mean": 0.05894522918899554,
  "fd_num": 1,
  "fd_perc": 0.41841004184100417,
  "fwhm_avg": 1.8753133333333334,
  "fwhm_x": 1.776705,
  "fwhm_y": 2.059455,
  "fwhm_z": 1.78978,
  "gcor": 0.027956,
  "gsr_x": -0.018053647130727768,
  "gsr_y": 0.052220627665519714,
  "provenance": {
    "md5sum": "0c75c8a4783aa0e36614fe85c311407c",
    "settings": {
      "fd_thres": 0.2,
      "testing": false
    },
    "software": "mriqc",
    "version": "23.1.0"
  },
  "size_t": 239,
  "size_x": 96,
  "size_y": 96,
  "size_z": 76,
  "snr": 4.439946799919492,
  "spacing_tr": 2.0,
  "spacing_x": 2.0,
  "spacing_y": 2.0,
  "spacing_z": 2.0,
  "summary_bg_k": 23.826616929953822,
  "summary_bg_mad": 13.70321585996822,
  "summary_bg_mean": 40.185069850186686,
  "summary_bg_median": 16.234310150146484,
  "summary_bg_n": 527628.0,
  "summary_bg_p05": 5.514644145965576,
  "summary_bg_p95": 163.7364044189453,
  "summary_bg_stdv": 60.85868649347302,
  "summary_fg_k": 3.4324449070117877,
  "summary_fg_mad": 86.58644901023808,
  "summary_fg_mean": 518.5821255958415,
  "summary_fg_median": 527.364013671875,
  "summary_fg_n": 172788.0,
  "summary_fg_p05": 296.3012390136719,
  "summary_fg_p95": 678.3305053710938,
  "summary_fg_stdv": 118.77675823406591,
  "tsnr": 40.36117487261072
}