{
  "aor": 0.001214267782426778,
  "aqi": 0.026622330962343097,
  "bids_meta": {
    "EchoTime": 0.043,
    "FlipAngle": 80.0,
    "MagneticFieldStrength": 3.0,
    "Manufacturer": "SIEMENS",
    "ManufacturersModelName": "Verio",
    "MultibandAccelerationFactor": 4,
    "RepetitionTime": 2.0,
    "SliceTiming": [
      0.0,
      1.0575,
      0.105,
      1.1625,
      0.21,
      1.2675,
      0.3175,
      1.3725,
      0.4225,
      1.48,
      0.5275,
      1.585,
      0.6325,
      1.69,
      0.74,
      1.795,
      0.845,
      1.9025,
      0.95,
      0.0,
      1.0575,
      0.105,
      1.1625,
      0.21,
      1.2675,
      0.3175,
      1.3725,
      0.4225,
      1.48,
      0.5275,
      1.585,
      0.6325,
      1.69,
      0.74,
      1.795,
      0.845,
      1.9025,
      0.95,
      0.0,
      1.0575,
      0.105,
      1.1625,
      0.21,
      1.2675,
      0.3175,
      1.3725,
      0.4225,
      1.48,
      0.5275,
      1.585,
      0.6325,
      1.69,
      0.74,
      1.795,
      0.845,
      1.9025,
      0.95,
      0.0,
      1.0575,
      0.105,
      1.1625,
      0.21,
      1.2675,
      0.3175,
      1.3725,
      0.4225,
      1.48,
      0.5275,
      1.585,
      0.6325,
      1.69,
      0.74,
      1.795,
      0.845,
      1.9025,
      0.95
    ],
    "TaskName": "perception",
    "dataset": "ds001506",
    "modality": "bold",
    "run_id": 3,
    "session_id": "perceptionNaturalImageTraining13",
    "subject_id": "01",
    "task_id": "perception"
  },
  "dummy_trs": 0,
  "dvars_nstd": 43.41981995231095,
  "dvars_std": 1.169959566806723,
  "dvars_vstd": 0.97128348184874,
  "efc": 0.5691689054421252,
  "fber": 978.42236328125,
  "fd_mean": 0.16012285884708813,
  "fd_num": 56,
  "fd_perc": 23.430962343096233,
  "fwhm_avg": 1.9109749999999999,
  "fwhm_x": 1.79456,
  "fwhm_y": 2.09028,
  "fwhm_z": 1.848085,
  "gcor": 0.0304945,
  "gsr_x": -0.011671111918985844,
  "gsr_y": 0.03173967823386192,
  "provenance": {
    "md5sum": "f362399e873dc8b7f9d6ca039453c0c1",
    "settings": {
      "fd_thres": 0.2,
      "testing": false
    },
    "software": "mriqc",
    "version": "23.1.0"
  },
  "size_t": 239,
  "size_x": 96,
  "size_y": 96,
  "size_z": 76,
  "snr": 3.9264547434285455,
  "spacing_tr": 2.0,
  "spacing_x": 2.0,
  "spacing_y": 2.0,
  "spacing_z": 2.0,
  "summary_bg_k": 13.101113730853722,
  "summary_bg_mad": 16.544352381856132,
  "summary_bg_mean": 45.02508244188472,
  "summary_bg_median": 18.322175979614258,
  "summary_bg_n": 512259.0,
  "summary_bg_p05": 5.205020904541016,
  "summary_bg_p95": 179.25941467285156,
  "summary_bg_stdv": 62.69638391955041,
  "summary_fg_k": 2.818778354557976,
  "summary_fg_mad": 111.33162660187928,
  "summary_fg_mean": 579.9059380699215,
  "summary_fg_median": 573.1129760742188,
  "summary_fg_n": 188157.0,
  "summary_fg_p05": 343.9539794921875,
  "summary_fg_p95": 819.2343139648438,
  "summary_fg_stdv": 145.96155834129354,
  "tsnr": 29.82768799853511
}