{
  "aor": 0.0013948535564853558,
  "aqi": 0.01920309916317992,
  "bids_meta": {
    "EchoTime": 0.043,
    "FlipAngle": 80.0,
    "MagneticFieldStrength": 3.0,
    "Manufacturer": "SIEMENS",
    "ManufacturersModelName": "Verio",
    "MultibandAccelerationFactor": 4,
    "RepetitionTime": 2.0,
    "SliceTiming": [
      0.0,
      1.0575,
      0.105,
      1.1625,
      0.2125,
      1.2675,
      0.3175,
      1.375,
      0.4225,
      1.48,
      0.5275,
      1.585,
      0.635,
      1.69,
      0.74,
      1.7975,
      0.845,
      1.9025,
      0.95,
      0.0,
      1.0575,
      0.105,
      1.1625,
      0.2125,
      1.2675,
      0.3175,
      1.375,
      0.4225,
      1.48,
      0.5275,
      1.585,
      0.635,
      1.69,
      0.74,
      1.7975,
      0.845,
      1.9025,
      0.95,
      0.0,
      1.0575,
      0.105,
      1.1625,
      0.2125,
      1.2675,
      0.3175,
      1.375,
      0.4225,
      1.48,
      0.5275,
      1.585,
      0.635,
      1.69,
      0.74,
      1.7975,
      0.845,
      1.9025,
      0.95,
      0.0,
      1.0575,
      0.105,
      1.1625,
      0.2125,
      1.2675,
      0.3175,
      1.375,
      0.4225,
      1.48,
      0.5275,
      1.585,
      0.635,
      1.69,
      0.74,
      1.7975,
      0.845,
      1.9025,
      0.95
    ],
    "TaskName": "perception",
    "dataset": "ds001506",
    "modality": "bold",
    "run_id": 1,
    "session_id": "perceptionNaturalImageTraining13",
    "subject_id": "01",
    "task_id": "perception"
  },
  "dummy_trs": 0,
  "dvars_nstd": 40.10679791537816,
  "dvars_std": 1.1985269438655453,
  "dvars_vstd": 1.0077847535714288,
  "efc": 0.568512102149958,
  "fber": 955.2774047851562,
  "fd_mean": 0.11075916211629816,
  "fd_num": 31,
  "fd_perc": 12.97071129707113,
  "fwhm_avg": 1.8922316666666665,
  "fwhm_x": 1.7811,
  "fwhm_y": 2.06905,
  "fwhm_z": 1.826545,
  "gcor": 0.0291096,
  "gsr_x": -0.01117080170661211,
  "gsr_y": 0.032252345234155655,
  "provenance": {
    "md5sum": "0f78d2b9024dda7b01034a96335fe2a5",
    "settings": {
      "fd_thres": 0.2,
      "testing": false
    },
    "software": "mriqc",
    "version": "23.1.0"
  },
  "size_t": 239,
  "size_x": 96,
  "size_y": 96,
  "size_z": 76,
  "snr": 3.9167354305154154,
  "spacing_tr": 2.0,
  "spacing_x": 2.0,
  "spacing_y": 2.0,
  "spacing_z": 2.0,
  "summary_bg_k": 13.569474581269649,
  "summary_bg_mad": 16.463708767245866,
  "summary_bg_mean": 44.3190357892843,
  "summary_bg_median": 18.42259407043457,
  "summary_bg_n": 512093.0,
  "summary_bg_p05": 5.389121055603027,
  "summary_bg_p95": 176.635986328125,
  "summary_bg_stdv": 61.87722139328856,
  "summary_fg_k": 2.6100124563849683,
  "summary_fg_mad": 110.58724880345234,
  "summary_fg_mean": 575.2696823778684,
  "summary_fg_median": 569.3974609375,
  "summary_fg_n": 188323.0,
  "summary_fg_p05": 338.0585632324219,
  "summary_fg_p95": 813.217529296875,
  "summary_fg_stdv": 145.3751368401576,
  "tsnr": 34.7876476488309
}