{
  "aor": 0.0013508786610878663,
  "aqi": 0.03205449707112971,
  "bids_meta": {
    "EchoTime": 0.043,
    "FlipAngle": 80.0,
    "MagneticFieldStrength": 3.0,
    "Manufacturer": "SIEMENS",
    "ManufacturersModelName": "Verio",
    "MultibandAccelerationFactor": 4,
    "RepetitionTime": 2.0,
    "SliceTiming": [
      0.0,
      1.0575,
      0.105,
      1.1625,
      0.2125,
      1.2675,
      0.3175,
      1.375,
      0.4225,
      1.48,
      0.53,
      1.585,
      0.635,
      1.69,
      0.74,
      1.7975,
      0.845,
      1.9025,
      0.9525,
      0.0,
      1.0575,
      0.105,
      1.1625,
      0.2125,
      1.2675,
      0.3175,
      1.375,
      0.4225,
      1.48,
      0.53,
      1.585,
      0.635,
      1.69,
      0.74,
      1.7975,
      0.845,
      1.9025,
      0.9525,
      0.0,
      1.0575,
      0.105,
      1.1625,
      0.2125,
      1.2675,
      0.3175,
      1.375,
      0.4225,
      1.48,
      0.53,
      1.585,
      0.635,
      1.69,
      0.74,
      1.7975,
      0.845,
      1.9025,
      0.9525,
      0.0,
      1.0575,
      0.105,
      1.1625,
      0.2125,
      1.2675,
      0.3175,
      1.375,
      0.4225,
      1.48,
      0.53,
      1.585,
      0.635,
      1.69,
      0.74,
      1.7975,
      0.845,
      1.9025,
      0.9525
    ],
    "TaskName": "perception",
    "dataset": "ds001506",
    "modality": "bold",
    "run_id": 6,
    "session_id": "perceptionNaturalImageTraining13",
    "subject_id": "01",
    "task_id": "perception"
  },
  "dummy_trs": 0,
  "dvars_nstd": 44.2873010634454,
  "dvars_std": 1.184044416512605,
  "dvars_vstd": 0.9775168019747901,
  "efc": 0.5697093636949461,
  "fber": 960.2672119140625,
  "fd_mean": 0.17195908193486603,
  "fd_num": 62,
  "fd_perc": 25.94142259414226,
  "fwhm_avg": 1.9297033333333333,
  "fwhm_x": 1.81123,
  "fwhm_y": 2.107225,
  "fwhm_z": 1.870655,
  "gcor": 0.0204073,
  "gsr_x": -0.011630300432443619,
  "gsr_y": 0.03128965198993683,
  "provenance": {
    "md5sum": "e23eb3792101999336f57fb997cc679c",
    "settings": {
      "fd_thres": 0.2,
      "testing": false
    },
    "software": "mriqc",
    "version": "23.1.0"
  },
  "size_t": 239,
  "size_x": 96,
  "size_y": 96,
  "size_z": 76,
  "snr": 3.935259064837182,
  "spacing_tr": 2.0,
  "spacing_x": 2.0,
  "spacing_y": 2.0,
  "spacing_z": 2.0,
  "summary_bg_k": 12.801546343021652,
  "summary_bg_mad": 16.593977427025962,
  "summary_bg_mean": 45.60900158117508,
  "summary_bg_median": 18.581588745117188,
  "summary_bg_n": 512830.0,
  "summary_bg_p05": 5.539748668670654,
  "summary_bg_p95": 180.3179931640625,
  "summary_bg_stdv": 62.889909068170184,
  "summary_fg_k": 2.7404314307668436,
  "summary_fg_mad": 111.63255395036808,
  "summary_fg_mean": 582.592333373921,
  "summary_fg_median": 575.8096008300781,
  "summary_fg_n": 187586.0,
  "summary_fg_p05": 346.1171569824219,
  "summary_fg_p95": 823.09619140625,
  "summary_fg_stdv": 146.32024386520115,
  "tsnr": 27.8106233747676
}