{
  "aor": 0.0004344351464435146,
  "aqi": 0.014737497071129707,
  "bids_meta": {
    "EchoTime": 0.043,
    "FlipAngle": 80.0,
    "MagneticFieldStrength": 3.0,
    "Manufacturer": "SIEMENS",
    "ManufacturersModelName": "Verio",
    "MultibandAccelerationFactor": 4,
    "RepetitionTime": 2.0,
    "SliceTiming": [
      0.0,
      1.055,
      0.105,
      1.16,
      0.21,
      1.2675,
      0.315,
      1.3725,
      0.4225,
      1.4775,
      0.5275,
      1.585,
      0.6325,
      1.69,
      0.7375,
      1.795,
      0.845,
      1.9,
      0.95,
      0.0,
      1.055,
      0.105,
      1.16,
      0.21,
      1.2675,
      0.315,
      1.3725,
      0.4225,
      1.4775,
      0.5275,
      1.585,
      0.6325,
      1.69,
      0.7375,
      1.795,
      0.845,
      1.9,
      0.95,
      0.0,
      1.055,
      0.105,
      1.16,
      0.21,
      1.2675,
      0.315,
      1.3725,
      0.4225,
      1.4775,
      0.5275,
      1.585,
      0.6325,
      1.69,
      0.7375,
      1.795,
      0.845,
      1.9,
      0.95,
      0.0,
      1.055,
      0.105,
      1.16,
      0.21,
      1.2675,
      0.315,
      1.3725,
      0.4225,
      1.4775,
      0.5275,
      1.585,
      0.6325,
      1.69,
      0.7375,
      1.795,
      0.845,
      1.9,
      0.95
    ],
    "TaskName": "perception",
    "dataset": "ds001506",
    "modality": "bold",
    "run_id": 6,
    "session_id": "perceptionNaturalImageTest02",
    "subject_id": "02",
    "task_id": "perception"
  },
  "dummy_trs": 0,
  "dvars_nstd": 40.560316309873954,
  "dvars_std": 1.2437426029831926,
  "dvars_vstd": 1.0020677265966382,
  "efc": 0.563462666755641,
  "fber": 881.6446533203125,
  "fd_mean": 0.06062734325008852,
  "fd_num": 3,
  "fd_perc": 1.2552301255230125,
  "fwhm_avg": 1.8614033333333335,
  "fwhm_x": 1.75543,
  "fwhm_y": 2.04589,
  "fwhm_z": 1.78289,
  "gcor": 0.016115,
  "gsr_x": -0.02273109368979931,
  "gsr_y": 0.04644422605633736,
  "provenance": {
    "md5sum": "19886d71739c8ad38af0db4e2bb62176",
    "settings": {
      "fd_thres": 0.2,
      "testing": false
    },
    "software": "mriqc",
    "version": "23.1.0"
  },
  "size_t": 239,
  "size_x": 96,
  "size_y": 96,
  "size_z": 76,
  "snr": 4.399336116089495,
  "spacing_tr": 2.0,
  "spacing_x": 2.0,
  "spacing_y": 2.0,
  "spacing_z": 2.0,
  "summary_bg_k": 19.979002154146023,
  "summary_bg_mad": 15.930218499615282,
  "summary_bg_mean": 44.877159485918305,
  "summary_bg_median": 18.518827438354492,
  "summary_bg_n": 526827.0,
  "summary_bg_p05": 6.020920276641846,
  "summary_bg_p95": 181.16317749023438,
  "summary_bg_stdv": 65.22771125039898,
  "summary_fg_k": 2.985130024519105,
  "summary_fg_mad": 91.50571303626357,
  "summary_fg_mean": 539.9195794307561,
  "summary_fg_median": 549.8703002929688,
  "summary_fg_n": 173589.0,
  "summary_fg_p05": 304.4560546875,
  "summary_fg_p95": 706.9957885742188,
  "summary_fg_stdv": 124.98902151429083,
  "tsnr": 42.65306599903852
}