{
  "aor": 0.0017348117154811717,
  "aqi": 0.020341541422594145,
  "bids_meta": {
    "EchoTime": 0.043,
    "FlipAngle": 80.0,
    "MagneticFieldStrength": 3.0,
    "Manufacturer": "SIEMENS",
    "ManufacturersModelName": "Verio",
    "MultibandAccelerationFactor": 4,
    "RepetitionTime": 2.0,
    "SliceTiming": [
      0.0,
      1.0575,
      0.1075,
      1.1625,
      0.2125,
      1.27,
      0.3175,
      1.375,
      0.4225,
      1.48,
      0.53,
      1.585,
      0.635,
      1.6925,
      0.74,
      1.7975,
      0.8475,
      1.9025,
      0.9525,
      0.0,
      1.0575,
      0.1075,
      1.1625,
      0.2125,
      1.27,
      0.3175,
      1.375,
      0.4225,
      1.48,
      0.53,
      1.585,
      0.635,
      1.6925,
      0.74,
      1.7975,
      0.8475,
      1.9025,
      0.9525,
      0.0,
      1.0575,
      0.1075,
      1.1625,
      0.2125,
      1.27,
      0.3175,
      1.375,
      0.4225,
      1.48,
      0.53,
      1.585,
      0.635,
      1.6925,
      0.74,
      1.7975,
      0.8475,
      1.9025,
      0.9525,
      0.0,
      1.0575,
      0.1075,
      1.1625,
      0.2125,
      1.27,
      0.3175,
      1.375,
      0.4225,
      1.48,
      0.53,
      1.585,
      0.635,
      1.6925,
      0.74,
      1.7975,
      0.8475,
      1.9025,
      0.9525
    ],
    "TaskName": "perception",
    "dataset": "ds001506",
    "modality": "bold",
    "run_id": 3,
    "session_id": "perceptionNaturalImageTest02",
    "subject_id": "02",
    "task_id": "perception"
  },
  "dummy_trs": 0,
  "dvars_nstd": 42.0203941572269,
  "dvars_std": 1.258251789369748,
  "dvars_vstd": 1.0139107495798327,
  "efc": 0.5639505009854491,
  "fber": 888.7530517578125,
  "fd_mean": 0.0836437867001969,
  "fd_num": 7,
  "fd_perc": 2.928870292887029,
  "fwhm_avg": 1.887133333333333,
  "fwhm_x": 1.77715,
  "fwhm_y": 2.07329,
  "fwhm_z": 1.81096,
  "gcor": 0.0177148,
  "gsr_x": -0.022830288857221603,
  "gsr_y": 0.048397280275821686,
  "provenance": {
    "md5sum": "e5a4a530536751badbb0a20e5230ab85",
    "settings": {
      "fd_thres": 0.2,
      "testing": false
    },
    "software": "mriqc",
    "version": "23.1.0"
  },
  "size_t": 239,
  "size_x": 96,
  "size_y": 96,
  "size_z": 76,
  "snr": 4.431020010440686,
  "spacing_tr": 2.0,
  "spacing_x": 2.0,
  "spacing_y": 2.0,
  "spacing_z": 2.0,
  "summary_bg_k": 19.499256233382756,
  "summary_bg_mad": 16.339639438202916,
  "summary_bg_mean": 44.66250018490238,
  "summary_bg_median": 18.40167236328125,
  "summary_bg_n": 526236.0,
  "summary_bg_p05": 5.615062713623047,
  "summary_bg_p95": 180.39749145507812,
  "summary_bg_stdv": 64.6803818885229,
  "summary_fg_k": 2.9876536863882226,
  "summary_fg_mad": 91.561568518403,
  "summary_fg_mean": 539.2417357573883,
  "summary_fg_median": 548.5899658203125,
  "summary_fg_n": 174180.0,
  "summary_fg_p05": 306.57530212402344,
  "summary_fg_p95": 707.4100341796875,
  "summary_fg_stdv": 123.80634475731613,
  "tsnr": 37.168883233331144
}