{
  "aor": 0.001875857740585774,
  "aqi": 0.03045553430962343,
  "bids_meta": {
    "EchoTime": 0.043,
    "FlipAngle": 80.0,
    "MagneticFieldStrength": 3.0,
    "Manufacturer": "SIEMENS",
    "ManufacturersModelName": "Verio",
    "MultibandAccelerationFactor": 4,
    "RepetitionTime": 2.0,
    "SliceTiming": [
      0.0,
      1.055,
      0.105,
      1.1625,
      0.21,
      1.2675,
      0.3175,
      1.3725,
      0.4225,
      1.4775,
      0.5275,
      1.585,
      0.6325,
      1.69,
      0.74,
      1.795,
      0.845,
      1.9025,
      0.95,
      0.0,
      1.055,
      0.105,
      1.1625,
      0.21,
      1.2675,
      0.3175,
      1.3725,
      0.4225,
      1.4775,
      0.5275,
      1.585,
      0.6325,
      1.69,
      0.74,
      1.795,
      0.845,
      1.9025,
      0.95,
      0.0,
      1.055,
      0.105,
      1.1625,
      0.21,
      1.2675,
      0.3175,
      1.3725,
      0.4225,
      1.4775,
      0.5275,
      1.585,
      0.6325,
      1.69,
      0.74,
      1.795,
      0.845,
      1.9025,
      0.95,
      0.0,
      1.055,
      0.105,
      1.1625,
      0.21,
      1.2675,
      0.3175,
      1.3725,
      0.4225,
      1.4775,
      0.5275,
      1.585,
      0.6325,
      1.69,
      0.74,
      1.795,
      0.845,
      1.9025,
      0.95
    ],
    "TaskName": "perception",
    "dataset": "ds001506",
    "modality": "bold",
    "run_id": 5,
    "session_id": "perceptionNaturalImageTraining10",
    "subject_id": "01",
    "task_id": "perception"
  },
  "dummy_trs": 0,
  "dvars_nstd": 47.070229250000025,
  "dvars_std": 1.197573961848739,
  "dvars_vstd": 0.999815531176471,
  "efc": 0.5663220498314411,
  "fber": 1053.309814453125,
  "fd_mean": 0.24260093240670108,
  "fd_num": 124,
  "fd_perc": 51.88284518828452,
  "fwhm_avg": 1.89287,
  "fwhm_x": 1.778715,
  "fwhm_y": 2.087905,
  "fwhm_z": 1.81199,
  "gcor": 0.0194083,
  "gsr_x": -0.006806685123592615,
  "gsr_y": 0.036742258816957474,
  "provenance": {
    "md5sum": "a1d934a4db6edf0d159bf0027a60b5b0",
    "settings": {
      "fd_thres": 0.2,
      "testing": false
    },
    "software": "mriqc",
    "version": "23.1.0"
  },
  "size_t": 239,
  "size_x": 96,
  "size_y": 96,
  "size_z": 76,
  "snr": 3.905465703120872,
  "spacing_tr": 2.0,
  "spacing_x": 2.0,
  "spacing_y": 2.0,
  "spacing_z": 2.0,
  "summary_bg_k": 12.729103715386787,
  "summary_bg_mad": 16.544352381856132,
  "summary_bg_mean": 45.093279784417824,
  "summary_bg_median": 18.025104522705078,
  "summary_bg_n": 513207.0,
  "summary_bg_p05": 5.0,
  "summary_bg_p95": 179.80752563476562,
  "summary_bg_stdv": 63.20510587825176,
  "summary_fg_k": 2.631812731949691,
  "summary_fg_mad": 111.87755794857388,
  "summary_fg_mean": 590.5705937067881,
  "summary_fg_median": 585.0,
  "summary_fg_n": 187209.0,
  "summary_fg_p05": 343.7238464355469,
  "summary_fg_p95": 834.7070922851562,
  "summary_fg_stdv": 149.78967478975827,
  "tsnr": 27.608983596554026
}