{
  "aor": 0.0011675313807531379,
  "aqi": 0.03217296527196653,
  "bids_meta": {
    "EchoTime": 0.043,
    "FlipAngle": 80.0,
    "MagneticFieldStrength": 3.0,
    "Manufacturer": "SIEMENS",
    "ManufacturersModelName": "Verio",
    "MultibandAccelerationFactor": 4,
    "RepetitionTime": 2.0,
    "SliceTiming": [
      0.0,
      1.0575,
      0.105,
      1.1625,
      0.21,
      1.2675,
      0.3175,
      1.3725,
      0.4225,
      1.48,
      0.5275,
      1.585,
      0.6325,
      1.69,
      0.74,
      1.795,
      0.845,
      1.9025,
      0.95,
      0.0,
      1.0575,
      0.105,
      1.1625,
      0.21,
      1.2675,
      0.3175,
      1.3725,
      0.4225,
      1.48,
      0.5275,
      1.585,
      0.6325,
      1.69,
      0.74,
      1.795,
      0.845,
      1.9025,
      0.95,
      0.0,
      1.0575,
      0.105,
      1.1625,
      0.21,
      1.2675,
      0.3175,
      1.3725,
      0.4225,
      1.48,
      0.5275,
      1.585,
      0.6325,
      1.69,
      0.74,
      1.795,
      0.845,
      1.9025,
      0.95,
      0.0,
      1.0575,
      0.105,
      1.1625,
      0.21,
      1.2675,
      0.3175,
      1.3725,
      0.4225,
      1.48,
      0.5275,
      1.585,
      0.6325,
      1.69,
      0.74,
      1.795,
      0.845,
      1.9025,
      0.95
    ],
    "TaskName": "perception",
    "dataset": "ds001506",
    "modality": "bold",
    "run_id": 3,
    "session_id": "perceptionNaturalImageTraining10",
    "subject_id": "01",
    "task_id": "perception"
  },
  "dummy_trs": 0,
  "dvars_nstd": 48.226098004327774,
  "dvars_std": 1.2036057227731087,
  "dvars_vstd": 0.9709246431092436,
  "efc": 0.5653358912453267,
  "fber": 1082.4473876953125,
  "fd_mean": 0.20427959126834194,
  "fd_num": 100,
  "fd_perc": 41.84100418410042,
  "fwhm_avg": 1.8983116666666666,
  "fwhm_x": 1.77958,
  "fwhm_y": 2.094605,
  "fwhm_z": 1.82075,
  "gcor": 0.0164425,
  "gsr_x": -0.006135442294180393,
  "gsr_y": 0.03725651651620865,
  "provenance": {
    "md5sum": "ec3805d5952dd0ebbc7edb80935e0681",
    "settings": {
      "fd_thres": 0.2,
      "testing": false
    },
    "software": "mriqc",
    "version": "23.1.0"
  },
  "size_t": 239,
  "size_x": 96,
  "size_y": 96,
  "size_z": 76,
  "snr": 3.9153187904743287,
  "spacing_tr": 2.0,
  "spacing_x": 2.0,
  "spacing_y": 2.0,
  "spacing_z": 2.0,
  "summary_bg_k": 12.723669633965745,
  "summary_bg_mad": 16.283809406617305,
  "summary_bg_mean": 44.37149375667267,
  "summary_bg_median": 17.736400604248047,
  "summary_bg_n": 512924.0,
  "summary_bg_p05": 4.782426834106445,
  "summary_bg_p95": 177.88284301757812,
  "summary_bg_stdv": 62.6359133402922,
  "summary_fg_k": 2.5328442492514522,
  "summary_fg_mad": 112.32725226771838,
  "summary_fg_mean": 588.8275515105552,
  "summary_fg_median": 583.5376281738281,
  "summary_fg_n": 187492.0,
  "summary_fg_p05": 344.28033447265625,
  "summary_fg_p95": 831.7656860351562,
  "summary_fg_stdv": 149.03922342791438,
  "tsnr": 27.07857706863433
}