{
  "aor": 0.0004243096234309624,
  "aqi": 0.014999125523012552,
  "bids_meta": {
    "EchoTime": 0.043,
    "FlipAngle": 80.0,
    "MagneticFieldStrength": 3.0,
    "Manufacturer": "SIEMENS",
    "ManufacturersModelName": "Verio",
    "MultibandAccelerationFactor": 4,
    "RepetitionTime": 2.0,
    "SliceTiming": [
      0.0,
      1.0575,
      0.1075,
      1.1625,
      0.2125,
      1.27,
      0.3175,
      1.375,
      0.425,
      1.48,
      0.53,
      1.585,
      0.635,
      1.6925,
      0.74,
      1.7975,
      0.8475,
      1.9025,
      0.9525,
      0.0,
      1.0575,
      0.1075,
      1.1625,
      0.2125,
      1.27,
      0.3175,
      1.375,
      0.425,
      1.48,
      0.53,
      1.585,
      0.635,
      1.6925,
      0.74,
      1.7975,
      0.8475,
      1.9025,
      0.9525,
      0.0,
      1.0575,
      0.1075,
      1.1625,
      0.2125,
      1.27,
      0.3175,
      1.375,
      0.425,
      1.48,
      0.53,
      1.585,
      0.635,
      1.6925,
      0.74,
      1.7975,
      0.8475,
      1.9025,
      0.9525,
      0.0,
      1.0575,
      0.1075,
      1.1625,
      0.2125,
      1.27,
      0.3175,
      1.375,
      0.425,
      1.48,
      0.53,
      1.585,
      0.635,
      1.6925,
      0.74,
      1.7975,
      0.8475,
      1.9025,
      0.9525
    ],
    "TaskName": "perception",
    "dataset": "ds001506",
    "modality": "bold",
    "run_id": 8,
    "session_id": "perceptionNaturalImageTraining13",
    "subject_id": "02",
    "task_id": "perception"
  },
  "dummy_trs": 0,
  "dvars_nstd": 44.66584170373952,
  "dvars_std": 1.2951521286134458,
  "dvars_vstd": 1.0026431177310928,
  "efc": 0.559278059930624,
  "fber": 934.5718994140625,
  "fd_mean": 0.0579966869694135,
  "fd_num": 1,
  "fd_perc": 0.41841004184100417,
  "fwhm_avg": 1.8274133333333333,
  "fwhm_x": 1.73631,
  "fwhm_y": 2.013435,
  "fwhm_z": 1.732495,
  "gcor": 0.0249628,
  "gsr_x": -0.018278444185853004,
  "gsr_y": 0.051560256630182266,
  "provenance": {
    "md5sum": "a07cf7c1f7fb44fc98d83623c63786a7",
    "settings": {
      "fd_thres": 0.2,
      "testing": false
    },
    "software": "mriqc",
    "version": "23.1.0"
  },
  "size_t": 239,
  "size_x": 96,
  "size_y": 96,
  "size_z": 76,
  "snr": 4.365629898211717,
  "spacing_tr": 2.0,
  "spacing_x": 2.0,
  "spacing_y": 2.0,
  "spacing_z": 2.0,
  "summary_bg_k": 21.5784309046784,
  "summary_bg_mad": 14.714361414924971,
  "summary_bg_mean": 42.00335227351105,
  "summary_bg_median": 17.29288673400879,
  "summary_bg_n": 528158.0,
  "summary_bg_p05": 5.719665050506592,
  "summary_bg_p95": 167.7824249267578,
  "summary_bg_stdv": 61.78987215710644,
  "summary_fg_k": 3.1498590662930095,
  "summary_fg_mad": 87.07650225207873,
  "summary_fg_mean": 518.7710540143368,
  "summary_fg_median": 528.6568603515625,
  "summary_fg_n": 172258.0,
  "summary_fg_p05": 290.849365234375,
  "summary_fg_p95": 682.6192016601562,
  "summary_fg_stdv": 121.09485645460371,
  "tsnr": 41.94212824548595
}