{
  "aor": 0.0007189121338912134,
  "aqi": 0.019716728451882846,
  "bids_meta": {
    "EchoTime": 0.043,
    "FlipAngle": 80.0,
    "MagneticFieldStrength": 3.0,
    "Manufacturer": "SIEMENS",
    "ManufacturersModelName": "Verio",
    "MultibandAccelerationFactor": 4,
    "RepetitionTime": 2.0,
    "SliceTiming": [
      0.0,
      1.055,
      0.105,
      1.16,
      0.21,
      1.2675,
      0.315,
      1.3725,
      0.4225,
      1.4775,
      0.5275,
      1.5825,
      0.6325,
      1.69,
      0.7375,
      1.795,
      0.845,
      1.9,
      0.95,
      0.0,
      1.055,
      0.105,
      1.16,
      0.21,
      1.2675,
      0.315,
      1.3725,
      0.4225,
      1.4775,
      0.5275,
      1.5825,
      0.6325,
      1.69,
      0.7375,
      1.795,
      0.845,
      1.9,
      0.95,
      0.0,
      1.055,
      0.105,
      1.16,
      0.21,
      1.2675,
      0.315,
      1.3725,
      0.4225,
      1.4775,
      0.5275,
      1.5825,
      0.6325,
      1.69,
      0.7375,
      1.795,
      0.845,
      1.9,
      0.95,
      0.0,
      1.055,
      0.105,
      1.16,
      0.21,
      1.2675,
      0.315,
      1.3725,
      0.4225,
      1.4775,
      0.5275,
      1.5825,
      0.6325,
      1.69,
      0.7375,
      1.795,
      0.845,
      1.9,
      0.95
    ],
    "TaskName": "perception",
    "dataset": "ds001506",
    "modality": "bold",
    "run_id": 7,
    "session_id": "perceptionNaturalImageTraining06",
    "subject_id": "03",
    "task_id": "perception"
  },
  "dummy_trs": 0,
  "dvars_nstd": 39.9558341807143,
  "dvars_std": 1.215280685546219,
  "dvars_vstd": 0.9833300233193278,
  "efc": 0.5290897732924902,
  "fber": 1334.372314453125,
  "fd_mean": 0.1197546236173086,
  "fd_num": 24,
  "fd_perc": 10.0418410041841,
  "fwhm_avg": 1.8711466666666665,
  "fwhm_x": 1.758565,
  "fwhm_y": 2.04879,
  "fwhm_z": 1.806085,
  "gcor": 0.0242741,
  "gsr_x": -0.027088893577456474,
  "gsr_y": 0.03793049603700638,
  "provenance": {
    "md5sum": "4e5eef085196067b2a9ae955d5c4e3d2",
    "settings": {
      "fd_thres": 0.2,
      "testing": false
    },
    "software": "mriqc",
    "version": "23.1.0"
  },
  "size_t": 239,
  "size_x": 96,
  "size_y": 96,
  "size_z": 76,
  "snr": 4.356362977108661,
  "spacing_tr": 2.0,
  "spacing_x": 2.0,
  "spacing_y": 2.0,
  "spacing_z": 2.0,
  "summary_bg_k": 15.479320957953249,
  "summary_bg_mad": 12.226815093079253,
  "summary_bg_mean": 39.26379906782491,
  "summary_bg_median": 15.33472728729248,
  "summary_bg_n": 545986.0,
  "summary_bg_p05": 5.301255226135254,
  "summary_bg_p95": 165.15061950683594,
  "summary_bg_stdv": 58.373858949524276,
  "summary_fg_k": 3.6188165109635753,
  "summary_fg_mad": 90.64037158332079,
  "summary_fg_mean": 558.3649701747407,
  "summary_fg_median": 560.1631774902344,
  "summary_fg_n": 154430.0,
  "summary_fg_p05": 334.0878601074219,
  "summary_fg_p95": 740.8870239257812,
  "summary_fg_stdv": 128.58463970592865,
  "tsnr": 40.35992314107716
}