{
  "aor": 0.0009247422680412371,
  "aqi": 0.014554641752577322,
  "bids_meta": {
    "EchoTime": 0.043,
    "FlipAngle": 80.0,
    "MagneticFieldStrength": 3.0,
    "Manufacturer": "SIEMENS",
    "ManufacturersModelName": "Verio",
    "MultibandAccelerationFactor": 4,
    "RepetitionTime": 2.0,
    "SliceTiming": [
      0.0,
      1.0575,
      0.105,
      1.1625,
      0.2125,
      1.2675,
      0.3175,
      1.375,
      0.4225,
      1.48,
      0.53,
      1.585,
      0.635,
      1.69,
      0.74,
      1.7975,
      0.845,
      1.9025,
      0.9525,
      0.0,
      1.0575,
      0.105,
      1.1625,
      0.2125,
      1.2675,
      0.3175,
      1.375,
      0.4225,
      1.48,
      0.53,
      1.585,
      0.635,
      1.69,
      0.74,
      1.7975,
      0.845,
      1.9025,
      0.9525,
      0.0,
      1.0575,
      0.105,
      1.1625,
      0.2125,
      1.2675,
      0.3175,
      1.375,
      0.4225,
      1.48,
      0.53,
      1.585,
      0.635,
      1.69,
      0.74,
      1.7975,
      0.845,
      1.9025,
      0.9525,
      0.0,
      1.0575,
      0.105,
      1.1625,
      0.2125,
      1.2675,
      0.3175,
      1.375,
      0.4225,
      1.48,
      0.53,
      1.585,
      0.635,
      1.69,
      0.74,
      1.7975,
      0.845,
      1.9025,
      0.9525
    ],
    "TaskName": "perception",
    "dataset": "ds001506",
    "modality": "bold",
    "run_id": 3,
    "session_id": "perceptionArtificialImage02",
    "subject_id": "02",
    "task_id": "perception"
  },
  "dummy_trs": 1,
  "dvars_nstd": 41.520880131191696,
  "dvars_std": 1.2802945364766845,
  "dvars_vstd": 1.0140878096891193,
  "efc": 0.5537808001691359,
  "fber": 1220.0115966796875,
  "fd_mean": 0.06981623914123328,
  "fd_num": 2,
  "fd_perc": 1.0309278350515463,
  "fwhm_avg": 1.8520333333333336,
  "fwhm_x": 1.75584,
  "fwhm_y": 2.039635,
  "fwhm_z": 1.760625,
  "gcor": 0.0164132,
  "gsr_x": -0.01695636287331581,
  "gsr_y": 0.04934258013963699,
  "provenance": {
    "md5sum": "031503c46e5359ee207fc1225f4ebfe0",
    "settings": {
      "fd_thres": 0.2,
      "testing": false
    },
    "software": "mriqc",
    "version": "23.1.0"
  },
  "size_t": 194,
  "size_x": 96,
  "size_y": 96,
  "size_z": 76,
  "snr": 4.393551655869303,
  "spacing_tr": 2.0,
  "spacing_x": 2.0,
  "spacing_y": 2.0,
  "spacing_z": 2.0,
  "summary_bg_k": 22.57887063437497,
  "summary_bg_mad": 13.565045510183658,
  "summary_bg_mean": 42.65009340588883,
  "summary_bg_median": 16.113401412963867,
  "summary_bg_n": 528019.0,
  "summary_bg_p05": 5.628865718841553,
  "summary_bg_p95": 176.8092803955078,
  "summary_bg_stdv": 65.32138548958424,
  "summary_fg_k": 3.3102367910841526,
  "summary_fg_mad": 92.77729057376605,
  "summary_fg_mean": 552.9807036200357,
  "summary_fg_median": 562.819580078125,
  "summary_fg_n": 172397.0,
  "summary_fg_p05": 313.8865966796875,
  "summary_fg_p95": 725.04638671875,
  "summary_fg_stdv": 128.10090601486908,
  "tsnr": 43.052623147610575
}