{
  "aor": 0.00045610878661087864,
  "aqi": 0.01693932092050209,
  "bids_meta": {
    "EchoTime": 0.043,
    "FlipAngle": 80.0,
    "MagneticFieldStrength": 3.0,
    "Manufacturer": "SIEMENS",
    "ManufacturersModelName": "Verio",
    "MultibandAccelerationFactor": 4,
    "RepetitionTime": 2.0,
    "SliceTiming": [
      0.0,
      1.055,
      0.105,
      1.1625,
      0.21,
      1.2675,
      0.3175,
      1.3725,
      0.4225,
      1.48,
      0.5275,
      1.585,
      0.6325,
      1.69,
      0.74,
      1.795,
      0.845,
      1.9025,
      0.95,
      0.0,
      1.055,
      0.105,
      1.1625,
      0.21,
      1.2675,
      0.3175,
      1.3725,
      0.4225,
      1.48,
      0.5275,
      1.585,
      0.6325,
      1.69,
      0.74,
      1.795,
      0.845,
      1.9025,
      0.95,
      0.0,
      1.055,
      0.105,
      1.1625,
      0.21,
      1.2675,
      0.3175,
      1.3725,
      0.4225,
      1.48,
      0.5275,
      1.585,
      0.6325,
      1.69,
      0.74,
      1.795,
      0.845,
      1.9025,
      0.95,
      0.0,
      1.055,
      0.105,
      1.1625,
      0.21,
      1.2675,
      0.3175,
      1.3725,
      0.4225,
      1.48,
      0.5275,
      1.585,
      0.6325,
      1.69,
      0.74,
      1.795,
      0.845,
      1.9025,
      0.95
    ],
    "TaskName": "perception",
    "dataset": "ds001506",
    "modality": "bold",
    "run_id": 1,
    "session_id": "perceptionNaturalImageTest02",
    "subject_id": "02",
    "task_id": "perception"
  },
  "dummy_trs": 0,
  "dvars_nstd": 41.257896118697474,
  "dvars_std": 1.2360459898319334,
  "dvars_vstd": 0.9967002575630247,
  "efc": 0.5626026931209192,
  "fber": 887.775146484375,
  "fd_mean": 0.06818493555935654,
  "fd_num": 6,
  "fd_perc": 2.510460251046025,
  "fwhm_avg": 1.85795,
  "fwhm_x": 1.750705,
  "fwhm_y": 2.04049,
  "fwhm_z": 1.782655,
  "gcor": 0.0246627,
  "gsr_x": -0.02262672781944275,
  "gsr_y": 0.04830550774931908,
  "provenance": {
    "md5sum": "6408bc69e45c70860f75b9f47f2396a4",
    "settings": {
      "fd_thres": 0.2,
      "testing": false
    },
    "software": "mriqc",
    "version": "23.1.0"
  },
  "size_t": 239,
  "size_x": 96,
  "size_y": 96,
  "size_z": 76,
  "snr": 4.429238510751382,
  "spacing_tr": 2.0,
  "spacing_x": 2.0,
  "spacing_y": 2.0,
  "spacing_z": 2.0,
  "summary_bg_k": 20.509397829601937,
  "summary_bg_mad": 15.917812768542698,
  "summary_bg_mean": 44.419021589528796,
  "summary_bg_median": 18.460250854492188,
  "summary_bg_n": 526707.0,
  "summary_bg_p05": 5.95815896987915,
  "summary_bg_p95": 179.28451538085938,
  "summary_bg_stdv": 64.71575893643275,
  "summary_fg_k": 3.052063931998532,
  "summary_fg_mad": 91.73519785231156,
  "summary_fg_mean": 541.1605366850737,
  "summary_fg_median": 550.033447265625,
  "summary_fg_n": 173709.0,
  "summary_fg_p05": 309.71966552734375,
  "summary_fg_p95": 710.1882934570312,
  "summary_fg_stdv": 124.18203777569515,
  "tsnr": 40.3771029462805
}