{
  "aor": 0.002571297071129707,
  "aqi": 0.029175273640167358,
  "bids_meta": {
    "EchoTime": 0.043,
    "FlipAngle": 80.0,
    "MagneticFieldStrength": 3.0,
    "Manufacturer": "SIEMENS",
    "ManufacturersModelName": "Verio",
    "MultibandAccelerationFactor": 4,
    "RepetitionTime": 2.0,
    "SliceTiming": [
      0.0,
      1.0575,
      0.105,
      1.1625,
      0.21,
      1.2675,
      0.3175,
      1.3725,
      0.4225,
      1.48,
      0.5275,
      1.585,
      0.6325,
      1.69,
      0.74,
      1.795,
      0.845,
      1.9025,
      0.95,
      0.0,
      1.0575,
      0.105,
      1.1625,
      0.21,
      1.2675,
      0.3175,
      1.3725,
      0.4225,
      1.48,
      0.5275,
      1.585,
      0.6325,
      1.69,
      0.74,
      1.795,
      0.845,
      1.9025,
      0.95,
      0.0,
      1.0575,
      0.105,
      1.1625,
      0.21,
      1.2675,
      0.3175,
      1.3725,
      0.4225,
      1.48,
      0.5275,
      1.585,
      0.6325,
      1.69,
      0.74,
      1.795,
      0.845,
      1.9025,
      0.95,
      0.0,
      1.0575,
      0.105,
      1.1625,
      0.21,
      1.2675,
      0.3175,
      1.3725,
      0.4225,
      1.48,
      0.5275,
      1.585,
      0.6325,
      1.69,
      0.74,
      1.795,
      0.845,
      1.9025,
      0.95
    ],
    "TaskName": "perception",
    "dataset": "ds001506",
    "modality": "bold",
    "run_id": 3,
    "session_id": "perceptionNaturalImageTraining14",
    "subject_id": "01",
    "task_id": "perception"
  },
  "dummy_trs": 0,
  "dvars_nstd": 49.968070607479,
  "dvars_std": 1.2770565113445378,
  "dvars_vstd": 1.0164699985714287,
  "efc": 0.5694465903609229,
  "fber": 994.21923828125,
  "fd_mean": 0.21102228498058495,
  "fd_num": 102,
  "fd_perc": 42.67782426778243,
  "fwhm_avg": 1.8917183333333334,
  "fwhm_x": 1.7776,
  "fwhm_y": 2.081435,
  "fwhm_z": 1.81612,
  "gcor": 0.0372941,
  "gsr_x": -0.012317921034991741,
  "gsr_y": 0.036664873361587524,
  "provenance": {
    "md5sum": "5013bd4e15b79fe91186e031a44c29ca",
    "settings": {
      "fd_thres": 0.2,
      "testing": false
    },
    "software": "mriqc",
    "version": "23.1.0"
  },
  "size_t": 239,
  "size_x": 96,
  "size_y": 96,
  "size_z": 76,
  "snr": 3.8672392790530297,
  "spacing_tr": 2.0,
  "spacing_x": 2.0,
  "spacing_y": 2.0,
  "spacing_z": 2.0,
  "summary_bg_k": 13.498530376465073,
  "summary_bg_mad": 16.513335226335354,
  "summary_bg_mean": 44.733787228255764,
  "summary_bg_median": 18.01255226135254,
  "summary_bg_n": 511369.0,
  "summary_bg_p05": 4.95815896987915,
  "summary_bg_p95": 177.35983276367188,
  "summary_bg_stdv": 62.75823231745349,
  "summary_fg_k": 2.868532590117656,
  "summary_fg_mad": 110.51897345104373,
  "summary_fg_mean": 575.3028506835602,
  "summary_fg_median": 567.9581298828125,
  "summary_fg_n": 189047.0,
  "summary_fg_p05": 338.7615051269531,
  "summary_fg_p95": 819.8158569335938,
  "summary_fg_stdv": 146.86358581326772,
  "tsnr": 27.785114247584715
}