{
  "aor": 0.00036589958158995815,
  "aqi": 0.015242158577405858,
  "bids_meta": {
    "EchoTime": 0.043,
    "FlipAngle": 80.0,
    "MagneticFieldStrength": 3.0,
    "Manufacturer": "SIEMENS",
    "ManufacturersModelName": "Verio",
    "MultibandAccelerationFactor": 4,
    "RepetitionTime": 2.0,
    "SliceTiming": [
      0.0,
      1.055,
      0.105,
      1.16,
      0.21,
      1.2675,
      0.315,
      1.3725,
      0.4225,
      1.4775,
      0.5275,
      1.5825,
      0.6325,
      1.69,
      0.7375,
      1.795,
      0.845,
      1.9,
      0.95,
      0.0,
      1.055,
      0.105,
      1.16,
      0.21,
      1.2675,
      0.315,
      1.3725,
      0.4225,
      1.4775,
      0.5275,
      1.5825,
      0.6325,
      1.69,
      0.7375,
      1.795,
      0.845,
      1.9,
      0.95,
      0.0,
      1.055,
      0.105,
      1.16,
      0.21,
      1.2675,
      0.315,
      1.3725,
      0.4225,
      1.4775,
      0.5275,
      1.5825,
      0.6325,
      1.69,
      0.7375,
      1.795,
      0.845,
      1.9,
      0.95,
      0.0,
      1.055,
      0.105,
      1.16,
      0.21,
      1.2675,
      0.315,
      1.3725,
      0.4225,
      1.4775,
      0.5275,
      1.5825,
      0.6325,
      1.69,
      0.7375,
      1.795,
      0.845,
      1.9,
      0.95
    ],
    "TaskName": "perception",
    "dataset": "ds001506",
    "modality": "bold",
    "run_id": 3,
    "session_id": "perceptionNaturalImageTraining13",
    "subject_id": "02",
    "task_id": "perception"
  },
  "dummy_trs": 0,
  "dvars_nstd": 43.09167653600841,
  "dvars_std": 1.250033137521008,
  "dvars_vstd": 0.9981099784033614,
  "efc": 0.5584739180435467,
  "fber": 929.7888793945312,
  "fd_mean": 0.07220506437007793,
  "fd_num": 3,
  "fd_perc": 1.2552301255230125,
  "fwhm_avg": 1.8302016666666665,
  "fwhm_x": 1.741655,
  "fwhm_y": 2.015815,
  "fwhm_z": 1.733135,
  "gcor": 0.0289121,
  "gsr_x": -0.01947290077805519,
  "gsr_y": 0.05160682275891304,
  "provenance": {
    "md5sum": "7cb10a41c818c2e211c17c3f45c58c89",
    "settings": {
      "fd_thres": 0.2,
      "testing": false
    },
    "software": "mriqc",
    "version": "23.1.0"
  },
  "size_t": 239,
  "size_x": 96,
  "size_y": 96,
  "size_z": 76,
  "snr": 4.329254518753257,
  "spacing_tr": 2.0,
  "spacing_x": 2.0,
  "spacing_y": 2.0,
  "spacing_z": 2.0,
  "summary_bg_k": 22.660796089903112,
  "summary_bg_mad": 14.850833647201192,
  "summary_bg_mean": 41.9092388744188,
  "summary_bg_median": 17.426776885986328,
  "summary_bg_n": 527891.0,
  "summary_bg_p05": 5.711297035217285,
  "summary_bg_p95": 167.54393005371094,
  "summary_bg_stdv": 61.81635091291887,
  "summary_fg_k": 3.0950287047030294,
  "summary_fg_mad": 88.3543689042166,
  "summary_fg_mean": 522.2054220550606,
  "summary_fg_median": 531.3849487304688,
  "summary_fg_n": 172525.0,
  "summary_fg_p05": 292.0753173828125,
  "summary_fg_p95": 689.6234130859375,
  "summary_fg_stdv": 122.74247365299952,
  "tsnr": 41.87924662278965
}