{
  "aor": 0.0010181171548117153,
  "aqi": 0.018884330962343095,
  "bids_meta": {
    "EchoTime": 0.043,
    "FlipAngle": 80.0,
    "MagneticFieldStrength": 3.0,
    "Manufacturer": "SIEMENS",
    "ManufacturersModelName": "Verio",
    "MultibandAccelerationFactor": 4,
    "RepetitionTime": 2.0,
    "SliceTiming": [
      0.0,
      1.0575,
      0.105,
      1.1625,
      0.21,
      1.2675,
      0.3175,
      1.3725,
      0.4225,
      1.48,
      0.5275,
      1.585,
      0.6325,
      1.69,
      0.74,
      1.795,
      0.845,
      1.9025,
      0.95,
      0.0,
      1.0575,
      0.105,
      1.1625,
      0.21,
      1.2675,
      0.3175,
      1.3725,
      0.4225,
      1.48,
      0.5275,
      1.585,
      0.6325,
      1.69,
      0.74,
      1.795,
      0.845,
      1.9025,
      0.95,
      0.0,
      1.0575,
      0.105,
      1.1625,
      0.21,
      1.2675,
      0.3175,
      1.3725,
      0.4225,
      1.48,
      0.5275,
      1.585,
      0.6325,
      1.69,
      0.74,
      1.795,
      0.845,
      1.9025,
      0.95,
      0.0,
      1.0575,
      0.105,
      1.1625,
      0.21,
      1.2675,
      0.3175,
      1.3725,
      0.4225,
      1.48,
      0.5275,
      1.585,
      0.6325,
      1.69,
      0.74,
      1.795,
      0.845,
      1.9025,
      0.95
    ],
    "TaskName": "perception",
    "dataset": "ds001506",
    "modality": "bold",
    "run_id": 8,
    "session_id": "perceptionNaturalImageTraining05",
    "subject_id": "02",
    "task_id": "perception"
  },
  "dummy_trs": 0,
  "dvars_nstd": 42.02137644138656,
  "dvars_std": 1.2180199321008394,
  "dvars_vstd": 0.9901869200840338,
  "efc": 0.5567925935125745,
  "fber": 1100.154052734375,
  "fd_mean": 0.07940915692378331,
  "fd_num": 11,
  "fd_perc": 4.602510460251046,
  "fwhm_avg": 1.870785,
  "fwhm_x": 1.772555,
  "fwhm_y": 2.05881,
  "fwhm_z": 1.78099,
  "gcor": 0.0149531,
  "gsr_x": -0.018198104575276375,
  "gsr_y": 0.052840705960989,
  "provenance": {
    "md5sum": "138926e8a83e1fa5eafdc426baaaadd7",
    "settings": {
      "fd_thres": 0.2,
      "testing": false
    },
    "software": "mriqc",
    "version": "23.1.0"
  },
  "size_t": 239,
  "size_x": 96,
  "size_y": 96,
  "size_z": 76,
  "snr": 4.362999405964248,
  "spacing_tr": 2.0,
  "spacing_x": 2.0,
  "spacing_y": 2.0,
  "spacing_z": 2.0,
  "summary_bg_k": 23.668778166784843,
  "summary_bg_mad": 13.572942958429149,
  "summary_bg_mean": 41.517283624272416,
  "summary_bg_median": 16.13389015197754,
  "summary_bg_n": 527379.0,
  "summary_bg_p05": 5.518828392028809,
  "summary_bg_p95": 169.57740783691406,
  "summary_bg_stdv": 62.89239028186925,
  "summary_fg_k": 3.3821378467708376,
  "summary_fg_mad": 88.54675246845872,
  "summary_fg_mean": 525.3182332215249,
  "summary_fg_median": 535.1380615234375,
  "summary_fg_n": 173037.0,
  "summary_fg_p05": 296.0962219238281,
  "summary_fg_p95": 689.2551879882812,
  "summary_fg_stdv": 122.6533550471233,
  "tsnr": 37.77406739350408
}