{
  "aor": 0.0013316736401673638,
  "aqi": 0.014442141004184101,
  "bids_meta": {
    "EchoTime": 0.043,
    "FlipAngle": 80.0,
    "MagneticFieldStrength": 3.0,
    "Manufacturer": "SIEMENS",
    "ManufacturersModelName": "Verio",
    "MultibandAccelerationFactor": 4,
    "RepetitionTime": 2.0,
    "SliceTiming": [
      0.0,
      1.0575,
      0.105,
      1.1625,
      0.21,
      1.2675,
      0.3175,
      1.3725,
      0.4225,
      1.48,
      0.5275,
      1.585,
      0.635,
      1.69,
      0.74,
      1.795,
      0.845,
      1.9025,
      0.95,
      0.0,
      1.0575,
      0.105,
      1.1625,
      0.21,
      1.2675,
      0.3175,
      1.3725,
      0.4225,
      1.48,
      0.5275,
      1.585,
      0.635,
      1.69,
      0.74,
      1.795,
      0.845,
      1.9025,
      0.95,
      0.0,
      1.0575,
      0.105,
      1.1625,
      0.21,
      1.2675,
      0.3175,
      1.3725,
      0.4225,
      1.48,
      0.5275,
      1.585,
      0.635,
      1.69,
      0.74,
      1.795,
      0.845,
      1.9025,
      0.95,
      0.0,
      1.0575,
      0.105,
      1.1625,
      0.21,
      1.2675,
      0.3175,
      1.3725,
      0.4225,
      1.48,
      0.5275,
      1.585,
      0.635,
      1.69,
      0.74,
      1.795,
      0.845,
      1.9025,
      0.95
    ],
    "TaskName": "perception",
    "dataset": "ds001506",
    "modality": "bold",
    "run_id": 2,
    "session_id": "perceptionNaturalImageTraining08",
    "subject_id": "03",
    "task_id": "perception"
  },
  "dummy_trs": 0,
  "dvars_nstd": 38.97207727352945,
  "dvars_std": 1.2321044894957989,
  "dvars_vstd": 1.0155045022689075,
  "efc": 0.5248899947969174,
  "fber": 1354.393798828125,
  "fd_mean": 0.09612591689806023,
  "fd_num": 9,
  "fd_perc": 3.7656903765690375,
  "fwhm_avg": 1.828165,
  "fwhm_x": 1.72027,
  "fwhm_y": 2.008375,
  "fwhm_z": 1.75585,
  "gcor": 0.0344614,
  "gsr_x": -0.02497226931154728,
  "gsr_y": 0.038225144147872925,
  "provenance": {
    "md5sum": "7765e26490d2086ebfad234915e79498",
    "settings": {
      "fd_thres": 0.2,
      "testing": false
    },
    "software": "mriqc",
    "version": "23.1.0"
  },
  "size_t": 239,
  "size_x": 96,
  "size_y": 96,
  "size_z": 76,
  "snr": 4.317066748745995,
  "spacing_tr": 2.0,
  "spacing_x": 2.0,
  "spacing_y": 2.0,
  "spacing_z": 2.0,
  "summary_bg_k": 17.79778826048486,
  "summary_bg_mad": 11.358345342894843,
  "summary_bg_mean": 36.747610270907714,
  "summary_bg_median": 14.799162864685059,
  "summary_bg_n": 546114.0,
  "summary_bg_p05": 5.158995628356934,
  "summary_bg_p95": 155.4393310546875,
  "summary_bg_stdv": 55.994064960234645,
  "summary_fg_k": 3.7622858832443047,
  "summary_fg_mad": 87.65962534143725,
  "summary_fg_mean": 542.1061492614867,
  "summary_fg_median": 544.64013671875,
  "summary_fg_n": 154302.0,
  "summary_fg_p05": 320.75732421875,
  "summary_fg_p95": 720.7405395507812,
  "summary_fg_stdv": 126.15935855587706,
  "tsnr": 43.87178758031223
}