{
  "aor": 0.0015161087866108786,
  "aqi": 0.017773542133891217,
  "bids_meta": {
    "EchoTime": 0.043,
    "FlipAngle": 80.0,
    "MagneticFieldStrength": 3.0,
    "Manufacturer": "SIEMENS",
    "ManufacturersModelName": "Verio",
    "MultibandAccelerationFactor": 4,
    "RepetitionTime": 2.0,
    "SliceTiming": [
      0.0,
      1.0575,
      0.1075,
      1.1625,
      0.2125,
      1.2675,
      0.3175,
      1.375,
      0.4225,
      1.48,
      0.53,
      1.585,
      0.635,
      1.6925,
      0.74,
      1.7975,
      0.845,
      1.9025,
      0.9525,
      0.0,
      1.0575,
      0.1075,
      1.1625,
      0.2125,
      1.2675,
      0.3175,
      1.375,
      0.4225,
      1.48,
      0.53,
      1.585,
      0.635,
      1.6925,
      0.74,
      1.7975,
      0.845,
      1.9025,
      0.9525,
      0.0,
      1.0575,
      0.1075,
      1.1625,
      0.2125,
      1.2675,
      0.3175,
      1.375,
      0.4225,
      1.48,
      0.53,
      1.585,
      0.635,
      1.6925,
      0.74,
      1.7975,
      0.845,
      1.9025,
      0.9525,
      0.0,
      1.0575,
      0.1075,
      1.1625,
      0.2125,
      1.2675,
      0.3175,
      1.375,
      0.4225,
      1.48,
      0.53,
      1.585,
      0.635,
      1.6925,
      0.74,
      1.7975,
      0.845,
      1.9025,
      0.9525
    ],
    "TaskName": "perception",
    "dataset": "ds001506",
    "modality": "bold",
    "run_id": 1,
    "session_id": "perceptionNaturalImageTraining11",
    "subject_id": "01",
    "task_id": "perception"
  },
  "dummy_trs": 0,
  "dvars_nstd": 38.95472746109244,
  "dvars_std": 1.2193463263025213,
  "dvars_vstd": 1.0091394361764705,
  "efc": 0.568940203345407,
  "fber": 970.8665161132812,
  "fd_mean": 0.08260972946038858,
  "fd_num": 13,
  "fd_perc": 5.439330543933054,
  "fwhm_avg": 1.8640266666666667,
  "fwhm_x": 1.754195,
  "fwhm_y": 2.057735,
  "fwhm_z": 1.78015,
  "gcor": 0.0294601,
  "gsr_x": -0.010122997686266899,
  "gsr_y": 0.033371131867170334,
  "provenance": {
    "md5sum": "8d18054efc1f3b567841961c4f628bb8",
    "settings": {
      "fd_thres": 0.2,
      "testing": false
    },
    "software": "mriqc",
    "version": "23.1.0"
  },
  "size_t": 239,
  "size_x": 96,
  "size_y": 96,
  "size_z": 76,
  "snr": 3.948148211008513,
  "spacing_tr": 2.0,
  "spacing_x": 2.0,
  "spacing_y": 2.0,
  "spacing_z": 2.0,
  "summary_bg_k": 12.17266273016066,
  "summary_bg_mad": 17.177094153746033,
  "summary_bg_mean": 45.805046573301496,
  "summary_bg_median": 18.71548080444336,
  "summary_bg_n": 512850.0,
  "summary_bg_p05": 5.092050075531006,
  "summary_bg_p95": 183.5062713623047,
  "summary_bg_stdv": 64.17517729258094,
  "summary_fg_k": 2.6943481971024976,
  "summary_fg_mad": 110.16542566859125,
  "summary_fg_mean": 585.879289703088,
  "summary_fg_median": 583.150634765625,
  "summary_fg_n": 187566.0,
  "summary_fg_p05": 338.81170654296875,
  "summary_fg_p95": 821.1380615234375,
  "summary_fg_stdv": 147.70192228761994,
  "tsnr": 36.48005738854408
}