{
  "aor": 0.0004623849372384938,
  "aqi": 0.015422923012552301,
  "bids_meta": {
    "EchoTime": 0.043,
    "FlipAngle": 80.0,
    "MagneticFieldStrength": 3.0,
    "Manufacturer": "SIEMENS",
    "ManufacturersModelName": "Verio",
    "MultibandAccelerationFactor": 4,
    "RepetitionTime": 2.0,
    "SliceTiming": [
      0.0,
      1.0575,
      0.1075,
      1.1625,
      0.2125,
      1.27,
      0.3175,
      1.375,
      0.425,
      1.48,
      0.53,
      1.585,
      0.635,
      1.6925,
      0.74,
      1.7975,
      0.8475,
      1.9025,
      0.9525,
      0.0,
      1.0575,
      0.1075,
      1.1625,
      0.2125,
      1.27,
      0.3175,
      1.375,
      0.425,
      1.48,
      0.53,
      1.585,
      0.635,
      1.6925,
      0.74,
      1.7975,
      0.8475,
      1.9025,
      0.9525,
      0.0,
      1.0575,
      0.1075,
      1.1625,
      0.2125,
      1.27,
      0.3175,
      1.375,
      0.425,
      1.48,
      0.53,
      1.585,
      0.635,
      1.6925,
      0.74,
      1.7975,
      0.8475,
      1.9025,
      0.9525,
      0.0,
      1.0575,
      0.1075,
      1.1625,
      0.2125,
      1.27,
      0.3175,
      1.375,
      0.425,
      1.48,
      0.53,
      1.585,
      0.635,
      1.6925,
      0.74,
      1.7975,
      0.8475,
      1.9025,
      0.9525
    ],
    "TaskName": "perception",
    "dataset": "ds001506",
    "modality": "bold",
    "run_id": 1,
    "session_id": "perceptionNaturalImageTraining14",
    "subject_id": "02",
    "task_id": "perception"
  },
  "dummy_trs": 0,
  "dvars_nstd": 40.232409108445374,
  "dvars_std": 1.2580071460924367,
  "dvars_vstd": 0.9962287726050421,
  "efc": 0.558397322781056,
  "fber": 940.193603515625,
  "fd_mean": 0.038502187589836874,
  "fd_num": 0,
  "fd_perc": 0.0,
  "fwhm_avg": 1.8330816666666667,
  "fwhm_x": 1.730245,
  "fwhm_y": 2.019445,
  "fwhm_z": 1.749555,
  "gcor": 0.0217441,
  "gsr_x": -0.02142687700688839,
  "gsr_y": 0.05274677649140358,
  "provenance": {
    "md5sum": "bdff8a061c91eb390b5764bb5c35280d",
    "settings": {
      "fd_thres": 0.2,
      "testing": false
    },
    "software": "mriqc",
    "version": "23.1.0"
  },
  "size_t": 239,
  "size_x": 96,
  "size_y": 96,
  "size_z": 76,
  "snr": 4.369122580082708,
  "spacing_tr": 2.0,
  "spacing_x": 2.0,
  "spacing_y": 2.0,
  "spacing_z": 2.0,
  "summary_bg_k": 24.3175921781679,
  "summary_bg_mad": 15.812354156988114,
  "summary_bg_mean": 44.341939154083406,
  "summary_bg_median": 18.40167236328125,
  "summary_bg_n": 527497.0,
  "summary_bg_p05": 6.0,
  "summary_bg_p95": 177.5104522705078,
  "summary_bg_stdv": 65.93617594250668,
  "summary_fg_k": 3.1120349044321705,
  "summary_fg_mad": 93.96846698387948,
  "summary_fg_mean": 555.7007437411821,
  "summary_fg_median": 564.24267578125,
  "summary_fg_n": 172919.0,
  "summary_fg_p05": 315.9121398925781,
  "summary_fg_p95": 733.1380615234375,
  "summary_fg_stdv": 129.14287340620672,
  "tsnr": 42.5936884987168
}