{
  "aor": 0.0003959832635983263,
  "aqi": 0.013470972803347279,
  "bids_meta": {
    "EchoTime": 0.043,
    "FlipAngle": 80.0,
    "MagneticFieldStrength": 3.0,
    "Manufacturer": "SIEMENS",
    "ManufacturersModelName": "Verio",
    "MultibandAccelerationFactor": 4,
    "RepetitionTime": 2.0,
    "SliceTiming": [
      0.0,
      1.0575,
      0.1075,
      1.1625,
      0.2125,
      1.27,
      0.3175,
      1.375,
      0.4225,
      1.48,
      0.53,
      1.585,
      0.635,
      1.6925,
      0.74,
      1.7975,
      0.845,
      1.9025,
      0.9525,
      0.0,
      1.0575,
      0.1075,
      1.1625,
      0.2125,
      1.27,
      0.3175,
      1.375,
      0.4225,
      1.48,
      0.53,
      1.585,
      0.635,
      1.6925,
      0.74,
      1.7975,
      0.845,
      1.9025,
      0.9525,
      0.0,
      1.0575,
      0.1075,
      1.1625,
      0.2125,
      1.27,
      0.3175,
      1.375,
      0.4225,
      1.48,
      0.53,
      1.585,
      0.635,
      1.6925,
      0.74,
      1.7975,
      0.845,
      1.9025,
      0.9525,
      0.0,
      1.0575,
      0.1075,
      1.1625,
      0.2125,
      1.27,
      0.3175,
      1.375,
      0.4225,
      1.48,
      0.53,
      1.585,
      0.635,
      1.6925,
      0.74,
      1.7975,
      0.845,
      1.9025,
      0.9525
    ],
    "TaskName": "perception",
    "dataset": "ds001506",
    "modality": "bold",
    "run_id": 8,
    "session_id": "perceptionNaturalImageTraining14",
    "subject_id": "02",
    "task_id": "perception"
  },
  "dummy_trs": 0,
  "dvars_nstd": 42.21892312008402,
  "dvars_std": 1.2884595695798313,
  "dvars_vstd": 1.0019856968067231,
  "efc": 0.5595941075021124,
  "fber": 948.2256469726562,
  "fd_mean": 0.051918084520826316,
  "fd_num": 0,
  "fd_perc": 0.0,
  "fwhm_avg": 1.8253233333333334,
  "fwhm_x": 1.72082,
  "fwhm_y": 2.01847,
  "fwhm_z": 1.73668,
  "gcor": 0.0169758,
  "gsr_x": -0.021830175071954727,
  "gsr_y": 0.05212609842419624,
  "provenance": {
    "md5sum": "de7cad04a2a410bbc0c90b97072b5c30",
    "settings": {
      "fd_thres": 0.2,
      "testing": false
    },
    "software": "mriqc",
    "version": "23.1.0"
  },
  "size_t": 239,
  "size_x": 96,
  "size_y": 96,
  "size_z": 76,
  "snr": 4.416541605129173,
  "spacing_tr": 2.0,
  "spacing_x": 2.0,
  "spacing_y": 2.0,
  "spacing_z": 2.0,
  "summary_bg_k": 24.584330152091415,
  "summary_bg_mad": 15.452561798369455,
  "summary_bg_mean": 44.25867804721168,
  "summary_bg_median": 18.104602813720703,
  "summary_bg_n": 527680.0,
  "summary_bg_p05": 6.020920276641846,
  "summary_bg_p95": 177.6276092529297,
  "summary_bg_stdv": 65.83152661123498,
  "summary_fg_k": 2.982391708920481,
  "summary_fg_mad": 91.60495888484425,
  "summary_fg_mean": 547.4161840186538,
  "summary_fg_median": 557.4999694824219,
  "summary_fg_n": 172736.0,
  "summary_fg_p05": 310.1087646484375,
  "summary_fg_p95": 718.2008056640625,
  "summary_fg_stdv": 126.2296171054899,
  "tsnr": 45.08442670223303
}