{
  "aor": 0.0005030125523012553,
  "aqi": 0.015148403765690375,
  "bids_meta": {
    "EchoTime": 0.043,
    "FlipAngle": 80.0,
    "MagneticFieldStrength": 3.0,
    "Manufacturer": "SIEMENS",
    "ManufacturersModelName": "Verio",
    "MultibandAccelerationFactor": 4,
    "RepetitionTime": 2.0,
    "SliceTiming": [
      0.0,
      1.055,
      0.105,
      1.1625,
      0.21,
      1.2675,
      0.315,
      1.3725,
      0.4225,
      1.4775,
      0.5275,
      1.585,
      0.6325,
      1.69,
      0.7375,
      1.795,
      0.845,
      1.9,
      0.95,
      0.0,
      1.055,
      0.105,
      1.1625,
      0.21,
      1.2675,
      0.315,
      1.3725,
      0.4225,
      1.4775,
      0.5275,
      1.585,
      0.6325,
      1.69,
      0.7375,
      1.795,
      0.845,
      1.9,
      0.95,
      0.0,
      1.055,
      0.105,
      1.1625,
      0.21,
      1.2675,
      0.315,
      1.3725,
      0.4225,
      1.4775,
      0.5275,
      1.585,
      0.6325,
      1.69,
      0.7375,
      1.795,
      0.845,
      1.9,
      0.95,
      0.0,
      1.055,
      0.105,
      1.1625,
      0.21,
      1.2675,
      0.315,
      1.3725,
      0.4225,
      1.4775,
      0.5275,
      1.585,
      0.6325,
      1.69,
      0.7375,
      1.795,
      0.845,
      1.9,
      0.95
    ],
    "TaskName": "perception",
    "dataset": "ds001506",
    "modality": "bold",
    "run_id": 3,
    "session_id": "perceptionNaturalImageTraining14",
    "subject_id": "02",
    "task_id": "perception"
  },
  "dummy_trs": 0,
  "dvars_nstd": 40.921278208151286,
  "dvars_std": 1.245714810588234,
  "dvars_vstd": 1.0025295372689074,
  "efc": 0.5587377750683238,
  "fber": 962.9942626953125,
  "fd_mean": 0.093771821173723,
  "fd_num": 11,
  "fd_perc": 4.602510460251046,
  "fwhm_avg": 1.837555,
  "fwhm_x": 1.733175,
  "fwhm_y": 2.02727,
  "fwhm_z": 1.75222,
  "gcor": 0.0466257,
  "gsr_x": -0.022012760862708092,
  "gsr_y": 0.05233412981033325,
  "provenance": {
    "md5sum": "9d6a434911f9924c05b7d44612899185",
    "settings": {
      "fd_thres": 0.2,
      "testing": false
    },
    "software": "mriqc",
    "version": "23.1.0"
  },
  "size_t": 239,
  "size_x": 96,
  "size_y": 96,
  "size_z": 76,
  "snr": 4.388027531156769,
  "spacing_tr": 2.0,
  "spacing_x": 2.0,
  "spacing_y": 2.0,
  "spacing_z": 2.0,
  "summary_bg_k": 23.781436603038742,
  "summary_bg_mad": 15.551812595668945,
  "summary_bg_mean": 44.541232466317275,
  "summary_bg_median": 18.15481185913086,
  "summary_bg_n": 527604.0,
  "summary_bg_p05": 6.0,
  "summary_bg_p95": 180.0209197998047,
  "summary_bg_stdv": 66.5922826310034,
  "summary_fg_k": 3.099960796670829,
  "summary_fg_mad": 93.48768905499031,
  "summary_fg_mean": 554.9147075479032,
  "summary_fg_median": 563.3828430175781,
  "summary_fg_n": 172812.0,
  "summary_fg_p05": 316.0794982910156,
  "summary_fg_p95": 731.5355224609375,
  "summary_fg_stdv": 128.39053742700884,
  "tsnr": 42.60149088513572
}