{
  "aor": 0.0009241422594142259,
  "aqi": 0.01721706108786611,
  "bids_meta": {
    "EchoTime": 0.043,
    "FlipAngle": 80.0,
    "MagneticFieldStrength": 3.0,
    "Manufacturer": "SIEMENS",
    "ManufacturersModelName": "Verio",
    "MultibandAccelerationFactor": 4,
    "RepetitionTime": 2.0,
    "SliceTiming": [
      0.0,
      1.055,
      0.105,
      1.1625,
      0.21,
      1.2675,
      0.315,
      1.3725,
      0.4225,
      1.4775,
      0.5275,
      1.585,
      0.6325,
      1.69,
      0.7375,
      1.795,
      0.845,
      1.9,
      0.95,
      0.0,
      1.055,
      0.105,
      1.1625,
      0.21,
      1.2675,
      0.315,
      1.3725,
      0.4225,
      1.4775,
      0.5275,
      1.585,
      0.6325,
      1.69,
      0.7375,
      1.795,
      0.845,
      1.9,
      0.95,
      0.0,
      1.055,
      0.105,
      1.1625,
      0.21,
      1.2675,
      0.315,
      1.3725,
      0.4225,
      1.4775,
      0.5275,
      1.585,
      0.6325,
      1.69,
      0.7375,
      1.795,
      0.845,
      1.9,
      0.95,
      0.0,
      1.055,
      0.105,
      1.1625,
      0.21,
      1.2675,
      0.315,
      1.3725,
      0.4225,
      1.4775,
      0.5275,
      1.585,
      0.6325,
      1.69,
      0.7375,
      1.795,
      0.845,
      1.9,
      0.95
    ],
    "TaskName": "perception",
    "dataset": "ds001506",
    "modality": "bold",
    "run_id": 8,
    "session_id": "perceptionNaturalImageTraining10",
    "subject_id": "01",
    "task_id": "perception"
  },
  "dummy_trs": 0,
  "dvars_nstd": 40.926574065924385,
  "dvars_std": 1.1957883212605038,
  "dvars_vstd": 0.9985253626470582,
  "efc": 0.5654813658921399,
  "fber": 1071.2938232421875,
  "fd_mean": 0.12579375237637008,
  "fd_num": 44,
  "fd_perc": 18.410041841004183,
  "fwhm_avg": 1.8449733333333331,
  "fwhm_x": 1.74143,
  "fwhm_y": 2.030035,
  "fwhm_z": 1.763455,
  "gcor": 0.0176964,
  "gsr_x": -0.006183797959238291,
  "gsr_y": 0.03595542535185814,
  "provenance": {
    "md5sum": "60e551c0bebb9260f74e15922d9b40aa",
    "settings": {
      "fd_thres": 0.2,
      "testing": false
    },
    "software": "mriqc",
    "version": "23.1.0"
  },
  "size_t": 239,
  "size_x": 96,
  "size_y": 96,
  "size_z": 76,
  "snr": 3.923853464030478,
  "spacing_tr": 2.0,
  "spacing_x": 2.0,
  "spacing_y": 2.0,
  "spacing_z": 2.0,
  "summary_bg_k": 13.057401958060868,
  "summary_bg_mad": 15.589034030645674,
  "summary_bg_mean": 44.61761874576185,
  "summary_bg_median": 17.815898895263672,
  "summary_bg_n": 513608.0,
  "summary_bg_p05": 5.443514347076416,
  "summary_bg_p95": 178.97488403320312,
  "summary_bg_stdv": 62.856163624744546,
  "summary_fg_k": 2.542863637504606,
  "summary_fg_mad": 111.20131976626844,
  "summary_fg_mean": 587.8038172311107,
  "summary_fg_median": 583.12548828125,
  "summary_fg_n": 186808.0,
  "summary_fg_p05": 342.790771484375,
  "summary_fg_p95": 828.2551879882812,
  "summary_fg_stdv": 148.61001636861312,
  "tsnr": 37.18756780680269
}