{
  "aor": 0.0035907112970711293,
  "aqi": 0.02305441171548117,
  "bids_meta": {
    "EchoTime": 0.043,
    "FlipAngle": 80.0,
    "MagneticFieldStrength": 3.0,
    "Manufacturer": "SIEMENS",
    "ManufacturersModelName": "Verio",
    "MultibandAccelerationFactor": 4,
    "RepetitionTime": 2.0,
    "SliceTiming": [
      0.0,
      1.055,
      0.105,
      1.16,
      0.21,
      1.2675,
      0.315,
      1.3725,
      0.4225,
      1.4775,
      0.5275,
      1.585,
      0.6325,
      1.69,
      0.7375,
      1.795,
      0.845,
      1.9,
      0.95,
      0.0,
      1.055,
      0.105,
      1.16,
      0.21,
      1.2675,
      0.315,
      1.3725,
      0.4225,
      1.4775,
      0.5275,
      1.585,
      0.6325,
      1.69,
      0.7375,
      1.795,
      0.845,
      1.9,
      0.95,
      0.0,
      1.055,
      0.105,
      1.16,
      0.21,
      1.2675,
      0.315,
      1.3725,
      0.4225,
      1.4775,
      0.5275,
      1.585,
      0.6325,
      1.69,
      0.7375,
      1.795,
      0.845,
      1.9,
      0.95,
      0.0,
      1.055,
      0.105,
      1.16,
      0.21,
      1.2675,
      0.315,
      1.3725,
      0.4225,
      1.4775,
      0.5275,
      1.585,
      0.6325,
      1.69,
      0.7375,
      1.795,
      0.845,
      1.9,
      0.95
    ],
    "TaskName": "perception",
    "dataset": "ds001506",
    "modality": "bold",
    "run_id": 1,
    "session_id": "perceptionNaturalImageTraining10",
    "subject_id": "01",
    "task_id": "perception"
  },
  "dummy_trs": 0,
  "dvars_nstd": 41.919056547731095,
  "dvars_std": 1.2416201950840329,
  "dvars_vstd": 1.0307478203361347,
  "efc": 0.565065878857067,
  "fber": 1041.0491943359375,
  "fd_mean": 0.12349341752544366,
  "fd_num": 42,
  "fd_perc": 17.573221757322177,
  "fwhm_avg": 1.8775700000000002,
  "fwhm_x": 1.763735,
  "fwhm_y": 2.068505,
  "fwhm_z": 1.80047,
  "gcor": 0.0249242,
  "gsr_x": -0.005895205773413181,
  "gsr_y": 0.036963168531656265,
  "provenance": {
    "md5sum": "702541710133216eb994742eac5f2c15",
    "settings": {
      "fd_thres": 0.2,
      "testing": false
    },
    "software": "mriqc",
    "version": "23.1.0"
  },
  "size_t": 239,
  "size_x": 96,
  "size_y": 96,
  "size_z": 76,
  "snr": 3.8849444152723818,
  "spacing_tr": 2.0,
  "spacing_x": 2.0,
  "spacing_y": 2.0,
  "spacing_z": 2.0,
  "summary_bg_k": 12.941863863360659,
  "summary_bg_mad": 16.519538798831473,
  "summary_bg_mean": 44.01244618688059,
  "summary_bg_median": 17.98744773864746,
  "summary_bg_n": 512786.0,
  "summary_bg_p05": 4.9372382164001465,
  "summary_bg_p95": 176.05438232421875,
  "summary_bg_stdv": 62.025261111941774,
  "summary_fg_k": 2.4732066484770083,
  "summary_fg_mad": 113.21433414931082,
  "summary_fg_mean": 585.7985295273834,
  "summary_fg_median": 580.3702697753906,
  "summary_fg_n": 187630.0,
  "summary_fg_p05": 341.56903076171875,
  "summary_fg_p95": 829.1004028320312,
  "summary_fg_stdv": 149.38919612595873,
  "tsnr": 31.451687794877216
}