{
  "aor": 0.0009934309623430963,
  "aqi": 0.02171129581589958,
  "bids_meta": {
    "EchoTime": 0.043,
    "FlipAngle": 80.0,
    "MagneticFieldStrength": 3.0,
    "Manufacturer": "SIEMENS",
    "ManufacturersModelName": "Verio",
    "MultibandAccelerationFactor": 4,
    "RepetitionTime": 2.0,
    "SliceTiming": [
      0.0,
      1.055,
      0.105,
      1.1625,
      0.21,
      1.2675,
      0.3175,
      1.3725,
      0.4225,
      1.4775,
      0.5275,
      1.585,
      0.6325,
      1.69,
      0.74,
      1.795,
      0.845,
      1.9025,
      0.95,
      0.0,
      1.055,
      0.105,
      1.1625,
      0.21,
      1.2675,
      0.3175,
      1.3725,
      0.4225,
      1.4775,
      0.5275,
      1.585,
      0.6325,
      1.69,
      0.74,
      1.795,
      0.845,
      1.9025,
      0.95,
      0.0,
      1.055,
      0.105,
      1.1625,
      0.21,
      1.2675,
      0.3175,
      1.3725,
      0.4225,
      1.4775,
      0.5275,
      1.585,
      0.6325,
      1.69,
      0.74,
      1.795,
      0.845,
      1.9025,
      0.95,
      0.0,
      1.055,
      0.105,
      1.1625,
      0.21,
      1.2675,
      0.3175,
      1.3725,
      0.4225,
      1.4775,
      0.5275,
      1.585,
      0.6325,
      1.69,
      0.74,
      1.795,
      0.845,
      1.9025,
      0.95
    ],
    "TaskName": "perception",
    "dataset": "ds001506",
    "modality": "bold",
    "run_id": 3,
    "session_id": "perceptionNaturalImageTraining12",
    "subject_id": "02",
    "task_id": "perception"
  },
  "dummy_trs": 0,
  "dvars_nstd": 42.77493355063026,
  "dvars_std": 1.2121609876890753,
  "dvars_vstd": 0.9972965997899156,
  "efc": 0.5594460319974897,
  "fber": 952.8831787109375,
  "fd_mean": 0.12261318873432389,
  "fd_num": 27,
  "fd_perc": 11.297071129707113,
  "fwhm_avg": 1.8769366666666667,
  "fwhm_x": 1.768485,
  "fwhm_y": 2.074515,
  "fwhm_z": 1.78781,
  "gcor": 0.0408619,
  "gsr_x": -0.02057439647614956,
  "gsr_y": 0.0504566989839077,
  "provenance": {
    "md5sum": "331e2486b884c9fd5284bbf34210f553",
    "settings": {
      "fd_thres": 0.2,
      "testing": false
    },
    "software": "mriqc",
    "version": "23.1.0"
  },
  "size_t": 239,
  "size_x": 96,
  "size_y": 96,
  "size_z": 76,
  "snr": 4.431202085053673,
  "spacing_tr": 2.0,
  "spacing_x": 2.0,
  "spacing_y": 2.0,
  "spacing_z": 2.0,
  "summary_bg_k": 21.508973103149614,
  "summary_bg_mad": 15.328494590205992,
  "summary_bg_mean": 43.109582202654394,
  "summary_bg_median": 17.73221778869629,
  "summary_bg_n": 527485.0,
  "summary_bg_p05": 5.732217311859131,
  "summary_bg_p95": 172.27195739746094,
  "summary_bg_stdv": 63.25322898722758,
  "summary_fg_k": 3.1108980128846655,
  "summary_fg_mad": 90.91639132312771,
  "summary_fg_mean": 537.8818085196957,
  "summary_fg_median": 547.3723754882812,
  "summary_fg_n": 172931.0,
  "summary_fg_p05": 307.85772705078125,
  "summary_fg_p95": 705.1380615234375,
  "summary_fg_stdv": 123.52647934968977,
  "tsnr": 35.6064811963588
}