{
  "aor": 0.0005523430962343096,
  "aqi": 0.020116711297071134,
  "bids_meta": {
    "EchoTime": 0.043,
    "FlipAngle": 80.0,
    "MagneticFieldStrength": 3.0,
    "Manufacturer": "SIEMENS",
    "ManufacturersModelName": "Verio",
    "MultibandAccelerationFactor": 4,
    "RepetitionTime": 2.0,
    "SliceTiming": [
      0.0,
      1.0575,
      0.1075,
      1.1625,
      0.2125,
      1.27,
      0.3175,
      1.375,
      0.4225,
      1.48,
      0.53,
      1.585,
      0.635,
      1.6925,
      0.74,
      1.7975,
      0.8475,
      1.9025,
      0.9525,
      0.0,
      1.0575,
      0.1075,
      1.1625,
      0.2125,
      1.27,
      0.3175,
      1.375,
      0.4225,
      1.48,
      0.53,
      1.585,
      0.635,
      1.6925,
      0.74,
      1.7975,
      0.8475,
      1.9025,
      0.9525,
      0.0,
      1.0575,
      0.1075,
      1.1625,
      0.2125,
      1.27,
      0.3175,
      1.375,
      0.4225,
      1.48,
      0.53,
      1.585,
      0.635,
      1.6925,
      0.74,
      1.7975,
      0.8475,
      1.9025,
      0.9525,
      0.0,
      1.0575,
      0.1075,
      1.1625,
      0.2125,
      1.27,
      0.3175,
      1.375,
      0.4225,
      1.48,
      0.53,
      1.585,
      0.635,
      1.6925,
      0.74,
      1.7975,
      0.8475,
      1.9025,
      0.9525
    ],
    "TaskName": "perception",
    "dataset": "ds001506",
    "modality": "bold",
    "run_id": 6,
    "session_id": "perceptionNaturalImageTraining12",
    "subject_id": "02",
    "task_id": "perception"
  },
  "dummy_trs": 0,
  "dvars_nstd": 45.69021692970589,
  "dvars_std": 1.2823992063025218,
  "dvars_vstd": 0.9967405339495805,
  "efc": 0.5607124763602113,
  "fber": 971.8572998046875,
  "fd_mean": 0.10888150209524948,
  "fd_num": 19,
  "fd_perc": 7.949790794979079,
  "fwhm_avg": 1.87848,
  "fwhm_x": 1.772325,
  "fwhm_y": 2.07386,
  "fwhm_z": 1.789255,
  "gcor": 0.024019,
  "gsr_x": -0.019493592903017998,
  "gsr_y": 0.05301087722182274,
  "provenance": {
    "md5sum": "70b837189a683ffb4a52acb5e60dbd1f",
    "settings": {
      "fd_thres": 0.2,
      "testing": false
    },
    "software": "mriqc",
    "version": "23.1.0"
  },
  "size_t": 239,
  "size_x": 96,
  "size_y": 96,
  "size_z": 76,
  "snr": 4.412985626248618,
  "spacing_tr": 2.0,
  "spacing_x": 2.0,
  "spacing_y": 2.0,
  "spacing_z": 2.0,
  "summary_bg_k": 21.13674807983798,
  "summary_bg_mad": 15.161003788489335,
  "summary_bg_mean": 43.51169456367413,
  "summary_bg_median": 17.514644622802734,
  "summary_bg_n": 526878.0,
  "summary_bg_p05": 5.70292854309082,
  "summary_bg_p95": 175.45606994628906,
  "summary_bg_stdv": 64.30694023676475,
  "summary_fg_k": 3.3204779260765207,
  "summary_fg_mad": 88.94369061735244,
  "summary_fg_mean": 536.334882860658,
  "summary_fg_median": 546.0125122070312,
  "summary_fg_n": 173538.0,
  "summary_fg_p05": 303.91632080078125,
  "summary_fg_p95": 703.4644165039062,
  "summary_fg_stdv": 123.72823871859848,
  "tsnr": 37.49210770620266
}