{
  "aor": 0.0007919246861924687,
  "aqi": 0.020294225523012556,
  "bids_meta": {
    "EchoTime": 0.043,
    "FlipAngle": 80.0,
    "MagneticFieldStrength": 3.0,
    "Manufacturer": "SIEMENS",
    "ManufacturersModelName": "Verio",
    "MultibandAccelerationFactor": 4,
    "RepetitionTime": 2.0,
    "SliceTiming": [
      0.0,
      1.0575,
      0.1075,
      1.1625,
      0.2125,
      1.27,
      0.3175,
      1.375,
      0.4225,
      1.48,
      0.53,
      1.585,
      0.635,
      1.6925,
      0.74,
      1.7975,
      0.8475,
      1.9025,
      0.9525,
      0.0,
      1.0575,
      0.1075,
      1.1625,
      0.2125,
      1.27,
      0.3175,
      1.375,
      0.4225,
      1.48,
      0.53,
      1.585,
      0.635,
      1.6925,
      0.74,
      1.7975,
      0.8475,
      1.9025,
      0.9525,
      0.0,
      1.0575,
      0.1075,
      1.1625,
      0.2125,
      1.27,
      0.3175,
      1.375,
      0.4225,
      1.48,
      0.53,
      1.585,
      0.635,
      1.6925,
      0.74,
      1.7975,
      0.8475,
      1.9025,
      0.9525,
      0.0,
      1.0575,
      0.1075,
      1.1625,
      0.2125,
      1.27,
      0.3175,
      1.375,
      0.4225,
      1.48,
      0.53,
      1.585,
      0.635,
      1.6925,
      0.74,
      1.7975,
      0.8475,
      1.9025,
      0.9525
    ],
    "TaskName": "perception",
    "dataset": "ds001506",
    "modality": "bold",
    "run_id": 4,
    "session_id": "perceptionNaturalImageTraining12",
    "subject_id": "02",
    "task_id": "perception"
  },
  "dummy_trs": 0,
  "dvars_nstd": 43.31549923352941,
  "dvars_std": 1.2269388541176471,
  "dvars_vstd": 1.0007682845378154,
  "efc": 0.5605982120071125,
  "fber": 943.4170532226562,
  "fd_mean": 0.11049182696981501,
  "fd_num": 19,
  "fd_perc": 7.949790794979079,
  "fwhm_avg": 1.8916166666666667,
  "fwhm_x": 1.780055,
  "fwhm_y": 2.100015,
  "fwhm_z": 1.79478,
  "gcor": 0.0504685,
  "gsr_x": -0.02047109603881836,
  "gsr_y": 0.05176018178462982,
  "provenance": {
    "md5sum": "f34768c51b6d2d5b95418ce23d30fd22",
    "settings": {
      "fd_thres": 0.2,
      "testing": false
    },
    "software": "mriqc",
    "version": "23.1.0"
  },
  "size_t": 239,
  "size_x": 96,
  "size_y": 96,
  "size_z": 76,
  "snr": 4.40012354928256,
  "spacing_tr": 2.0,
  "spacing_x": 2.0,
  "spacing_y": 2.0,
  "spacing_z": 2.0,
  "summary_bg_k": 20.365528005324425,
  "summary_bg_mad": 15.421542521969188,
  "summary_bg_mean": 43.38125038258449,
  "summary_bg_median": 17.799161911010742,
  "summary_bg_n": 526789.0,
  "summary_bg_p05": 5.719665050506592,
  "summary_bg_p95": 174.5606689453125,
  "summary_bg_stdv": 63.70019870518153,
  "summary_fg_k": 3.1712054031976944,
  "summary_fg_mad": 90.31458187157916,
  "summary_fg_mean": 536.6153738076206,
  "summary_fg_median": 546.7029418945312,
  "summary_fg_n": 173627.0,
  "summary_fg_p05": 303.37237548828125,
  "summary_fg_p95": 703.4476928710938,
  "summary_fg_stdv": 124.24682202867164,
  "tsnr": 36.934782922733575
}