{
  "aor": 0.0013738912133891212,
  "aqi": 0.023291371966527197,
  "bids_meta": {
    "EchoTime": 0.043,
    "FlipAngle": 80.0,
    "MagneticFieldStrength": 3.0,
    "Manufacturer": "SIEMENS",
    "ManufacturersModelName": "Verio",
    "MultibandAccelerationFactor": 4,
    "RepetitionTime": 2.0,
    "SliceTiming": [
      0.0,
      1.0575,
      0.105,
      1.1625,
      0.2125,
      1.2675,
      0.3175,
      1.375,
      0.4225,
      1.48,
      0.5275,
      1.585,
      0.635,
      1.69,
      0.74,
      1.7975,
      0.845,
      1.9025,
      0.95,
      0.0,
      1.0575,
      0.105,
      1.1625,
      0.2125,
      1.2675,
      0.3175,
      1.375,
      0.4225,
      1.48,
      0.5275,
      1.585,
      0.635,
      1.69,
      0.74,
      1.7975,
      0.845,
      1.9025,
      0.95,
      0.0,
      1.0575,
      0.105,
      1.1625,
      0.2125,
      1.2675,
      0.3175,
      1.375,
      0.4225,
      1.48,
      0.5275,
      1.585,
      0.635,
      1.69,
      0.74,
      1.7975,
      0.845,
      1.9025,
      0.95,
      0.0,
      1.0575,
      0.105,
      1.1625,
      0.2125,
      1.2675,
      0.3175,
      1.375,
      0.4225,
      1.48,
      0.5275,
      1.585,
      0.635,
      1.69,
      0.74,
      1.7975,
      0.845,
      1.9025,
      0.95
    ],
    "TaskName": "perception",
    "dataset": "ds001506",
    "modality": "bold",
    "run_id": 3,
    "session_id": "perceptionNaturalImageTraining11",
    "subject_id": "01",
    "task_id": "perception"
  },
  "dummy_trs": 0,
  "dvars_nstd": 42.55850432911763,
  "dvars_std": 1.236403855210084,
  "dvars_vstd": 0.9723851902941189,
  "efc": 0.5682068914860092,
  "fber": 998.6824340820312,
  "fd_mean": 0.09636074800560653,
  "fd_num": 28,
  "fd_perc": 11.715481171548117,
  "fwhm_avg": 1.8682216666666667,
  "fwhm_x": 1.761065,
  "fwhm_y": 2.054445,
  "fwhm_z": 1.789155,
  "gcor": 0.0219053,
  "gsr_x": -0.010134152136743069,
  "gsr_y": 0.031852517277002335,
  "provenance": {
    "md5sum": "4c220f82ff915f280c49cd8fdf5219fb",
    "settings": {
      "fd_thres": 0.2,
      "testing": false
    },
    "software": "mriqc",
    "version": "23.1.0"
  },
  "size_t": 239,
  "size_x": 96,
  "size_y": 96,
  "size_z": 76,
  "snr": 3.9463856702275235,
  "spacing_tr": 2.0,
  "spacing_x": 2.0,
  "spacing_y": 2.0,
  "spacing_z": 2.0,
  "summary_bg_k": 12.631789468433839,
  "summary_bg_mad": 16.922757578842642,
  "summary_bg_mean": 46.20354366506162,
  "summary_bg_median": 18.57322120666504,
  "summary_bg_n": 513761.0,
  "summary_bg_p05": 5.192468643188477,
  "summary_bg_p95": 184.9037628173828,
  "summary_bg_stdv": 64.70705976437945,
  "summary_fg_k": 2.8855436660199896,
  "summary_fg_mad": 110.43214747273221,
  "summary_fg_mean": 590.5447812374755,
  "summary_fg_median": 586.9497680664062,
  "summary_fg_n": 186655.0,
  "summary_fg_p05": 342.76568603515625,
  "summary_fg_p95": 827.5648193359375,
  "summary_fg_stdv": 148.73057142063718,
  "tsnr": 32.94979898398742
}