{
  "aor": 0.002160376569037657,
  "aqi": 0.020429099581589956,
  "bids_meta": {
    "EchoTime": 0.043,
    "FlipAngle": 80.0,
    "MagneticFieldStrength": 3.0,
    "Manufacturer": "SIEMENS",
    "ManufacturersModelName": "Verio",
    "MultibandAccelerationFactor": 4,
    "RepetitionTime": 2.0,
    "SliceTiming": [
      0.0,
      1.0575,
      0.105,
      1.1625,
      0.2125,
      1.2675,
      0.3175,
      1.3725,
      0.4225,
      1.48,
      0.5275,
      1.585,
      0.635,
      1.69,
      0.74,
      1.7975,
      0.845,
      1.9025,
      0.95,
      0.0,
      1.0575,
      0.105,
      1.1625,
      0.2125,
      1.2675,
      0.3175,
      1.3725,
      0.4225,
      1.48,
      0.5275,
      1.585,
      0.635,
      1.69,
      0.74,
      1.7975,
      0.845,
      1.9025,
      0.95,
      0.0,
      1.0575,
      0.105,
      1.1625,
      0.2125,
      1.2675,
      0.3175,
      1.3725,
      0.4225,
      1.48,
      0.5275,
      1.585,
      0.635,
      1.69,
      0.74,
      1.7975,
      0.845,
      1.9025,
      0.95,
      0.0,
      1.0575,
      0.105,
      1.1625,
      0.2125,
      1.2675,
      0.3175,
      1.3725,
      0.4225,
      1.48,
      0.5275,
      1.585,
      0.635,
      1.69,
      0.74,
      1.7975,
      0.845,
      1.9025,
      0.95
    ],
    "TaskName": "perception",
    "dataset": "ds001506",
    "modality": "bold",
    "run_id": 4,
    "session_id": "perceptionNaturalImageTraining11",
    "subject_id": "01",
    "task_id": "perception"
  },
  "dummy_trs": 0,
  "dvars_nstd": 42.58303252810926,
  "dvars_std": 1.2586897560084038,
  "dvars_vstd": 1.0172374997478986,
  "efc": 0.5675455800403055,
  "fber": 1013.7763061523438,
  "fd_mean": 0.12888512255952742,
  "fd_num": 46,
  "fd_perc": 19.246861924686193,
  "fwhm_avg": 1.8618566666666665,
  "fwhm_x": 1.75848,
  "fwhm_y": 2.052685,
  "fwhm_z": 1.774405,
  "gcor": 0.019569,
  "gsr_x": -0.009395914152264595,
  "gsr_y": 0.03197719156742096,
  "provenance": {
    "md5sum": "7b0f162a98b981f9718184e14319b5ac",
    "settings": {
      "fd_thres": 0.2,
      "testing": false
    },
    "software": "mriqc",
    "version": "23.1.0"
  },
  "size_t": 239,
  "size_x": 96,
  "size_y": 96,
  "size_z": 76,
  "snr": 3.929443332606684,
  "spacing_tr": 2.0,
  "spacing_x": 2.0,
  "spacing_y": 2.0,
  "spacing_z": 2.0,
  "summary_bg_k": 12.547403493184886,
  "summary_bg_mad": 16.811095394791938,
  "summary_bg_mean": 45.871368538496306,
  "summary_bg_median": 18.3933048248291,
  "summary_bg_n": 513925.0,
  "summary_bg_p05": 5.054393291473389,
  "summary_bg_p95": 183.61924743652344,
  "summary_bg_stdv": 64.03504316769735,
  "summary_fg_k": 2.8747735643154906,
  "summary_fg_mad": 111.0648595523093,
  "summary_fg_mean": 589.022326563019,
  "summary_fg_median": 585.64013671875,
  "summary_fg_n": 186491.0,
  "summary_fg_p05": 340.6025085449219,
  "summary_fg_p95": 826.3388671875,
  "summary_fg_stdv": 149.03855762479762,
  "tsnr": 34.51450865250081
}