{
  "aor": 0.0008055384615384615,
  "aqi": 0.02142023641025641,
  "bids_meta": {
    "EchoTime": 0.043,
    "FlipAngle": 80.0,
    "MagneticFieldStrength": 3.0,
    "Manufacturer": "SIEMENS",
    "ManufacturersModelName": "Verio",
    "MultibandAccelerationFactor": 4,
    "RepetitionTime": 2.0,
    "SliceTiming": [
      0.0,
      1.0575,
      0.1075,
      1.1625,
      0.2125,
      1.27,
      0.3175,
      1.375,
      0.4225,
      1.48,
      0.53,
      1.585,
      0.635,
      1.6925,
      0.74,
      1.7975,
      0.845,
      1.9025,
      0.9525,
      0.0,
      1.0575,
      0.1075,
      1.1625,
      0.2125,
      1.27,
      0.3175,
      1.375,
      0.4225,
      1.48,
      0.53,
      1.585,
      0.635,
      1.6925,
      0.74,
      1.7975,
      0.845,
      1.9025,
      0.9525,
      0.0,
      1.0575,
      0.1075,
      1.1625,
      0.2125,
      1.27,
      0.3175,
      1.375,
      0.4225,
      1.48,
      0.53,
      1.585,
      0.635,
      1.6925,
      0.74,
      1.7975,
      0.845,
      1.9025,
      0.9525,
      0.0,
      1.0575,
      0.1075,
      1.1625,
      0.2125,
      1.27,
      0.3175,
      1.375,
      0.4225,
      1.48,
      0.53,
      1.585,
      0.635,
      1.6925,
      0.74,
      1.7975,
      0.845,
      1.9025,
      0.9525
    ],
    "TaskName": "perception",
    "dataset": "ds001506",
    "modality": "bold",
    "run_id": 8,
    "session_id": "perceptionArtificialImage02",
    "subject_id": "01",
    "task_id": "perception"
  },
  "dummy_trs": 0,
  "dvars_nstd": 40.76670065649483,
  "dvars_std": 1.1926453077835049,
  "dvars_vstd": 0.9781913039690721,
  "efc": 0.5732595346049578,
  "fber": 1117.0902099609375,
  "fd_mean": 0.12490222402394048,
  "fd_num": 27,
  "fd_perc": 13.846153846153847,
  "fwhm_avg": 1.8416666666666666,
  "fwhm_x": 1.734765,
  "fwhm_y": 1.951415,
  "fwhm_z": 1.83882,
  "gcor": 0.0131933,
  "gsr_x": -0.011330725625157356,
  "gsr_y": 0.025537265464663506,
  "provenance": {
    "md5sum": "cf7a3babf3d482c5ada44ad19ccf935a",
    "settings": {
      "fd_thres": 0.2,
      "testing": false
    },
    "software": "mriqc",
    "version": "23.1.0"
  },
  "size_t": 195,
  "size_x": 96,
  "size_y": 96,
  "size_z": 76,
  "snr": 4.056503238341432,
  "spacing_tr": 2.0,
  "spacing_x": 2.0,
  "spacing_y": 2.0,
  "spacing_z": 2.0,
  "summary_bg_k": 12.407518436474794,
  "summary_bg_mad": 16.14135700115081,
  "summary_bg_mean": 49.10286041382111,
  "summary_bg_median": 17.958974838256836,
  "summary_bg_n": 512523.0,
  "summary_bg_p05": 5.569231033325195,
  "summary_bg_p95": 196.4564208984375,
  "summary_bg_stdv": 68.91114309251616,
  "summary_fg_k": 2.4854600175914054,
  "summary_fg_mad": 109.5604490370105,
  "summary_fg_mean": 605.2360224634104,
  "summary_fg_median": 600.2410278320312,
  "summary_fg_n": 187893.0,
  "summary_fg_p05": 361.953857421875,
  "summary_fg_p95": 846.3795166015625,
  "summary_fg_stdv": 147.96966630316626,
  "tsnr": 36.10341407475062
}