{
  "aor": 0.0012850769230769233,
  "aqi": 0.02689024717948718,
  "bids_meta": {
    "EchoTime": 0.043,
    "FlipAngle": 80.0,
    "MagneticFieldStrength": 3.0,
    "Manufacturer": "SIEMENS",
    "ManufacturersModelName": "Verio",
    "MultibandAccelerationFactor": 4,
    "RepetitionTime": 2.0,
    "SliceTiming": [
      0.0,
      1.0575,
      0.105,
      1.1625,
      0.2125,
      1.2675,
      0.3175,
      1.375,
      0.4225,
      1.48,
      0.5275,
      1.585,
      0.635,
      1.69,
      0.74,
      1.7975,
      0.845,
      1.9025,
      0.9525,
      0.0,
      1.0575,
      0.105,
      1.1625,
      0.2125,
      1.2675,
      0.3175,
      1.375,
      0.4225,
      1.48,
      0.5275,
      1.585,
      0.635,
      1.69,
      0.74,
      1.7975,
      0.845,
      1.9025,
      0.9525,
      0.0,
      1.0575,
      0.105,
      1.1625,
      0.2125,
      1.2675,
      0.3175,
      1.375,
      0.4225,
      1.48,
      0.5275,
      1.585,
      0.635,
      1.69,
      0.74,
      1.7975,
      0.845,
      1.9025,
      0.9525,
      0.0,
      1.0575,
      0.105,
      1.1625,
      0.2125,
      1.2675,
      0.3175,
      1.375,
      0.4225,
      1.48,
      0.5275,
      1.585,
      0.635,
      1.69,
      0.74,
      1.7975,
      0.845,
      1.9025,
      0.9525
    ],
    "TaskName": "perception",
    "dataset": "ds001506",
    "modality": "bold",
    "run_id": 6,
    "session_id": "perceptionArtificialImage02",
    "subject_id": "01",
    "task_id": "perception"
  },
  "dummy_trs": 0,
  "dvars_nstd": 41.859155930103086,
  "dvars_std": 1.1657756280412372,
  "dvars_vstd": 0.9764491758247424,
  "efc": 0.5722741129285561,
  "fber": 1126.4595947265625,
  "fd_mean": 0.17764184148469403,
  "fd_num": 61,
  "fd_perc": 31.28205128205128,
  "fwhm_avg": 1.868225,
  "fwhm_x": 1.757495,
  "fwhm_y": 1.98383,
  "fwhm_z": 1.86335,
  "gcor": 0.011679,
  "gsr_x": -0.010668108239769936,
  "gsr_y": 0.025915607810020447,
  "provenance": {
    "md5sum": "f1915df3236ced80887ca78163e56591",
    "settings": {
      "fd_thres": 0.2,
      "testing": false
    },
    "software": "mriqc",
    "version": "23.1.0"
  },
  "size_t": 195,
  "size_x": 96,
  "size_y": 96,
  "size_z": 76,
  "snr": 4.043367099216442,
  "spacing_tr": 2.0,
  "spacing_x": 2.0,
  "spacing_y": 2.0,
  "spacing_z": 2.0,
  "summary_bg_k": 12.492605495712864,
  "summary_bg_mad": 16.30862440356162,
  "summary_bg_mean": 48.513105729056555,
  "summary_bg_median": 17.851282119750977,
  "summary_bg_n": 512539.0,
  "summary_bg_p05": 5.251282215118408,
  "summary_bg_p95": 193.23590087890625,
  "summary_bg_stdv": 67.9414561567186,
  "summary_fg_k": 2.473718799117716,
  "summary_fg_mad": 110.00910271128728,
  "summary_fg_mean": 604.0930972776551,
  "summary_fg_median": 599.1384887695312,
  "summary_fg_n": 187877.0,
  "summary_fg_p05": 359.5897521972656,
  "summary_fg_p95": 845.7589721679688,
  "summary_fg_stdv": 148.17771415978524,
  "tsnr": 31.418091617524624
}