{
  "aor": 0.001156153846153846,
  "aqi": 0.018155543076923075,
  "bids_meta": {
    "EchoTime": 0.043,
    "FlipAngle": 80.0,
    "MagneticFieldStrength": 3.0,
    "Manufacturer": "SIEMENS",
    "ManufacturersModelName": "Verio",
    "MultibandAccelerationFactor": 4,
    "RepetitionTime": 2.0,
    "SliceTiming": [
      0.0,
      1.0575,
      0.1075,
      1.1625,
      0.2125,
      1.2675,
      0.3175,
      1.375,
      0.4225,
      1.48,
      0.53,
      1.585,
      0.635,
      1.69,
      0.74,
      1.7975,
      0.845,
      1.9025,
      0.9525,
      0.0,
      1.0575,
      0.1075,
      1.1625,
      0.2125,
      1.2675,
      0.3175,
      1.375,
      0.4225,
      1.48,
      0.53,
      1.585,
      0.635,
      1.69,
      0.74,
      1.7975,
      0.845,
      1.9025,
      0.9525,
      0.0,
      1.0575,
      0.1075,
      1.1625,
      0.2125,
      1.2675,
      0.3175,
      1.375,
      0.4225,
      1.48,
      0.53,
      1.585,
      0.635,
      1.69,
      0.74,
      1.7975,
      0.845,
      1.9025,
      0.9525,
      0.0,
      1.0575,
      0.1075,
      1.1625,
      0.2125,
      1.2675,
      0.3175,
      1.375,
      0.4225,
      1.48,
      0.53,
      1.585,
      0.635,
      1.69,
      0.74,
      1.7975,
      0.845,
      1.9025,
      0.9525
    ],
    "TaskName": "perception",
    "dataset": "ds001506",
    "modality": "bold",
    "run_id": 10,
    "session_id": "perceptionArtificialImage02",
    "subject_id": "01",
    "task_id": "perception"
  },
  "dummy_trs": 0,
  "dvars_nstd": 39.160953029999995,
  "dvars_std": 1.1960269281958762,
  "dvars_vstd": 0.9970815067010307,
  "efc": 0.5737710799884628,
  "fber": 1100.140869140625,
  "fd_mean": 0.11149403164333681,
  "fd_num": 20,
  "fd_perc": 10.256410256410257,
  "fwhm_avg": 1.8270466666666667,
  "fwhm_x": 1.72298,
  "fwhm_y": 1.9402,
  "fwhm_z": 1.81796,
  "gcor": 0.0131787,
  "gsr_x": -0.01103796437382698,
  "gsr_y": 0.025335168465971947,
  "provenance": {
    "md5sum": "cb5f8927f41140d6d84cd0411d5fec5e",
    "settings": {
      "fd_thres": 0.2,
      "testing": false
    },
    "software": "mriqc",
    "version": "23.1.0"
  },
  "size_t": 195,
  "size_x": 96,
  "size_y": 96,
  "size_z": 76,
  "snr": 4.0502597469954384,
  "spacing_tr": 2.0,
  "spacing_x": 2.0,
  "spacing_y": 2.0,
  "spacing_z": 2.0,
  "summary_bg_k": 12.273999291381307,
  "summary_bg_mad": 16.141356294190977,
  "summary_bg_mean": 49.18327907396924,
  "summary_bg_median": 18.061538696289062,
  "summary_bg_n": 512258.0,
  "summary_bg_p05": 5.6307692527771,
  "summary_bg_p95": 196.964111328125,
  "summary_bg_stdv": 69.05850253811361,
  "summary_fg_k": 2.501776669683043,
  "summary_fg_mad": 109.17654157167786,
  "summary_fg_mean": 603.9820097863505,
  "summary_fg_median": 599.0718383789062,
  "summary_fg_n": 188158.0,
  "summary_fg_p05": 360.9794921875,
  "summary_fg_p95": 845.7025756835938,
  "summary_fg_stdv": 147.9090932088819,
  "tsnr": 38.737590049859136
}