{
  "aor": 0.0019799163179916317,
  "aqi": 0.020040999581589957,
  "bids_meta": {
    "EchoTime": 0.043,
    "FlipAngle": 80.0,
    "MagneticFieldStrength": 3.0,
    "Manufacturer": "SIEMENS",
    "ManufacturersModelName": "Verio",
    "MultibandAccelerationFactor": 4,
    "RepetitionTime": 2.0,
    "SliceTiming": [
      0.0,
      1.055,
      0.105,
      1.16,
      0.21,
      1.2675,
      0.315,
      1.3725,
      0.4225,
      1.4775,
      0.5275,
      1.585,
      0.6325,
      1.69,
      0.7375,
      1.795,
      0.845,
      1.9,
      0.95,
      0.0,
      1.055,
      0.105,
      1.16,
      0.21,
      1.2675,
      0.315,
      1.3725,
      0.4225,
      1.4775,
      0.5275,
      1.585,
      0.6325,
      1.69,
      0.7375,
      1.795,
      0.845,
      1.9,
      0.95,
      0.0,
      1.055,
      0.105,
      1.16,
      0.21,
      1.2675,
      0.315,
      1.3725,
      0.4225,
      1.4775,
      0.5275,
      1.585,
      0.6325,
      1.69,
      0.7375,
      1.795,
      0.845,
      1.9,
      0.95,
      0.0,
      1.055,
      0.105,
      1.16,
      0.21,
      1.2675,
      0.315,
      1.3725,
      0.4225,
      1.4775,
      0.5275,
      1.585,
      0.6325,
      1.69,
      0.7375,
      1.795,
      0.845,
      1.9,
      0.95
    ],
    "TaskName": "perception",
    "dataset": "ds001506",
    "modality": "bold",
    "run_id": 4,
    "session_id": "perceptionNaturalImageTraining08",
    "subject_id": "02",
    "task_id": "perception"
  },
  "dummy_trs": 0,
  "dvars_nstd": 44.08748458420169,
  "dvars_std": 1.1944993293277304,
  "dvars_vstd": 1.0223361166806717,
  "efc": 0.5567983587473856,
  "fber": 1005.1987915039062,
  "fd_mean": 0.11703102610596569,
  "fd_num": 30,
  "fd_perc": 12.552301255230125,
  "fwhm_avg": 1.8606266666666667,
  "fwhm_x": 1.760865,
  "fwhm_y": 2.05334,
  "fwhm_z": 1.767675,
  "gcor": 0.0237728,
  "gsr_x": -0.017117297276854515,
  "gsr_y": 0.054613180458545685,
  "provenance": {
    "md5sum": "222fe5328011daa26baa0f2966df6508",
    "settings": {
      "fd_thres": 0.2,
      "testing": false
    },
    "software": "mriqc",
    "version": "23.1.0"
  },
  "size_t": 239,
  "size_x": 96,
  "size_y": 96,
  "size_z": 76,
  "snr": 4.394950604433618,
  "spacing_tr": 2.0,
  "spacing_x": 2.0,
  "spacing_y": 2.0,
  "spacing_z": 2.0,
  "summary_bg_k": 24.04424315942498,
  "summary_bg_mad": 12.989826938668909,
  "summary_bg_mean": 38.66099290164691,
  "summary_bg_median": 15.807531356811523,
  "summary_bg_n": 527510.0,
  "summary_bg_p05": 5.698744773864746,
  "summary_bg_p95": 155.74058532714844,
  "summary_bg_stdv": 58.0596619159697,
  "summary_fg_k": 3.38828968598059,
  "summary_fg_mad": 82.5170751231411,
  "summary_fg_mean": 492.4017806865232,
  "summary_fg_median": 501.17572021484375,
  "summary_fg_n": 172906.0,
  "summary_fg_p05": 278.10040283203125,
  "summary_fg_p95": 645.8367919921875,
  "summary_fg_stdv": 114.03410778609394,
  "tsnr": 36.53244487568736
}