{
  "aor": 0.0003966108786610879,
  "aqi": 0.013412210878661087,
  "bids_meta": {
    "EchoTime": 0.043,
    "FlipAngle": 80.0,
    "MagneticFieldStrength": 3.0,
    "Manufacturer": "SIEMENS",
    "ManufacturersModelName": "Verio",
    "MultibandAccelerationFactor": 4,
    "RepetitionTime": 2.0,
    "SliceTiming": [
      0.0,
      1.055,
      0.105,
      1.1625,
      0.21,
      1.2675,
      0.3175,
      1.3725,
      0.4225,
      1.48,
      0.5275,
      1.585,
      0.6325,
      1.69,
      0.74,
      1.795,
      0.845,
      1.9025,
      0.95,
      0.0,
      1.055,
      0.105,
      1.1625,
      0.21,
      1.2675,
      0.3175,
      1.3725,
      0.4225,
      1.48,
      0.5275,
      1.585,
      0.6325,
      1.69,
      0.74,
      1.795,
      0.845,
      1.9025,
      0.95,
      0.0,
      1.055,
      0.105,
      1.1625,
      0.21,
      1.2675,
      0.3175,
      1.3725,
      0.4225,
      1.48,
      0.5275,
      1.585,
      0.6325,
      1.69,
      0.74,
      1.795,
      0.845,
      1.9025,
      0.95,
      0.0,
      1.055,
      0.105,
      1.1625,
      0.21,
      1.2675,
      0.3175,
      1.3725,
      0.4225,
      1.48,
      0.5275,
      1.585,
      0.6325,
      1.69,
      0.74,
      1.795,
      0.845,
      1.9025,
      0.95
    ],
    "TaskName": "perception",
    "dataset": "ds001506",
    "modality": "bold",
    "run_id": 7,
    "session_id": "perceptionNaturalImageTraining08",
    "subject_id": "02",
    "task_id": "perception"
  },
  "dummy_trs": 0,
  "dvars_nstd": 41.06943345256305,
  "dvars_std": 1.2144579734033603,
  "dvars_vstd": 1.0036785505882353,
  "efc": 0.5558414598116285,
  "fber": 1044.4656982421875,
  "fd_mean": 0.03830790190917208,
  "fd_num": 1,
  "fd_perc": 0.41841004184100417,
  "fwhm_avg": 1.835585,
  "fwhm_x": 1.744725,
  "fwhm_y": 2.0091,
  "fwhm_z": 1.75293,
  "gcor": 0.0188704,
  "gsr_x": -0.0153956925496459,
  "gsr_y": 0.05463452637195587,
  "provenance": {
    "md5sum": "e1e9e3fa8d40df4837d95bf4f0221230",
    "settings": {
      "fd_thres": 0.2,
      "testing": false
    },
    "software": "mriqc",
    "version": "23.1.0"
  },
  "size_t": 239,
  "size_x": 96,
  "size_y": 96,
  "size_z": 76,
  "snr": 4.382241318629731,
  "spacing_tr": 2.0,
  "spacing_x": 2.0,
  "spacing_y": 2.0,
  "spacing_z": 2.0,
  "summary_bg_k": 25.65983438611842,
  "summary_bg_mad": 12.530779540991789,
  "summary_bg_mean": 38.32171306649299,
  "summary_bg_median": 15.4769868850708,
  "summary_bg_n": 527653.0,
  "summary_bg_p05": 5.70292854309082,
  "summary_bg_p95": 153.7740478515625,
  "summary_bg_stdv": 57.844091664748355,
  "summary_fg_k": 3.2467488710765284,
  "summary_fg_mad": 82.36817241619829,
  "summary_fg_mean": 491.3202353997863,
  "summary_fg_median": 500.1882629394531,
  "summary_fg_n": 172763.0,
  "summary_fg_p05": 276.94140625,
  "summary_fg_p95": 645.09619140625,
  "summary_fg_stdv": 114.13949596910717,
  "tsnr": 42.77760655153543
}