{
  "aor": 0.0005036820083682008,
  "aqi": 0.015635467364016737,
  "bids_meta": {
    "EchoTime": 0.043,
    "FlipAngle": 80.0,
    "MagneticFieldStrength": 3.0,
    "Manufacturer": "SIEMENS",
    "ManufacturersModelName": "Verio",
    "MultibandAccelerationFactor": 4,
    "RepetitionTime": 2.0,
    "SliceTiming": [
      0.0,
      1.0575,
      0.1075,
      1.1625,
      0.2125,
      1.27,
      0.3175,
      1.375,
      0.4225,
      1.48,
      0.53,
      1.585,
      0.635,
      1.6925,
      0.74,
      1.7975,
      0.8475,
      1.9025,
      0.9525,
      0.0,
      1.0575,
      0.1075,
      1.1625,
      0.2125,
      1.27,
      0.3175,
      1.375,
      0.4225,
      1.48,
      0.53,
      1.585,
      0.635,
      1.6925,
      0.74,
      1.7975,
      0.8475,
      1.9025,
      0.9525,
      0.0,
      1.0575,
      0.1075,
      1.1625,
      0.2125,
      1.27,
      0.3175,
      1.375,
      0.4225,
      1.48,
      0.53,
      1.585,
      0.635,
      1.6925,
      0.74,
      1.7975,
      0.8475,
      1.9025,
      0.9525,
      0.0,
      1.0575,
      0.1075,
      1.1625,
      0.2125,
      1.27,
      0.3175,
      1.375,
      0.4225,
      1.48,
      0.53,
      1.585,
      0.635,
      1.6925,
      0.74,
      1.7975,
      0.8475,
      1.9025,
      0.9525
    ],
    "TaskName": "perception",
    "dataset": "ds001506",
    "modality": "bold",
    "run_id": 1,
    "session_id": "perceptionNaturalImageTraining06",
    "subject_id": "02",
    "task_id": "perception"
  },
  "dummy_trs": 0,
  "dvars_nstd": 41.83687474542016,
  "dvars_std": 1.2319967622689088,
  "dvars_vstd": 0.9982184992016804,
  "efc": 0.5582452592944587,
  "fber": 935.62939453125,
  "fd_mean": 0.050596419838094424,
  "fd_num": 0,
  "fd_perc": 0.0,
  "fwhm_avg": 1.8530416666666667,
  "fwhm_x": 1.75144,
  "fwhm_y": 2.03141,
  "fwhm_z": 1.776275,
  "gcor": 0.0259202,
  "gsr_x": -0.02056245133280754,
  "gsr_y": 0.05647692829370499,
  "provenance": {
    "md5sum": "7fcbf48216046bc415e7657dcfebf71d",
    "settings": {
      "fd_thres": 0.2,
      "testing": false
    },
    "software": "mriqc",
    "version": "23.1.0"
  },
  "size_t": 239,
  "size_x": 96,
  "size_y": 96,
  "size_z": 76,
  "snr": 4.382486733390577,
  "spacing_tr": 2.0,
  "spacing_x": 2.0,
  "spacing_y": 2.0,
  "spacing_z": 2.0,
  "summary_bg_k": 23.61492003495021,
  "summary_bg_mad": 14.174668281758098,
  "summary_bg_mean": 39.76749121466125,
  "summary_bg_median": 16.748952865600586,
  "summary_bg_n": 526849.0,
  "summary_bg_p05": 5.652719497680664,
  "summary_bg_p95": 157.7531280517578,
  "summary_bg_stdv": 58.61328191131153,
  "summary_fg_k": 3.443965670459229,
  "summary_fg_mad": 85.56290691468652,
  "summary_fg_mean": 504.9490385225303,
  "summary_fg_median": 512.3179931640625,
  "summary_fg_n": 173567.0,
  "summary_fg_p05": 287.7113037109375,
  "summary_fg_p95": 665.907958984375,
  "summary_fg_stdv": 116.90087123544372,
  "tsnr": 41.09924503788352
}