{
  "aor": 0.003101476793248945,
  "aqi": 0.031312616455696204,
  "bids_meta": {
    "EchoTime": 0.043,
    "FlipAngle": 80.0,
    "MagneticFieldStrength": 3.0,
    "Manufacturer": "SIEMENS",
    "ManufacturersModelName": "Verio",
    "MultibandAccelerationFactor": 4,
    "RepetitionTime": 2.0,
    "SliceTiming": [
      0.0,
      1.055,
      0.105,
      1.1625,
      0.21,
      1.2675,
      0.3175,
      1.3725,
      0.4225,
      1.48,
      0.5275,
      1.585,
      0.6325,
      1.69,
      0.74,
      1.795,
      0.845,
      1.9025,
      0.95,
      0.0,
      1.055,
      0.105,
      1.1625,
      0.21,
      1.2675,
      0.3175,
      1.3725,
      0.4225,
      1.48,
      0.5275,
      1.585,
      0.6325,
      1.69,
      0.74,
      1.795,
      0.845,
      1.9025,
      0.95,
      0.0,
      1.055,
      0.105,
      1.1625,
      0.21,
      1.2675,
      0.3175,
      1.3725,
      0.4225,
      1.48,
      0.5275,
      1.585,
      0.6325,
      1.69,
      0.74,
      1.795,
      0.845,
      1.9025,
      0.95,
      0.0,
      1.055,
      0.105,
      1.1625,
      0.21,
      1.2675,
      0.3175,
      1.3725,
      0.4225,
      1.48,
      0.5275,
      1.585,
      0.6325,
      1.69,
      0.74,
      1.795,
      0.845,
      1.9025,
      0.95
    ],
    "TaskName": "perception",
    "dataset": "ds001506",
    "modality": "bold",
    "run_id": 8,
    "session_id": "perceptionNaturalImageTraining06",
    "subject_id": "01",
    "task_id": "perception"
  },
  "dummy_trs": 2,
  "dvars_nstd": 48.40746310580508,
  "dvars_std": 1.2288263527118646,
  "dvars_vstd": 1.0161341744491519,
  "efc": 0.5633863315789314,
  "fber": 1077.9232177734375,
  "fd_mean": 0.22023209351607567,
  "fd_num": 104,
  "fd_perc": 43.881856540084385,
  "fwhm_avg": 1.90212,
  "fwhm_x": 1.783095,
  "fwhm_y": 2.088025,
  "fwhm_z": 1.83524,
  "gcor": 0.022901,
  "gsr_x": -0.006850832141935825,
  "gsr_y": 0.03837304562330246,
  "provenance": {
    "md5sum": "491cf0af8ea7ce0517f16457a1ae11f8",
    "settings": {
      "fd_thres": 0.2,
      "testing": false
    },
    "software": "mriqc",
    "version": "23.1.0"
  },
  "size_t": 237,
  "size_x": 96,
  "size_y": 96,
  "size_z": 76,
  "snr": 3.8786415090463975,
  "spacing_tr": 2.0,
  "spacing_x": 2.0,
  "spacing_y": 2.0,
  "spacing_z": 2.0,
  "summary_bg_k": 13.593781585399348,
  "summary_bg_mad": 17.06556417118328,
  "summary_bg_mean": 46.110610306022544,
  "summary_bg_median": 18.556961059570312,
  "summary_bg_n": 514233.0,
  "summary_bg_p05": 4.907172679901123,
  "summary_bg_p95": 183.74261474609375,
  "summary_bg_stdv": 64.99290920830687,
  "summary_fg_k": 2.5210154811533094,
  "summary_fg_mad": 117.91999450487839,
  "summary_fg_mean": 615.706854475458,
  "summary_fg_median": 609.25732421875,
  "summary_fg_n": 186183.0,
  "summary_fg_p05": 358.75103759765625,
  "summary_fg_p95": 873.7088012695312,
  "summary_fg_stdv": 157.07965962227516,
  "tsnr": 27.709213233785704
}