{
  "aor": 0.0015458158995815896,
  "aqi": 0.021515265271966528,
  "bids_meta": {
    "EchoTime": 0.043,
    "FlipAngle": 80.0,
    "MagneticFieldStrength": 3.0,
    "Manufacturer": "SIEMENS",
    "ManufacturersModelName": "Verio",
    "MultibandAccelerationFactor": 4,
    "RepetitionTime": 2.0,
    "SliceTiming": [
      0.0,
      1.0575,
      0.105,
      1.1625,
      0.2125,
      1.2675,
      0.3175,
      1.375,
      0.4225,
      1.48,
      0.5275,
      1.585,
      0.635,
      1.69,
      0.74,
      1.7975,
      0.845,
      1.9025,
      0.9525,
      0.0,
      1.0575,
      0.105,
      1.1625,
      0.2125,
      1.2675,
      0.3175,
      1.375,
      0.4225,
      1.48,
      0.5275,
      1.585,
      0.635,
      1.69,
      0.74,
      1.7975,
      0.845,
      1.9025,
      0.9525,
      0.0,
      1.0575,
      0.105,
      1.1625,
      0.2125,
      1.2675,
      0.3175,
      1.375,
      0.4225,
      1.48,
      0.5275,
      1.585,
      0.635,
      1.69,
      0.74,
      1.7975,
      0.845,
      1.9025,
      0.9525,
      0.0,
      1.0575,
      0.105,
      1.1625,
      0.2125,
      1.2675,
      0.3175,
      1.375,
      0.4225,
      1.48,
      0.5275,
      1.585,
      0.635,
      1.69,
      0.74,
      1.7975,
      0.845,
      1.9025,
      0.9525
    ],
    "TaskName": "perception",
    "dataset": "ds001506",
    "modality": "bold",
    "run_id": 8,
    "session_id": "perceptionNaturalImageTraining04",
    "subject_id": "01",
    "task_id": "perception"
  },
  "dummy_trs": 0,
  "dvars_nstd": 48.77301514268907,
  "dvars_std": 1.2815076644957988,
  "dvars_vstd": 1.0073204634033608,
  "efc": 0.5715121049379933,
  "fber": 861.809326171875,
  "fd_mean": 0.19094651012704747,
  "fd_num": 86,
  "fd_perc": 35.98326359832636,
  "fwhm_avg": 1.8899083333333335,
  "fwhm_x": 1.77899,
  "fwhm_y": 2.072775,
  "fwhm_z": 1.81796,
  "gcor": 0.0314176,
  "gsr_x": -0.01176757737994194,
  "gsr_y": 0.030690424144268036,
  "provenance": {
    "md5sum": "ddf58f79929e2c0068af02e6a23593b8",
    "settings": {
      "fd_thres": 0.2,
      "testing": false
    },
    "software": "mriqc",
    "version": "23.1.0"
  },
  "size_t": 239,
  "size_x": 96,
  "size_y": 96,
  "size_z": 76,
  "snr": 3.8186533095806645,
  "spacing_tr": 2.0,
  "spacing_x": 2.0,
  "spacing_y": 2.0,
  "spacing_z": 2.0,
  "summary_bg_k": 12.89614735911431,
  "summary_bg_mad": 19.44752109390612,
  "summary_bg_mean": 49.2651151440949,
  "summary_bg_median": 20.451881408691406,
  "summary_bg_n": 512971.0,
  "summary_bg_p05": 5.1338911056518555,
  "summary_bg_p95": 194.39749145507812,
  "summary_bg_stdv": 68.01544402014738,
  "summary_fg_k": 2.865446344303135,
  "summary_fg_mad": 117.10078076683327,
  "summary_fg_mean": 608.5634237524839,
  "summary_fg_median": 600.3974609375,
  "summary_fg_n": 187445.0,
  "summary_fg_p05": 355.2928771972656,
  "summary_fg_p95": 869.9581298828125,
  "summary_fg_stdv": 157.22711928295396,
  "tsnr": 33.035598252899945
}