{
  "aor": 0.005835230125523012,
  "aqi": 0.031923581589958165,
  "bids_meta": {
    "EchoTime": 0.043,
    "FlipAngle": 80.0,
    "MagneticFieldStrength": 3.0,
    "Manufacturer": "SIEMENS",
    "ManufacturersModelName": "Verio",
    "MultibandAccelerationFactor": 4,
    "RepetitionTime": 2.0,
    "SliceTiming": [
      0.0,
      1.0575,
      0.105,
      1.1625,
      0.2125,
      1.2675,
      0.3175,
      1.375,
      0.4225,
      1.48,
      0.53,
      1.585,
      0.635,
      1.69,
      0.74,
      1.7975,
      0.845,
      1.9025,
      0.9525,
      0.0,
      1.0575,
      0.105,
      1.1625,
      0.2125,
      1.2675,
      0.3175,
      1.375,
      0.4225,
      1.48,
      0.53,
      1.585,
      0.635,
      1.69,
      0.74,
      1.7975,
      0.845,
      1.9025,
      0.9525,
      0.0,
      1.0575,
      0.105,
      1.1625,
      0.2125,
      1.2675,
      0.3175,
      1.375,
      0.4225,
      1.48,
      0.53,
      1.585,
      0.635,
      1.69,
      0.74,
      1.7975,
      0.845,
      1.9025,
      0.9525,
      0.0,
      1.0575,
      0.105,
      1.1625,
      0.2125,
      1.2675,
      0.3175,
      1.375,
      0.4225,
      1.48,
      0.53,
      1.585,
      0.635,
      1.69,
      0.74,
      1.7975,
      0.845,
      1.9025,
      0.9525
    ],
    "TaskName": "perception",
    "dataset": "ds001506",
    "modality": "bold",
    "run_id": 7,
    "session_id": "perceptionNaturalImageTraining04",
    "subject_id": "01",
    "task_id": "perception"
  },
  "dummy_trs": 0,
  "dvars_nstd": 44.98068862399159,
  "dvars_std": 1.2597274089495798,
  "dvars_vstd": 1.0363143080672275,
  "efc": 0.5711918959940097,
  "fber": 870.7050170898438,
  "fd_mean": 0.14885863170323235,
  "fd_num": 58,
  "fd_perc": 24.267782426778243,
  "fwhm_avg": 1.92126,
  "fwhm_x": 1.800575,
  "fwhm_y": 2.105115,
  "fwhm_z": 1.85809,
  "gcor": 0.015501,
  "gsr_x": -0.012422326020896435,
  "gsr_y": 0.03158142417669296,
  "provenance": {
    "md5sum": "507727072738ba9914dec88a69108956",
    "settings": {
      "fd_thres": 0.2,
      "testing": false
    },
    "software": "mriqc",
    "version": "23.1.0"
  },
  "size_t": 239,
  "size_x": 96,
  "size_y": 96,
  "size_z": 76,
  "snr": 3.845431344241655,
  "spacing_tr": 2.0,
  "spacing_x": 2.0,
  "spacing_y": 2.0,
  "spacing_z": 2.0,
  "summary_bg_k": 13.238627956888507,
  "summary_bg_mad": 18.920237933570803,
  "summary_bg_mean": 48.98692131676465,
  "summary_bg_median": 20.347280502319336,
  "summary_bg_n": 513168.0,
  "summary_bg_p05": 5.410041809082031,
  "summary_bg_p95": 192.2970733642578,
  "summary_bg_stdv": 67.40877508240109,
  "summary_fg_k": 2.9384292812553445,
  "summary_fg_mad": 115.86630448113665,
  "summary_fg_mean": 608.8259427818001,
  "summary_fg_median": 600.4016723632812,
  "summary_fg_n": 187248.0,
  "summary_fg_p05": 356.0418395996094,
  "summary_fg_p95": 868.0794677734375,
  "summary_fg_stdv": 156.13334770216315,
  "tsnr": 27.275194879621267
}