{
  "aor": 0.00298979079497908,
  "aqi": 0.023168432217573223,
  "bids_meta": {
    "EchoTime": 0.043,
    "FlipAngle": 80.0,
    "MagneticFieldStrength": 3.0,
    "Manufacturer": "SIEMENS",
    "ManufacturersModelName": "Verio",
    "MultibandAccelerationFactor": 4,
    "RepetitionTime": 2.0,
    "SliceTiming": [
      0.0,
      1.0575,
      0.1075,
      1.1625,
      0.2125,
      1.2675,
      0.3175,
      1.375,
      0.4225,
      1.48,
      0.53,
      1.585,
      0.635,
      1.6925,
      0.74,
      1.7975,
      0.845,
      1.9025,
      0.9525,
      0.0,
      1.0575,
      0.1075,
      1.1625,
      0.2125,
      1.2675,
      0.3175,
      1.375,
      0.4225,
      1.48,
      0.53,
      1.585,
      0.635,
      1.6925,
      0.74,
      1.7975,
      0.845,
      1.9025,
      0.9525,
      0.0,
      1.0575,
      0.1075,
      1.1625,
      0.2125,
      1.2675,
      0.3175,
      1.375,
      0.4225,
      1.48,
      0.53,
      1.585,
      0.635,
      1.6925,
      0.74,
      1.7975,
      0.845,
      1.9025,
      0.9525,
      0.0,
      1.0575,
      0.1075,
      1.1625,
      0.2125,
      1.2675,
      0.3175,
      1.375,
      0.4225,
      1.48,
      0.53,
      1.585,
      0.635,
      1.6925,
      0.74,
      1.7975,
      0.845,
      1.9025,
      0.9525
    ],
    "TaskName": "perception",
    "dataset": "ds001506",
    "modality": "bold",
    "run_id": 1,
    "session_id": "perceptionNaturalImageTraining04",
    "subject_id": "01",
    "task_id": "perception"
  },
  "dummy_trs": 0,
  "dvars_nstd": 47.48487983827732,
  "dvars_std": 1.307294615672269,
  "dvars_vstd": 1.0240611131932773,
  "efc": 0.5686531553384949,
  "fber": 924.54052734375,
  "fd_mean": 0.15502104394536778,
  "fd_num": 56,
  "fd_perc": 23.430962343096233,
  "fwhm_avg": 1.897085,
  "fwhm_x": 1.783675,
  "fwhm_y": 2.082045,
  "fwhm_z": 1.825535,
  "gcor": 0.0335501,
  "gsr_x": -0.01355647575110197,
  "gsr_y": 0.03264955058693886,
  "provenance": {
    "md5sum": "05c88def33a43b446b7082a0045ae2b0",
    "settings": {
      "fd_thres": 0.2,
      "testing": false
    },
    "software": "mriqc",
    "version": "23.1.0"
  },
  "size_t": 239,
  "size_x": 96,
  "size_y": 96,
  "size_z": 76,
  "snr": 3.8277601771814105,
  "spacing_tr": 2.0,
  "spacing_x": 2.0,
  "spacing_y": 2.0,
  "spacing_z": 2.0,
  "summary_bg_k": 13.82435006972996,
  "summary_bg_mad": 18.814779322016218,
  "summary_bg_mean": 47.747621553019854,
  "summary_bg_median": 19.928869247436523,
  "summary_bg_n": 512002.0,
  "summary_bg_p05": 4.907949447631836,
  "summary_bg_p95": 188.7029266357422,
  "summary_bg_stdv": 66.693865438019,
  "summary_fg_k": 2.999371144382441,
  "summary_fg_mad": 118.31353924659476,
  "summary_fg_mean": 613.9543823623143,
  "summary_fg_median": 605.9623413085938,
  "summary_fg_n": 188414.0,
  "summary_fg_p05": 358.17572021484375,
  "summary_fg_p95": 878.3137817382812,
  "summary_fg_stdv": 158.30687012681287,
  "tsnr": 31.95731042639818
}