{
  "aor": 0.0003614644351464435,
  "aqi": 0.016734414644351464,
  "bids_meta": {
    "EchoTime": 0.043,
    "FlipAngle": 80.0,
    "MagneticFieldStrength": 3.0,
    "Manufacturer": "SIEMENS",
    "ManufacturersModelName": "Verio",
    "MultibandAccelerationFactor": 4,
    "RepetitionTime": 2.0,
    "SliceTiming": [
      0.0,
      1.0575,
      0.105,
      1.1625,
      0.2125,
      1.2675,
      0.3175,
      1.3725,
      0.4225,
      1.48,
      0.5275,
      1.585,
      0.635,
      1.69,
      0.74,
      1.795,
      0.845,
      1.9025,
      0.95,
      0.0,
      1.0575,
      0.105,
      1.1625,
      0.2125,
      1.2675,
      0.3175,
      1.3725,
      0.4225,
      1.48,
      0.5275,
      1.585,
      0.635,
      1.69,
      0.74,
      1.795,
      0.845,
      1.9025,
      0.95,
      0.0,
      1.0575,
      0.105,
      1.1625,
      0.2125,
      1.2675,
      0.3175,
      1.3725,
      0.4225,
      1.48,
      0.5275,
      1.585,
      0.635,
      1.69,
      0.74,
      1.795,
      0.845,
      1.9025,
      0.95,
      0.0,
      1.0575,
      0.105,
      1.1625,
      0.2125,
      1.2675,
      0.3175,
      1.3725,
      0.4225,
      1.48,
      0.5275,
      1.585,
      0.635,
      1.69,
      0.74,
      1.795,
      0.845,
      1.9025,
      0.95
    ],
    "TaskName": "perception",
    "dataset": "ds001506",
    "modality": "bold",
    "run_id": 6,
    "session_id": "perceptionNaturalImageTraining01",
    "subject_id": "02",
    "task_id": "perception"
  },
  "dummy_trs": 0,
  "dvars_nstd": 44.70798606201683,
  "dvars_std": 1.2951172361764711,
  "dvars_vstd": 0.9911571429831931,
  "efc": 0.5594275225594117,
  "fber": 933.5185546875,
  "fd_mean": 0.07079662433102264,
  "fd_num": 4,
  "fd_perc": 1.6736401673640167,
  "fwhm_avg": 1.8555166666666667,
  "fwhm_x": 1.750925,
  "fwhm_y": 2.05335,
  "fwhm_z": 1.762275,
  "gcor": 0.0192383,
  "gsr_x": -0.02204427495598793,
  "gsr_y": 0.05296233296394348,
  "provenance": {
    "md5sum": "ce9d124f4194682970e8f5c74ec181a0",
    "settings": {
      "fd_thres": 0.2,
      "testing": false
    },
    "software": "mriqc",
    "version": "23.1.0"
  },
  "size_t": 239,
  "size_x": 96,
  "size_y": 96,
  "size_z": 76,
  "snr": 4.368054804584755,
  "spacing_tr": 2.0,
  "spacing_x": 2.0,
  "spacing_y": 2.0,
  "spacing_z": 2.0,
  "summary_bg_k": 23.32582377483041,
  "summary_bg_mad": 14.708159256348507,
  "summary_bg_mean": 41.99186342093975,
  "summary_bg_median": 17.2719669342041,
  "summary_bg_n": 528078.0,
  "summary_bg_p05": 5.782426834106445,
  "summary_bg_p95": 168.1757354736328,
  "summary_bg_stdv": 61.844730249768254,
  "summary_fg_k": 3.094570113147662,
  "summary_fg_mad": 87.56031162471301,
  "summary_fg_mean": 518.5993444927991,
  "summary_fg_median": 527.7196655273438,
  "summary_fg_n": 172338.0,
  "summary_fg_p05": 292.90374755859375,
  "summary_fg_p95": 681.761474609375,
  "summary_fg_stdv": 120.81307540169604,
  "tsnr": 39.72572986315936
}