{
  "aor": 0.0003564853556485356,
  "aqi": 0.014116678242677825,
  "bids_meta": {
    "EchoTime": 0.043,
    "FlipAngle": 80.0,
    "MagneticFieldStrength": 3.0,
    "Manufacturer": "SIEMENS",
    "ManufacturersModelName": "Verio",
    "MultibandAccelerationFactor": 4,
    "RepetitionTime": 2.0,
    "SliceTiming": [
      0.0,
      1.0575,
      0.1075,
      1.1625,
      0.2125,
      1.27,
      0.3175,
      1.375,
      0.425,
      1.48,
      0.53,
      1.585,
      0.635,
      1.6925,
      0.74,
      1.7975,
      0.8475,
      1.9025,
      0.9525,
      0.0,
      1.0575,
      0.1075,
      1.1625,
      0.2125,
      1.27,
      0.3175,
      1.375,
      0.425,
      1.48,
      0.53,
      1.585,
      0.635,
      1.6925,
      0.74,
      1.7975,
      0.8475,
      1.9025,
      0.9525,
      0.0,
      1.0575,
      0.1075,
      1.1625,
      0.2125,
      1.27,
      0.3175,
      1.375,
      0.425,
      1.48,
      0.53,
      1.585,
      0.635,
      1.6925,
      0.74,
      1.7975,
      0.8475,
      1.9025,
      0.9525,
      0.0,
      1.0575,
      0.1075,
      1.1625,
      0.2125,
      1.27,
      0.3175,
      1.375,
      0.425,
      1.48,
      0.53,
      1.585,
      0.635,
      1.6925,
      0.74,
      1.7975,
      0.8475,
      1.9025,
      0.9525
    ],
    "TaskName": "perception",
    "dataset": "ds001506",
    "modality": "bold",
    "run_id": 1,
    "session_id": "perceptionNaturalImageTraining01",
    "subject_id": "02",
    "task_id": "perception"
  },
  "dummy_trs": 0,
  "dvars_nstd": 42.517027237857135,
  "dvars_std": 1.287237835294118,
  "dvars_vstd": 0.9977301229831929,
  "efc": 0.5590457166329724,
  "fber": 901.541015625,
  "fd_mean": 0.042377744683023875,
  "fd_num": 1,
  "fd_perc": 0.41841004184100417,
  "fwhm_avg": 1.8618666666666668,
  "fwhm_x": 1.75954,
  "fwhm_y": 2.053795,
  "fwhm_z": 1.772265,
  "gcor": 0.0239116,
  "gsr_x": -0.02167394384741783,
  "gsr_y": 0.05124473199248314,
  "provenance": {
    "md5sum": "62f55fa486fa1eee28abf11595883541",
    "settings": {
      "fd_thres": 0.2,
      "testing": false
    },
    "software": "mriqc",
    "version": "23.1.0"
  },
  "size_t": 239,
  "size_x": 96,
  "size_y": 96,
  "size_z": 76,
  "snr": 4.314322872538921,
  "spacing_tr": 2.0,
  "spacing_x": 2.0,
  "spacing_y": 2.0,
  "spacing_z": 2.0,
  "summary_bg_k": 23.604343121661397,
  "summary_bg_mad": 15.2044266750827,
  "summary_bg_mean": 42.37104242568259,
  "summary_bg_median": 17.84518814086914,
  "summary_bg_n": 527472.0,
  "summary_bg_p05": 5.870292663574219,
  "summary_bg_p95": 169.23849487304688,
  "summary_bg_stdv": 62.34803604672409,
  "summary_fg_k": 3.2125270579242207,
  "summary_fg_mad": 89.79045882167777,
  "summary_fg_mean": 527.4375323575628,
  "summary_fg_median": 535.8137817382812,
  "summary_fg_n": 172944.0,
  "summary_fg_p05": 297.4560546875,
  "summary_fg_p95": 697.0418090820312,
  "summary_fg_stdv": 124.19381869872367,
  "tsnr": 43.67466827854514
}