{
  "aor": 0.0003793305439330544,
  "aqi": 0.017033285774058583,
  "bids_meta": {
    "EchoTime": 0.043,
    "FlipAngle": 80.0,
    "MagneticFieldStrength": 3.0,
    "Manufacturer": "SIEMENS",
    "ManufacturersModelName": "Verio",
    "MultibandAccelerationFactor": 4,
    "RepetitionTime": 2.0,
    "SliceTiming": [
      0.0,
      1.0575,
      0.105,
      1.1625,
      0.21,
      1.2675,
      0.3175,
      1.3725,
      0.4225,
      1.48,
      0.5275,
      1.585,
      0.635,
      1.69,
      0.74,
      1.795,
      0.845,
      1.9025,
      0.95,
      0.0,
      1.0575,
      0.105,
      1.1625,
      0.21,
      1.2675,
      0.3175,
      1.3725,
      0.4225,
      1.48,
      0.5275,
      1.585,
      0.635,
      1.69,
      0.74,
      1.795,
      0.845,
      1.9025,
      0.95,
      0.0,
      1.0575,
      0.105,
      1.1625,
      0.21,
      1.2675,
      0.3175,
      1.3725,
      0.4225,
      1.48,
      0.5275,
      1.585,
      0.635,
      1.69,
      0.74,
      1.795,
      0.845,
      1.9025,
      0.95,
      0.0,
      1.0575,
      0.105,
      1.1625,
      0.21,
      1.2675,
      0.3175,
      1.3725,
      0.4225,
      1.48,
      0.5275,
      1.585,
      0.635,
      1.69,
      0.74,
      1.795,
      0.845,
      1.9025,
      0.95
    ],
    "TaskName": "perception",
    "dataset": "ds001506",
    "modality": "bold",
    "run_id": 2,
    "session_id": "perceptionNaturalImageTraining01",
    "subject_id": "02",
    "task_id": "perception"
  },
  "dummy_trs": 0,
  "dvars_nstd": 42.37464630731095,
  "dvars_std": 1.2502305052941183,
  "dvars_vstd": 0.9881282718907566,
  "efc": 0.5594127843651577,
  "fber": 913.812255859375,
  "fd_mean": 0.06854340872783399,
  "fd_num": 2,
  "fd_perc": 0.8368200836820083,
  "fwhm_avg": 1.8698749999999997,
  "fwhm_x": 1.767475,
  "fwhm_y": 2.060545,
  "fwhm_z": 1.781605,
  "gcor": 0.0251142,
  "gsr_x": -0.022653156891465187,
  "gsr_y": 0.051464494317770004,
  "provenance": {
    "md5sum": "f9add03804607806547d66944cc95c8e",
    "settings": {
      "fd_thres": 0.2,
      "testing": false
    },
    "software": "mriqc",
    "version": "23.1.0"
  },
  "size_t": 239,
  "size_x": 96,
  "size_y": 96,
  "size_z": 76,
  "snr": 4.345558023019642,
  "spacing_tr": 2.0,
  "spacing_x": 2.0,
  "spacing_y": 2.0,
  "spacing_z": 2.0,
  "summary_bg_k": 23.270899404825226,
  "summary_bg_mad": 15.266459572204603,
  "summary_bg_mean": 42.430591819451124,
  "summary_bg_median": 17.661087036132812,
  "summary_bg_n": 527654.0,
  "summary_bg_p05": 5.732217311859131,
  "summary_bg_p95": 169.7949676513672,
  "summary_bg_stdv": 62.579653117471665,
  "summary_fg_k": 3.1117729913360197,
  "summary_fg_mad": 89.52061508293365,
  "summary_fg_mean": 525.6379240219495,
  "summary_fg_median": 533.8828125,
  "summary_fg_n": 172762.0,
  "summary_fg_p05": 297.8660888671875,
  "summary_fg_p95": 693.5899658203125,
  "summary_fg_stdv": 122.85678030992861,
  "tsnr": 39.90529110189527
}