{
  "aor": 0.0006343933054393304,
  "aqi": 0.021035681171548117,
  "bids_meta": {
    "EchoTime": 0.043,
    "FlipAngle": 80.0,
    "MagneticFieldStrength": 3.0,
    "Manufacturer": "SIEMENS",
    "ManufacturersModelName": "Verio",
    "MultibandAccelerationFactor": 4,
    "RepetitionTime": 2.0,
    "SliceTiming": [
      0.0,
      1.0575,
      0.1075,
      1.1625,
      0.2125,
      1.27,
      0.3175,
      1.375,
      0.4225,
      1.48,
      0.53,
      1.585,
      0.635,
      1.6925,
      0.74,
      1.7975,
      0.845,
      1.9025,
      0.9525,
      0.0,
      1.0575,
      0.1075,
      1.1625,
      0.2125,
      1.27,
      0.3175,
      1.375,
      0.4225,
      1.48,
      0.53,
      1.585,
      0.635,
      1.6925,
      0.74,
      1.7975,
      0.845,
      1.9025,
      0.9525,
      0.0,
      1.0575,
      0.1075,
      1.1625,
      0.2125,
      1.27,
      0.3175,
      1.375,
      0.4225,
      1.48,
      0.53,
      1.585,
      0.635,
      1.6925,
      0.74,
      1.7975,
      0.845,
      1.9025,
      0.9525,
      0.0,
      1.0575,
      0.1075,
      1.1625,
      0.2125,
      1.27,
      0.3175,
      1.375,
      0.4225,
      1.48,
      0.53,
      1.585,
      0.635,
      1.6925,
      0.74,
      1.7975,
      0.845,
      1.9025,
      0.9525
    ],
    "TaskName": "perception",
    "dataset": "ds001506",
    "modality": "bold",
    "run_id": 3,
    "session_id": "perceptionNaturalImageTraining01",
    "subject_id": "02",
    "task_id": "perception"
  },
  "dummy_trs": 0,
  "dvars_nstd": 43.0187630215126,
  "dvars_std": 1.2464243833193267,
  "dvars_vstd": 0.9881562864705878,
  "efc": 0.5587676849331334,
  "fber": 928.8659057617188,
  "fd_mean": 0.08168001006969176,
  "fd_num": 1,
  "fd_perc": 0.41841004184100417,
  "fwhm_avg": 1.8593483333333334,
  "fwhm_x": 1.756695,
  "fwhm_y": 2.04897,
  "fwhm_z": 1.77238,
  "gcor": 0.0238972,
  "gsr_x": -0.022111566737294197,
  "gsr_y": 0.05195886269211769,
  "provenance": {
    "md5sum": "5eac57e670e4fc6b6695fdd182566154",
    "settings": {
      "fd_thres": 0.2,
      "testing": false
    },
    "software": "mriqc",
    "version": "23.1.0"
  },
  "size_t": 239,
  "size_x": 96,
  "size_y": 96,
  "size_z": 76,
  "snr": 4.389889194373755,
  "spacing_tr": 2.0,
  "spacing_x": 2.0,
  "spacing_y": 2.0,
  "spacing_z": 2.0,
  "summary_bg_k": 22.996665469999176,
  "summary_bg_mad": 14.93768154126741,
  "summary_bg_mean": 42.00216698667308,
  "summary_bg_median": 17.41840934753418,
  "summary_bg_n": 528425.0,
  "summary_bg_p05": 5.748953819274902,
  "summary_bg_p95": 167.3389129638672,
  "summary_bg_stdv": 61.61271925879195,
  "summary_fg_k": 3.090740139135617,
  "summary_fg_mad": 89.45862884516043,
  "summary_fg_mean": 522.3992448479567,
  "summary_fg_median": 530.8660888671875,
  "summary_fg_n": 171991.0,
  "summary_fg_p05": 298.46441650390625,
  "summary_fg_p95": 686.577392578125,
  "summary_fg_stdv": 120.92891689594158,
  "tsnr": 36.49402080476284
}