{
  "aor": 0.0021774895397489538,
  "aqi": 0.022658113807531383,
  "bids_meta": {
    "EchoTime": 0.043,
    "FlipAngle": 80.0,
    "MagneticFieldStrength": 3.0,
    "Manufacturer": "SIEMENS",
    "ManufacturersModelName": "Verio",
    "MultibandAccelerationFactor": 4,
    "RepetitionTime": 2.0,
    "SliceTiming": [
      0.0,
      1.0575,
      0.105,
      1.1625,
      0.21,
      1.2675,
      0.3175,
      1.3725,
      0.4225,
      1.48,
      0.5275,
      1.585,
      0.635,
      1.69,
      0.74,
      1.795,
      0.845,
      1.9025,
      0.95,
      0.0,
      1.0575,
      0.105,
      1.1625,
      0.21,
      1.2675,
      0.3175,
      1.3725,
      0.4225,
      1.48,
      0.5275,
      1.585,
      0.635,
      1.69,
      0.74,
      1.795,
      0.845,
      1.9025,
      0.95,
      0.0,
      1.0575,
      0.105,
      1.1625,
      0.21,
      1.2675,
      0.3175,
      1.3725,
      0.4225,
      1.48,
      0.5275,
      1.585,
      0.635,
      1.69,
      0.74,
      1.795,
      0.845,
      1.9025,
      0.95,
      0.0,
      1.0575,
      0.105,
      1.1625,
      0.21,
      1.2675,
      0.3175,
      1.3725,
      0.4225,
      1.48,
      0.5275,
      1.585,
      0.635,
      1.69,
      0.74,
      1.795,
      0.845,
      1.9025,
      0.95
    ],
    "TaskName": "perception",
    "dataset": "ds001506",
    "modality": "bold",
    "run_id": 8,
    "session_id": "perceptionNaturalImageTraining06",
    "subject_id": "02",
    "task_id": "perception"
  },
  "dummy_trs": 0,
  "dvars_nstd": 45.88106325289916,
  "dvars_std": 1.231154290336134,
  "dvars_vstd": 1.0126470493697477,
  "efc": 0.5586611798058331,
  "fber": 974.787353515625,
  "fd_mean": 0.1186191400580833,
  "fd_num": 30,
  "fd_perc": 12.552301255230125,
  "fwhm_avg": 1.8803816666666666,
  "fwhm_x": 1.77264,
  "fwhm_y": 2.069525,
  "fwhm_z": 1.79898,
  "gcor": 0.0335845,
  "gsr_x": -0.01742800511419773,
  "gsr_y": 0.05752415582537651,
  "provenance": {
    "md5sum": "18141fd9c77ac35417ba0a00f1def43f",
    "settings": {
      "fd_thres": 0.2,
      "testing": false
    },
    "software": "mriqc",
    "version": "23.1.0"
  },
  "size_t": 239,
  "size_x": 96,
  "size_y": 96,
  "size_z": 76,
  "snr": 4.412284150858936,
  "spacing_tr": 2.0,
  "spacing_x": 2.0,
  "spacing_y": 2.0,
  "spacing_z": 2.0,
  "summary_bg_k": 21.415999473571635,
  "summary_bg_mad": 13.790060926195123,
  "summary_bg_mean": 40.119693544953506,
  "summary_bg_median": 16.380752563476562,
  "summary_bg_n": 527564.0,
  "summary_bg_p05": 5.673640251159668,
  "summary_bg_p95": 160.606689453125,
  "summary_bg_stdv": 59.43233468740745,
  "summary_fg_k": 3.3286681013766417,
  "summary_fg_mad": 84.72235995685303,
  "summary_fg_mean": 502.6938499263438,
  "summary_fg_median": 511.4330291748047,
  "summary_fg_n": 172852.0,
  "summary_fg_p05": 285.062744140625,
  "summary_fg_p95": 659.2803344726562,
  "summary_fg_stdv": 115.9108371742905,
  "tsnr": 34.77647035126574
}