{
  "aor": 0.0021963179916317994,
  "aqi": 0.02132478075313807,
  "bids_meta": {
    "EchoTime": 0.043,
    "FlipAngle": 80.0,
    "MagneticFieldStrength": 3.0,
    "Manufacturer": "SIEMENS",
    "ManufacturersModelName": "Verio",
    "MultibandAccelerationFactor": 4,
    "RepetitionTime": 2.0,
    "SliceTiming": [
      0.0,
      1.0575,
      0.105,
      1.1625,
      0.2125,
      1.2675,
      0.3175,
      1.375,
      0.4225,
      1.48,
      0.53,
      1.585,
      0.635,
      1.69,
      0.74,
      1.7975,
      0.845,
      1.9025,
      0.9525,
      0.0,
      1.0575,
      0.105,
      1.1625,
      0.2125,
      1.2675,
      0.3175,
      1.375,
      0.4225,
      1.48,
      0.53,
      1.585,
      0.635,
      1.69,
      0.74,
      1.7975,
      0.845,
      1.9025,
      0.9525,
      0.0,
      1.0575,
      0.105,
      1.1625,
      0.2125,
      1.2675,
      0.3175,
      1.375,
      0.4225,
      1.48,
      0.53,
      1.585,
      0.635,
      1.69,
      0.74,
      1.7975,
      0.845,
      1.9025,
      0.9525,
      0.0,
      1.0575,
      0.105,
      1.1625,
      0.2125,
      1.2675,
      0.3175,
      1.375,
      0.4225,
      1.48,
      0.53,
      1.585,
      0.635,
      1.69,
      0.74,
      1.7975,
      0.845,
      1.9025,
      0.9525
    ],
    "TaskName": "perception",
    "dataset": "ds001506",
    "modality": "bold",
    "run_id": 3,
    "session_id": "perceptionNaturalImageTraining06",
    "subject_id": "02",
    "task_id": "perception"
  },
  "dummy_trs": 0,
  "dvars_nstd": 47.266513295462175,
  "dvars_std": 1.287430506302521,
  "dvars_vstd": 1.0290706678571426,
  "efc": 0.558261731393919,
  "fber": 955.5750122070312,
  "fd_mean": 0.12059393643313397,
  "fd_num": 27,
  "fd_perc": 11.297071129707113,
  "fwhm_avg": 1.87292,
  "fwhm_x": 1.76837,
  "fwhm_y": 2.05301,
  "fwhm_z": 1.79738,
  "gcor": 0.0389055,
  "gsr_x": -0.02005781978368759,
  "gsr_y": 0.05818241834640503,
  "provenance": {
    "md5sum": "024748731a623e425785ca09bc7858a5",
    "settings": {
      "fd_thres": 0.2,
      "testing": false
    },
    "software": "mriqc",
    "version": "23.1.0"
  },
  "size_t": 239,
  "size_x": 96,
  "size_y": 96,
  "size_z": 76,
  "snr": 4.387635132547732,
  "spacing_tr": 2.0,
  "spacing_x": 2.0,
  "spacing_y": 2.0,
  "spacing_z": 2.0,
  "summary_bg_k": 22.673855053161823,
  "summary_bg_mad": 14.106431105180244,
  "summary_bg_mean": 39.99020282576118,
  "summary_bg_median": 16.56903648376465,
  "summary_bg_n": 527199.0,
  "summary_bg_p05": 5.560669422149658,
  "summary_bg_p95": 159.25103759765625,
  "summary_bg_stdv": 59.24142193947291,
  "summary_fg_k": 3.660891366936446,
  "summary_fg_mad": 84.66962640931676,
  "summary_fg_mean": 504.9425193251256,
  "summary_fg_median": 512.1882934570312,
  "summary_fg_n": 173217.0,
  "summary_fg_p05": 289.3012390136719,
  "summary_fg_p95": 665.0501708984375,
  "summary_fg_stdv": 116.73414026543857,
  "tsnr": 35.35826164856553
}