{
  "aor": 0.003094853556485356,
  "aqi": 0.02340461380753138,
  "bids_meta": {
    "EchoTime": 0.043,
    "FlipAngle": 80.0,
    "MagneticFieldStrength": 3.0,
    "Manufacturer": "SIEMENS",
    "ManufacturersModelName": "Verio",
    "MultibandAccelerationFactor": 4,
    "RepetitionTime": 2.0,
    "SliceTiming": [
      0.0,
      1.0575,
      0.105,
      1.1625,
      0.2125,
      1.2675,
      0.3175,
      1.375,
      0.4225,
      1.48,
      0.53,
      1.585,
      0.635,
      1.69,
      0.74,
      1.7975,
      0.845,
      1.9025,
      0.9525,
      0.0,
      1.0575,
      0.105,
      1.1625,
      0.2125,
      1.2675,
      0.3175,
      1.375,
      0.4225,
      1.48,
      0.53,
      1.585,
      0.635,
      1.69,
      0.74,
      1.7975,
      0.845,
      1.9025,
      0.9525,
      0.0,
      1.0575,
      0.105,
      1.1625,
      0.2125,
      1.2675,
      0.3175,
      1.375,
      0.4225,
      1.48,
      0.53,
      1.585,
      0.635,
      1.69,
      0.74,
      1.7975,
      0.845,
      1.9025,
      0.9525,
      0.0,
      1.0575,
      0.105,
      1.1625,
      0.2125,
      1.2675,
      0.3175,
      1.375,
      0.4225,
      1.48,
      0.53,
      1.585,
      0.635,
      1.69,
      0.74,
      1.7975,
      0.845,
      1.9025,
      0.9525
    ],
    "TaskName": "perception",
    "dataset": "ds001506",
    "modality": "bold",
    "run_id": 6,
    "session_id": "perceptionNaturalImageTraining06",
    "subject_id": "02",
    "task_id": "perception"
  },
  "dummy_trs": 0,
  "dvars_nstd": 46.196066864621855,
  "dvars_std": 1.2712211934873943,
  "dvars_vstd": 1.0390881878151255,
  "efc": 0.5590774037506185,
  "fber": 946.6250610351562,
  "fd_mean": 0.1120418047692898,
  "fd_num": 26,
  "fd_perc": 10.878661087866108,
  "fwhm_avg": 1.88045,
  "fwhm_x": 1.77045,
  "fwhm_y": 2.06274,
  "fwhm_z": 1.80816,
  "gcor": 0.026544,
  "gsr_x": -0.018615277484059334,
  "gsr_y": 0.05770682543516159,
  "provenance": {
    "md5sum": "5bdfe37b501b3308927bfb9765b402ec",
    "settings": {
      "fd_thres": 0.2,
      "testing": false
    },
    "software": "mriqc",
    "version": "23.1.0"
  },
  "size_t": 239,
  "size_x": 96,
  "size_y": 96,
  "size_z": 76,
  "snr": 4.416198256660435,
  "spacing_tr": 2.0,
  "spacing_x": 2.0,
  "spacing_y": 2.0,
  "spacing_z": 2.0,
  "summary_bg_k": 21.919730308904445,
  "summary_bg_mad": 14.050603194474121,
  "summary_bg_mean": 40.17527133012632,
  "summary_bg_median": 16.594141006469727,
  "summary_bg_n": 527447.0,
  "summary_bg_p05": 5.644351482391357,
  "summary_bg_p95": 160.3891143798828,
  "summary_bg_stdv": 59.492824083241274,
  "summary_fg_k": 3.460232131415064,
  "summary_fg_mad": 84.03071570596234,
  "summary_fg_mean": 502.0255322568671,
  "summary_fg_median": 510.55645751953125,
  "summary_fg_n": 172969.0,
  "summary_fg_p05": 285.4100341796875,
  "summary_fg_p95": 658.5439453125,
  "summary_fg_stdv": 115.60961532608486,
  "tsnr": 33.915930312126875
}