{
  "aor": 0.0014900418410041842,
  "aqi": 0.016598820502092052,
  "bids_meta": {
    "EchoTime": 0.043,
    "FlipAngle": 80.0,
    "MagneticFieldStrength": 3.0,
    "Manufacturer": "SIEMENS",
    "ManufacturersModelName": "Verio",
    "MultibandAccelerationFactor": 4,
    "RepetitionTime": 2.0,
    "SliceTiming": [
      0.0,
      1.0575,
      0.1075,
      1.1625,
      0.2125,
      1.27,
      0.3175,
      1.375,
      0.4225,
      1.48,
      0.53,
      1.585,
      0.635,
      1.6925,
      0.74,
      1.7975,
      0.845,
      1.9025,
      0.9525,
      0.0,
      1.0575,
      0.1075,
      1.1625,
      0.2125,
      1.27,
      0.3175,
      1.375,
      0.4225,
      1.48,
      0.53,
      1.585,
      0.635,
      1.6925,
      0.74,
      1.7975,
      0.845,
      1.9025,
      0.9525,
      0.0,
      1.0575,
      0.1075,
      1.1625,
      0.2125,
      1.27,
      0.3175,
      1.375,
      0.4225,
      1.48,
      0.53,
      1.585,
      0.635,
      1.6925,
      0.74,
      1.7975,
      0.845,
      1.9025,
      0.9525,
      0.0,
      1.0575,
      0.1075,
      1.1625,
      0.2125,
      1.27,
      0.3175,
      1.375,
      0.4225,
      1.48,
      0.53,
      1.585,
      0.635,
      1.6925,
      0.74,
      1.7975,
      0.845,
      1.9025,
      0.9525
    ],
    "TaskName": "perception",
    "dataset": "ds001506",
    "modality": "bold",
    "run_id": 5,
    "session_id": "perceptionNaturalImageTraining06",
    "subject_id": "02",
    "task_id": "perception"
  },
  "dummy_trs": 0,
  "dvars_nstd": 46.25983287878153,
  "dvars_std": 1.3036013924369743,
  "dvars_vstd": 1.0209746784873948,
  "efc": 0.5579329396191639,
  "fber": 972.3549194335938,
  "fd_mean": 0.08558871549106382,
  "fd_num": 8,
  "fd_perc": 3.3472803347280333,
  "fwhm_avg": 1.8491266666666666,
  "fwhm_x": 1.75168,
  "fwhm_y": 2.019005,
  "fwhm_z": 1.776695,
  "gcor": 0.0356079,
  "gsr_x": -0.01941308192908764,
  "gsr_y": 0.05709576979279518,
  "provenance": {
    "md5sum": "1a74647db35caf69821759605795c9c1",
    "settings": {
      "fd_thres": 0.2,
      "testing": false
    },
    "software": "mriqc",
    "version": "23.1.0"
  },
  "size_t": 239,
  "size_x": 96,
  "size_y": 96,
  "size_z": 76,
  "snr": 4.391438438294994,
  "spacing_tr": 2.0,
  "spacing_x": 2.0,
  "spacing_y": 2.0,
  "spacing_z": 2.0,
  "summary_bg_k": 23.457047431013414,
  "summary_bg_mad": 13.802467364227537,
  "summary_bg_mean": 40.06764950832657,
  "summary_bg_median": 16.40585708618164,
  "summary_bg_n": 527665.0,
  "summary_bg_p05": 5.6694560050964355,
  "summary_bg_p95": 160.37657165527344,
  "summary_bg_stdv": 59.77863572928683,
  "summary_fg_k": 3.7508859737505587,
  "summary_fg_mad": 84.27259776956497,
  "summary_fg_mean": 504.2394631969947,
  "summary_fg_median": 511.577392578125,
  "summary_fg_n": 172751.0,
  "summary_fg_p05": 288.2175598144531,
  "summary_fg_p95": 664.1757202148438,
  "summary_fg_stdv": 116.49392769264863,
  "tsnr": 39.56318881607149
}