{
  "aor": 0.0008596923076923077,
  "aqi": 0.014018745641025641,
  "bids_meta": {
    "EchoTime": 0.043,
    "FlipAngle": 80.0,
    "MagneticFieldStrength": 3.0,
    "Manufacturer": "SIEMENS",
    "ManufacturersModelName": "Verio",
    "MultibandAccelerationFactor": 4,
    "RepetitionTime": 2.0,
    "SliceTiming": [
      0.0,
      1.0575,
      0.1075,
      1.1625,
      0.2125,
      1.27,
      0.3175,
      1.375,
      0.4225,
      1.48,
      0.53,
      1.585,
      0.635,
      1.6925,
      0.74,
      1.7975,
      0.845,
      1.9025,
      0.9525,
      0.0,
      1.0575,
      0.1075,
      1.1625,
      0.2125,
      1.27,
      0.3175,
      1.375,
      0.4225,
      1.48,
      0.53,
      1.585,
      0.635,
      1.6925,
      0.74,
      1.7975,
      0.845,
      1.9025,
      0.9525,
      0.0,
      1.0575,
      0.1075,
      1.1625,
      0.2125,
      1.27,
      0.3175,
      1.375,
      0.4225,
      1.48,
      0.53,
      1.585,
      0.635,
      1.6925,
      0.74,
      1.7975,
      0.845,
      1.9025,
      0.9525,
      0.0,
      1.0575,
      0.1075,
      1.1625,
      0.2125,
      1.27,
      0.3175,
      1.375,
      0.4225,
      1.48,
      0.53,
      1.585,
      0.635,
      1.6925,
      0.74,
      1.7975,
      0.845,
      1.9025,
      0.9525
    ],
    "TaskName": "perception",
    "dataset": "ds001506",
    "modality": "bold",
    "run_id": 1,
    "session_id": "perceptionArtificialImage03",
    "subject_id": "02",
    "task_id": "perception"
  },
  "dummy_trs": 0,
  "dvars_nstd": 38.36199626768041,
  "dvars_std": 1.2103772979381437,
  "dvars_vstd": 1.0096263204123708,
  "efc": 0.5542941661531074,
  "fber": 1105.464111328125,
  "fd_mean": 0.03192632230053338,
  "fd_num": 0,
  "fd_perc": 0.0,
  "fwhm_avg": 1.86794,
  "fwhm_x": 1.76579,
  "fwhm_y": 2.055885,
  "fwhm_z": 1.782145,
  "gcor": 0.013141,
  "gsr_x": -0.015524311922490597,
  "gsr_y": 0.049749139696359634,
  "provenance": {
    "md5sum": "cbdc05923295b3c5026df48725a36606",
    "settings": {
      "fd_thres": 0.2,
      "testing": false
    },
    "software": "mriqc",
    "version": "23.1.0"
  },
  "size_t": 195,
  "size_x": 96,
  "size_y": 96,
  "size_z": 76,
  "snr": 4.379871218741658,
  "spacing_tr": 2.0,
  "spacing_x": 2.0,
  "spacing_y": 2.0,
  "spacing_z": 2.0,
  "summary_bg_k": 23.47170205056179,
  "summary_bg_mad": 13.693161477285615,
  "summary_bg_mean": 40.79566081015881,
  "summary_bg_median": 16.44615364074707,
  "summary_bg_n": 526537.0,
  "summary_bg_p05": 5.661538600921631,
  "summary_bg_p95": 165.85128784179688,
  "summary_bg_stdv": 61.63414003397412,
  "summary_fg_k": 3.3261575640570618,
  "summary_fg_mad": 91.46508264099324,
  "summary_fg_mean": 537.449698314278,
  "summary_fg_median": 546.810302734375,
  "summary_fg_n": 173879.0,
  "summary_fg_p05": 303.17437744140625,
  "summary_fg_p95": 706.4307861328125,
  "summary_fg_stdv": 124.84584660957174,
  "tsnr": 44.335939614102244
}