{
  "aor": 0.001342594142259414,
  "aqi": 0.01650749037656904,
  "bids_meta": {
    "EchoTime": 0.043,
    "FlipAngle": 80.0,
    "MagneticFieldStrength": 3.0,
    "Manufacturer": "SIEMENS",
    "ManufacturersModelName": "Verio",
    "MultibandAccelerationFactor": 4,
    "RepetitionTime": 2.0,
    "SliceTiming": [
      0.0,
      1.0575,
      0.105,
      1.1625,
      0.2125,
      1.2675,
      0.3175,
      1.3725,
      0.4225,
      1.48,
      0.5275,
      1.585,
      0.635,
      1.69,
      0.74,
      1.7975,
      0.845,
      1.9025,
      0.95,
      0.0,
      1.0575,
      0.105,
      1.1625,
      0.2125,
      1.2675,
      0.3175,
      1.3725,
      0.4225,
      1.48,
      0.5275,
      1.585,
      0.635,
      1.69,
      0.74,
      1.7975,
      0.845,
      1.9025,
      0.95,
      0.0,
      1.0575,
      0.105,
      1.1625,
      0.2125,
      1.2675,
      0.3175,
      1.3725,
      0.4225,
      1.48,
      0.5275,
      1.585,
      0.635,
      1.69,
      0.74,
      1.7975,
      0.845,
      1.9025,
      0.95,
      0.0,
      1.0575,
      0.105,
      1.1625,
      0.2125,
      1.2675,
      0.3175,
      1.3725,
      0.4225,
      1.48,
      0.5275,
      1.585,
      0.635,
      1.69,
      0.74,
      1.7975,
      0.845,
      1.9025,
      0.95
    ],
    "TaskName": "perception",
    "dataset": "ds001506",
    "modality": "bold",
    "run_id": 5,
    "session_id": "perceptionNaturalImageTraining12",
    "subject_id": "03",
    "task_id": "perception"
  },
  "dummy_trs": 0,
  "dvars_nstd": 38.06586405012604,
  "dvars_std": 1.2275531555042014,
  "dvars_vstd": 1.0025068458823532,
  "efc": 0.530402903052893,
  "fber": 1276.8560791015625,
  "fd_mean": 0.10774869268174361,
  "fd_num": 13,
  "fd_perc": 5.439330543933054,
  "fwhm_avg": 1.8831383333333334,
  "fwhm_x": 1.776635,
  "fwhm_y": 2.042705,
  "fwhm_z": 1.830075,
  "gcor": 0.0238744,
  "gsr_x": -0.02786777913570404,
  "gsr_y": 0.036703772842884064,
  "provenance": {
    "md5sum": "4a7c07acfa0e92461713aa08ba2f70ec",
    "settings": {
      "fd_thres": 0.2,
      "testing": false
    },
    "software": "mriqc",
    "version": "23.1.0"
  },
  "size_t": 239,
  "size_x": 96,
  "size_y": 96,
  "size_z": 76,
  "snr": 4.374827528784847,
  "spacing_tr": 2.0,
  "spacing_x": 2.0,
  "spacing_y": 2.0,
  "spacing_z": 2.0,
  "summary_bg_k": 15.463509521221951,
  "summary_bg_mad": 12.617626728098179,
  "summary_bg_mean": 39.76344592939869,
  "summary_bg_median": 15.740585327148438,
  "summary_bg_n": 545765.0,
  "summary_bg_p05": 5.510459899902344,
  "summary_bg_p95": 165.9497833251953,
  "summary_bg_stdv": 58.749935562197436,
  "summary_fg_k": 3.668564075829904,
  "summary_fg_mad": 90.95353782036261,
  "summary_fg_mean": 561.07422647932,
  "summary_fg_median": 562.4602661132812,
  "summary_fg_n": 154651.0,
  "summary_fg_p05": 336.4811706542969,
  "summary_fg_p95": 745.3430786132812,
  "summary_fg_stdv": 128.56699925359032,
  "tsnr": 43.26968426653184
}