{
  "aor": 0.001998702928870293,
  "aqi": 0.016739767782426782,
  "bids_meta": {
    "EchoTime": 0.043,
    "FlipAngle": 80.0,
    "MagneticFieldStrength": 3.0,
    "Manufacturer": "SIEMENS",
    "ManufacturersModelName": "Verio",
    "MultibandAccelerationFactor": 4,
    "RepetitionTime": 2.0,
    "SliceTiming": [
      0.0,
      1.0575,
      0.105,
      1.1625,
      0.2125,
      1.2675,
      0.3175,
      1.375,
      0.4225,
      1.48,
      0.5275,
      1.585,
      0.635,
      1.69,
      0.74,
      1.7975,
      0.845,
      1.9025,
      0.9525,
      0.0,
      1.0575,
      0.105,
      1.1625,
      0.2125,
      1.2675,
      0.3175,
      1.375,
      0.4225,
      1.48,
      0.5275,
      1.585,
      0.635,
      1.69,
      0.74,
      1.7975,
      0.845,
      1.9025,
      0.9525,
      0.0,
      1.0575,
      0.105,
      1.1625,
      0.2125,
      1.2675,
      0.3175,
      1.375,
      0.4225,
      1.48,
      0.5275,
      1.585,
      0.635,
      1.69,
      0.74,
      1.7975,
      0.845,
      1.9025,
      0.9525,
      0.0,
      1.0575,
      0.105,
      1.1625,
      0.2125,
      1.2675,
      0.3175,
      1.375,
      0.4225,
      1.48,
      0.5275,
      1.585,
      0.635,
      1.69,
      0.74,
      1.7975,
      0.845,
      1.9025,
      0.9525
    ],
    "TaskName": "perception",
    "dataset": "ds001506",
    "modality": "bold",
    "run_id": 4,
    "session_id": "perceptionNaturalImageTraining12",
    "subject_id": "03",
    "task_id": "perception"
  },
  "dummy_trs": 0,
  "dvars_nstd": 38.48119281319328,
  "dvars_std": 1.2515861790756309,
  "dvars_vstd": 1.026167355630252,
  "efc": 0.530334457144872,
  "fber": 1279.988037109375,
  "fd_mean": 0.10623681881396901,
  "fd_num": 12,
  "fd_perc": 5.02092050209205,
  "fwhm_avg": 1.8775683333333335,
  "fwhm_x": 1.771425,
  "fwhm_y": 2.039005,
  "fwhm_z": 1.822275,
  "gcor": 0.0275459,
  "gsr_x": -0.027733584865927696,
  "gsr_y": 0.03682588040828705,
  "provenance": {
    "md5sum": "7c71ea0c9c3262378782273cbabc4196",
    "settings": {
      "fd_thres": 0.2,
      "testing": false
    },
    "software": "mriqc",
    "version": "23.1.0"
  },
  "size_t": 239,
  "size_x": 96,
  "size_y": 96,
  "size_z": 76,
  "snr": 4.3673585872863105,
  "spacing_tr": 2.0,
  "spacing_x": 2.0,
  "spacing_y": 2.0,
  "spacing_z": 2.0,
  "summary_bg_k": 15.143630504875944,
  "summary_bg_mad": 12.754101081253884,
  "summary_bg_mean": 39.83506391217174,
  "summary_bg_median": 15.736401557922363,
  "summary_bg_n": 545798.0,
  "summary_bg_p05": 5.451882839202881,
  "summary_bg_p95": 166.1673583984375,
  "summary_bg_stdv": 58.79942052947023,
  "summary_fg_k": 3.856981751636245,
  "summary_fg_mad": 91.0435988468499,
  "summary_fg_mean": 562.2198533991673,
  "summary_fg_median": 563.0,
  "summary_fg_n": 154618.0,
  "summary_fg_p05": 339.0334777832031,
  "summary_fg_p95": 747.7154541015625,
  "summary_fg_stdv": 128.9104542548931,
  "tsnr": 42.27636420261115
}