{
  "aor": 0.0007357563025210085,
  "aqi": 0.021497243697478994,
  "bids_meta": {
    "EchoTime": 0.043,
    "FlipAngle": 80.0,
    "MagneticFieldStrength": 3.0,
    "Manufacturer": "SIEMENS",
    "ManufacturersModelName": "Verio",
    "MultibandAccelerationFactor": 4,
    "RepetitionTime": 2.0,
    "SliceTiming": [
      0.0,
      1.055,
      0.105,
      1.1625,
      0.21,
      1.2675,
      0.3175,
      1.3725,
      0.4225,
      1.4775,
      0.5275,
      1.585,
      0.6325,
      1.69,
      0.74,
      1.795,
      0.845,
      1.9025,
      0.95,
      0.0,
      1.055,
      0.105,
      1.1625,
      0.21,
      1.2675,
      0.3175,
      1.3725,
      0.4225,
      1.4775,
      0.5275,
      1.585,
      0.6325,
      1.69,
      0.74,
      1.795,
      0.845,
      1.9025,
      0.95,
      0.0,
      1.055,
      0.105,
      1.1625,
      0.21,
      1.2675,
      0.3175,
      1.3725,
      0.4225,
      1.4775,
      0.5275,
      1.585,
      0.6325,
      1.69,
      0.74,
      1.795,
      0.845,
      1.9025,
      0.95,
      0.0,
      1.055,
      0.105,
      1.1625,
      0.21,
      1.2675,
      0.3175,
      1.3725,
      0.4225,
      1.4775,
      0.5275,
      1.585,
      0.6325,
      1.69,
      0.74,
      1.795,
      0.845,
      1.9025,
      0.95
    ],
    "TaskName": "perception",
    "dataset": "ds001506",
    "modality": "bold",
    "run_id": 3,
    "session_id": "perceptionNaturalImageTraining15",
    "subject_id": "02",
    "task_id": "perception"
  },
  "dummy_trs": 1,
  "dvars_nstd": 46.74589754261602,
  "dvars_std": 1.2683011001265825,
  "dvars_vstd": 1.0018546216455695,
  "efc": 0.5578056276293873,
  "fber": 957.7396240234375,
  "fd_mean": 0.1281689160261777,
  "fd_num": 30,
  "fd_perc": 12.605042016806722,
  "fwhm_avg": 1.8407499999999999,
  "fwhm_x": 1.74145,
  "fwhm_y": 2.0251,
  "fwhm_z": 1.7557,
  "gcor": 0.0227965,
  "gsr_x": -0.020057611167430878,
  "gsr_y": 0.056679412722587585,
  "provenance": {
    "md5sum": "399e1a476649378136bcf6da2a057f88",
    "settings": {
      "fd_thres": 0.2,
      "testing": false
    },
    "software": "mriqc",
    "version": "23.1.0"
  },
  "size_t": 238,
  "size_x": 96,
  "size_y": 96,
  "size_z": 76,
  "snr": 4.40840517663324,
  "spacing_tr": 2.0,
  "spacing_x": 2.0,
  "spacing_y": 2.0,
  "spacing_z": 2.0,
  "summary_bg_k": 25.233840144599554,
  "summary_bg_mad": 14.059803569683753,
  "summary_bg_mean": 38.95586086153161,
  "summary_bg_median": 16.205883026123047,
  "summary_bg_n": 527505.0,
  "summary_bg_p05": 5.252100944519043,
  "summary_bg_p95": 154.24790954589844,
  "summary_bg_stdv": 57.6659190608299,
  "summary_fg_k": 3.462524578372901,
  "summary_fg_mad": 81.31884042609875,
  "summary_fg_mean": 493.4550500803285,
  "summary_fg_median": 501.5294494628906,
  "summary_fg_n": 172911.0,
  "summary_fg_p05": 280.92437744140625,
  "summary_fg_p95": 648.15966796875,
  "summary_fg_stdv": 113.76631210442737,
  "tsnr": 35.46463428251445
}