{
  "aor": 0.0008809623430962344,
  "aqi": 0.02189534184100418,
  "bids_meta": {
    "EchoTime": 0.043,
    "FlipAngle": 80.0,
    "MagneticFieldStrength": 3.0,
    "Manufacturer": "SIEMENS",
    "ManufacturersModelName": "Verio",
    "MultibandAccelerationFactor": 4,
    "RepetitionTime": 2.0,
    "SliceTiming": [
      0.0,
      1.0575,
      0.1075,
      1.1625,
      0.2125,
      1.27,
      0.3175,
      1.375,
      0.425,
      1.48,
      0.53,
      1.585,
      0.635,
      1.6925,
      0.74,
      1.7975,
      0.8475,
      1.9025,
      0.9525,
      0.0,
      1.0575,
      0.1075,
      1.1625,
      0.2125,
      1.27,
      0.3175,
      1.375,
      0.425,
      1.48,
      0.53,
      1.585,
      0.635,
      1.6925,
      0.74,
      1.7975,
      0.8475,
      1.9025,
      0.9525,
      0.0,
      1.0575,
      0.1075,
      1.1625,
      0.2125,
      1.27,
      0.3175,
      1.375,
      0.425,
      1.48,
      0.53,
      1.585,
      0.635,
      1.6925,
      0.74,
      1.7975,
      0.8475,
      1.9025,
      0.9525,
      0.0,
      1.0575,
      0.1075,
      1.1625,
      0.2125,
      1.27,
      0.3175,
      1.375,
      0.425,
      1.48,
      0.53,
      1.585,
      0.635,
      1.6925,
      0.74,
      1.7975,
      0.8475,
      1.9025,
      0.9525
    ],
    "TaskName": "perception",
    "dataset": "ds001506",
    "modality": "bold",
    "run_id": 7,
    "session_id": "perceptionNaturalImageTraining15",
    "subject_id": "02",
    "task_id": "perception"
  },
  "dummy_trs": 0,
  "dvars_nstd": 45.82573794512606,
  "dvars_std": 1.251648282184874,
  "dvars_vstd": 0.9939980068067227,
  "efc": 0.5581978369870648,
  "fber": 981.3165283203125,
  "fd_mean": 0.11231097029257582,
  "fd_num": 10,
  "fd_perc": 4.184100418410042,
  "fwhm_avg": 1.8449133333333332,
  "fwhm_x": 1.74599,
  "fwhm_y": 2.031815,
  "fwhm_z": 1.756935,
  "gcor": 0.0181265,
  "gsr_x": -0.019712457433342934,
  "gsr_y": 0.05700090527534485,
  "provenance": {
    "md5sum": "16bc99875a664a54343e1205f42aba21",
    "settings": {
      "fd_thres": 0.2,
      "testing": false
    },
    "software": "mriqc",
    "version": "23.1.0"
  },
  "size_t": 239,
  "size_x": 96,
  "size_y": 96,
  "size_z": 76,
  "snr": 4.433363083787341,
  "spacing_tr": 2.0,
  "spacing_x": 2.0,
  "spacing_y": 2.0,
  "spacing_z": 2.0,
  "summary_bg_k": 24.19317596002369,
  "summary_bg_mad": 13.448877164185344,
  "summary_bg_mean": 38.40632242564762,
  "summary_bg_median": 15.820083618164062,
  "summary_bg_n": 527268.0,
  "summary_bg_p05": 5.368200778961182,
  "summary_bg_p95": 151.52301025390625,
  "summary_bg_stdv": 56.58868169936177,
  "summary_fg_k": 3.2871016419932024,
  "summary_fg_mad": 80.03882461608188,
  "summary_fg_mean": 486.84617893740773,
  "summary_fg_median": 495.57948303222656,
  "summary_fg_n": 173148.0,
  "summary_fg_p05": 276.9874267578125,
  "summary_fg_p95": 638.0711059570312,
  "summary_fg_stdv": 111.78377285544462,
  "tsnr": 35.37457945640199
}