{
  "aor": 0.0035978242677824268,
  "aqi": 0.025124956485355655,
  "bids_meta": {
    "EchoTime": 0.043,
    "FlipAngle": 80.0,
    "MagneticFieldStrength": 3.0,
    "Manufacturer": "SIEMENS",
    "ManufacturersModelName": "Verio",
    "MultibandAccelerationFactor": 4,
    "RepetitionTime": 2.0,
    "SliceTiming": [
      0.0,
      1.0575,
      0.105,
      1.1625,
      0.2125,
      1.2675,
      0.3175,
      1.3725,
      0.4225,
      1.48,
      0.5275,
      1.585,
      0.635,
      1.69,
      0.74,
      1.7975,
      0.845,
      1.9025,
      0.95,
      0.0,
      1.0575,
      0.105,
      1.1625,
      0.2125,
      1.2675,
      0.3175,
      1.3725,
      0.4225,
      1.48,
      0.5275,
      1.585,
      0.635,
      1.69,
      0.74,
      1.7975,
      0.845,
      1.9025,
      0.95,
      0.0,
      1.0575,
      0.105,
      1.1625,
      0.2125,
      1.2675,
      0.3175,
      1.3725,
      0.4225,
      1.48,
      0.5275,
      1.585,
      0.635,
      1.69,
      0.74,
      1.7975,
      0.845,
      1.9025,
      0.95,
      0.0,
      1.0575,
      0.105,
      1.1625,
      0.2125,
      1.2675,
      0.3175,
      1.3725,
      0.4225,
      1.48,
      0.5275,
      1.585,
      0.635,
      1.69,
      0.74,
      1.7975,
      0.845,
      1.9025,
      0.95
    ],
    "TaskName": "perception",
    "dataset": "ds001506",
    "modality": "bold",
    "run_id": 4,
    "session_id": "perceptionNaturalImageTraining07",
    "subject_id": "01",
    "task_id": "perception"
  },
  "dummy_trs": 0,
  "dvars_nstd": 49.63047742449581,
  "dvars_std": 1.302204390042017,
  "dvars_vstd": 1.0275790073109246,
  "efc": 0.5682298223823633,
  "fber": 1038.1090087890625,
  "fd_mean": 0.19121563643527562,
  "fd_num": 87,
  "fd_perc": 36.40167364016737,
  "fwhm_avg": 1.8924,
  "fwhm_x": 1.77867,
  "fwhm_y": 2.09558,
  "fwhm_z": 1.80295,
  "gcor": 0.0359405,
  "gsr_x": -0.009221123531460762,
  "gsr_y": 0.03549458831548691,
  "provenance": {
    "md5sum": "5725af9de9bff12e5adf89f00e07a87d",
    "settings": {
      "fd_thres": 0.2,
      "testing": false
    },
    "software": "mriqc",
    "version": "23.1.0"
  },
  "size_t": 239,
  "size_x": 96,
  "size_y": 96,
  "size_z": 76,
  "snr": 3.8773602053885874,
  "spacing_tr": 2.0,
  "spacing_x": 2.0,
  "spacing_y": 2.0,
  "spacing_z": 2.0,
  "summary_bg_k": 12.37455068899012,
  "summary_bg_mad": 17.425228570072957,
  "summary_bg_mean": 46.52155611125187,
  "summary_bg_median": 18.43514633178711,
  "summary_bg_n": 511922.0,
  "summary_bg_p05": 4.472803115844727,
  "summary_bg_p95": 187.93304443359375,
  "summary_bg_stdv": 65.81853199354616,
  "summary_fg_k": 2.705836624745408,
  "summary_fg_mad": 115.47855115433632,
  "summary_fg_mean": 600.8298971477409,
  "summary_fg_median": 593.974853515625,
  "summary_fg_n": 188494.0,
  "summary_fg_p05": 351.79498291015625,
  "summary_fg_p95": 852.1422119140625,
  "summary_fg_stdv": 153.19012071867616,
  "tsnr": 29.853134258883074
}