{
  "aor": 0.0021592050209205023,
  "aqi": 0.027866942677824264,
  "bids_meta": {
    "EchoTime": 0.043,
    "FlipAngle": 80.0,
    "MagneticFieldStrength": 3.0,
    "Manufacturer": "SIEMENS",
    "ManufacturersModelName": "Verio",
    "MultibandAccelerationFactor": 4,
    "RepetitionTime": 2.0,
    "SliceTiming": [
      0.0,
      1.055,
      0.105,
      1.1625,
      0.21,
      1.2675,
      0.3175,
      1.3725,
      0.4225,
      1.4775,
      0.5275,
      1.585,
      0.6325,
      1.69,
      0.74,
      1.795,
      0.845,
      1.9025,
      0.95,
      0.0,
      1.055,
      0.105,
      1.1625,
      0.21,
      1.2675,
      0.3175,
      1.3725,
      0.4225,
      1.4775,
      0.5275,
      1.585,
      0.6325,
      1.69,
      0.74,
      1.795,
      0.845,
      1.9025,
      0.95,
      0.0,
      1.055,
      0.105,
      1.1625,
      0.21,
      1.2675,
      0.3175,
      1.3725,
      0.4225,
      1.4775,
      0.5275,
      1.585,
      0.6325,
      1.69,
      0.74,
      1.795,
      0.845,
      1.9025,
      0.95,
      0.0,
      1.055,
      0.105,
      1.1625,
      0.21,
      1.2675,
      0.3175,
      1.3725,
      0.4225,
      1.4775,
      0.5275,
      1.585,
      0.6325,
      1.69,
      0.74,
      1.795,
      0.845,
      1.9025,
      0.95
    ],
    "TaskName": "perception",
    "dataset": "ds001506",
    "modality": "bold",
    "run_id": 1,
    "session_id": "perceptionNaturalImageTraining07",
    "subject_id": "01",
    "task_id": "perception"
  },
  "dummy_trs": 0,
  "dvars_nstd": 50.20658359999998,
  "dvars_std": 1.3114810184453787,
  "dvars_vstd": 0.9979866553781516,
  "efc": 0.5684822356327784,
  "fber": 944.5740966796875,
  "fd_mean": 0.16644802347536808,
  "fd_num": 68,
  "fd_perc": 28.451882845188283,
  "fwhm_avg": 1.8983949999999998,
  "fwhm_x": 1.781785,
  "fwhm_y": 2.09782,
  "fwhm_z": 1.81558,
  "gcor": 0.0310796,
  "gsr_x": -0.010568398982286453,
  "gsr_y": 0.03518959507346153,
  "provenance": {
    "md5sum": "8683b313514fbb2ca02ad86ae673bae0",
    "settings": {
      "fd_thres": 0.2,
      "testing": false
    },
    "software": "mriqc",
    "version": "23.1.0"
  },
  "size_t": 239,
  "size_x": 96,
  "size_y": 96,
  "size_z": 76,
  "snr": 3.898571886374522,
  "spacing_tr": 2.0,
  "spacing_x": 2.0,
  "spacing_y": 2.0,
  "spacing_z": 2.0,
  "summary_bg_k": 12.702553628077597,
  "summary_bg_mad": 18.473594146086782,
  "summary_bg_mean": 46.607546573515734,
  "summary_bg_median": 19.38912010192871,
  "summary_bg_n": 512175.0,
  "summary_bg_p05": 4.740585803985596,
  "summary_bg_p95": 186.3891143798828,
  "summary_bg_stdv": 65.23962998528582,
  "summary_fg_k": 2.7889567955385814,
  "summary_fg_mad": 114.0673462228425,
  "summary_fg_mean": 602.2414868874528,
  "summary_fg_median": 595.9037475585938,
  "summary_fg_n": 188241.0,
  "summary_fg_p05": 352.0,
  "summary_fg_p95": 851.974853515625,
  "summary_fg_stdv": 152.85139843587723,
  "tsnr": 28.925258981180377
}