{
  "aor": 0.0009582845188284519,
  "aqi": 0.02594882468619247,
  "bids_meta": {
    "EchoTime": 0.043,
    "FlipAngle": 80.0,
    "MagneticFieldStrength": 3.0,
    "Manufacturer": "SIEMENS",
    "ManufacturersModelName": "Verio",
    "MultibandAccelerationFactor": 4,
    "RepetitionTime": 2.0,
    "SliceTiming": [
      0.0,
      1.055,
      0.105,
      1.1625,
      0.21,
      1.2675,
      0.3175,
      1.3725,
      0.4225,
      1.48,
      0.5275,
      1.585,
      0.6325,
      1.69,
      0.74,
      1.795,
      0.845,
      1.9025,
      0.95,
      0.0,
      1.055,
      0.105,
      1.1625,
      0.21,
      1.2675,
      0.3175,
      1.3725,
      0.4225,
      1.48,
      0.5275,
      1.585,
      0.6325,
      1.69,
      0.74,
      1.795,
      0.845,
      1.9025,
      0.95,
      0.0,
      1.055,
      0.105,
      1.1625,
      0.21,
      1.2675,
      0.3175,
      1.3725,
      0.4225,
      1.48,
      0.5275,
      1.585,
      0.6325,
      1.69,
      0.74,
      1.795,
      0.845,
      1.9025,
      0.95,
      0.0,
      1.055,
      0.105,
      1.1625,
      0.21,
      1.2675,
      0.3175,
      1.3725,
      0.4225,
      1.48,
      0.5275,
      1.585,
      0.6325,
      1.69,
      0.74,
      1.795,
      0.845,
      1.9025,
      0.95
    ],
    "TaskName": "perception",
    "dataset": "ds001506",
    "modality": "bold",
    "run_id": 5,
    "session_id": "perceptionNaturalImageTraining02",
    "subject_id": "03",
    "task_id": "perception"
  },
  "dummy_trs": 0,
  "dvars_nstd": 41.06525889159666,
  "dvars_std": 1.1955470007142857,
  "dvars_vstd": 0.9761986593697484,
  "efc": 0.5251740084697184,
  "fber": 1433.4971923828125,
  "fd_mean": 0.12652017977984045,
  "fd_num": 28,
  "fd_perc": 11.715481171548117,
  "fwhm_avg": 1.9018066666666666,
  "fwhm_x": 1.78676,
  "fwhm_y": 2.06445,
  "fwhm_z": 1.85421,
  "gcor": 0.0218825,
  "gsr_x": -0.026245983317494392,
  "gsr_y": 0.03606001287698746,
  "provenance": {
    "md5sum": "808830f1577922c79637319b11c6b119",
    "settings": {
      "fd_thres": 0.2,
      "testing": false
    },
    "software": "mriqc",
    "version": "23.1.0"
  },
  "size_t": 239,
  "size_x": 96,
  "size_y": 96,
  "size_z": 76,
  "snr": 4.419556643786043,
  "spacing_tr": 2.0,
  "spacing_x": 2.0,
  "spacing_y": 2.0,
  "spacing_z": 2.0,
  "summary_bg_k": 17.448216001637697,
  "summary_bg_mad": 11.8484113100124,
  "summary_bg_mean": 38.2678951134148,
  "summary_bg_median": 15.050209045410156,
  "summary_bg_n": 545833.0,
  "summary_bg_p05": 5.2970709800720215,
  "summary_bg_p95": 161.95396423339844,
  "summary_bg_stdv": 58.29119655932241,
  "summary_fg_k": 3.741021802022008,
  "summary_fg_mad": 90.25268612466401,
  "summary_fg_mean": 567.7142140372597,
  "summary_fg_median": 569.8242797851562,
  "summary_fg_n": 154583.0,
  "summary_fg_p05": 341.5313720703125,
  "summary_fg_p95": 750.4267578125,
  "summary_fg_stdv": 128.93203608601291,
  "tsnr": 36.2711551040411
}