{
  "aor": 0.002634686192468619,
  "aqi": 0.017059271966527196,
  "bids_meta": {
    "EchoTime": 0.043,
    "FlipAngle": 80.0,
    "MagneticFieldStrength": 3.0,
    "Manufacturer": "SIEMENS",
    "ManufacturersModelName": "Verio",
    "MultibandAccelerationFactor": 4,
    "RepetitionTime": 2.0,
    "SliceTiming": [
      0.0,
      1.0575,
      0.105,
      1.1625,
      0.21,
      1.2675,
      0.3175,
      1.3725,
      0.4225,
      1.48,
      0.5275,
      1.585,
      0.635,
      1.69,
      0.74,
      1.795,
      0.845,
      1.9025,
      0.95,
      0.0,
      1.0575,
      0.105,
      1.1625,
      0.21,
      1.2675,
      0.3175,
      1.3725,
      0.4225,
      1.48,
      0.5275,
      1.585,
      0.635,
      1.69,
      0.74,
      1.795,
      0.845,
      1.9025,
      0.95,
      0.0,
      1.0575,
      0.105,
      1.1625,
      0.21,
      1.2675,
      0.3175,
      1.3725,
      0.4225,
      1.48,
      0.5275,
      1.585,
      0.635,
      1.69,
      0.74,
      1.795,
      0.845,
      1.9025,
      0.95,
      0.0,
      1.0575,
      0.105,
      1.1625,
      0.21,
      1.2675,
      0.3175,
      1.3725,
      0.4225,
      1.48,
      0.5275,
      1.585,
      0.635,
      1.69,
      0.74,
      1.795,
      0.845,
      1.9025,
      0.95
    ],
    "TaskName": "perception",
    "dataset": "ds001506",
    "modality": "bold",
    "run_id": 3,
    "session_id": "perceptionNaturalImageTraining02",
    "subject_id": "03",
    "task_id": "perception"
  },
  "dummy_trs": 0,
  "dvars_nstd": 41.01532363882351,
  "dvars_std": 1.2792131689915964,
  "dvars_vstd": 1.0314618287815125,
  "efc": 0.5250792938978213,
  "fber": 1413.3455810546875,
  "fd_mean": 0.11076961585969575,
  "fd_num": 21,
  "fd_perc": 8.786610878661088,
  "fwhm_avg": 1.8836933333333334,
  "fwhm_x": 1.78054,
  "fwhm_y": 2.045685,
  "fwhm_z": 1.824855,
  "gcor": 0.039465,
  "gsr_x": -0.027416091412305832,
  "gsr_y": 0.03479580581188202,
  "provenance": {
    "md5sum": "d73557477623c2f3a8e83fbd235ed4db",
    "settings": {
      "fd_thres": 0.2,
      "testing": false
    },
    "software": "mriqc",
    "version": "23.1.0"
  },
  "size_t": 239,
  "size_x": 96,
  "size_y": 96,
  "size_z": 76,
  "snr": 4.370158401614973,
  "spacing_tr": 2.0,
  "spacing_x": 2.0,
  "spacing_y": 2.0,
  "spacing_z": 2.0,
  "summary_bg_k": 18.1118550075725,
  "summary_bg_mad": 11.773969853978597,
  "summary_bg_mean": 38.46595413718036,
  "summary_bg_median": 15.188283920288086,
  "summary_bg_n": 545749.0,
  "summary_bg_p05": 5.376568794250488,
  "summary_bg_p95": 163.72384643554688,
  "summary_bg_stdv": 58.99887708554724,
  "summary_fg_k": 3.7971074389995643,
  "summary_fg_mad": 91.5615458956885,
  "summary_fg_mean": 569.0380151045451,
  "summary_fg_median": 570.9957885742188,
  "summary_fg_n": 154667.0,
  "summary_fg_p05": 341.8702697753906,
  "summary_fg_p95": 754.393310546875,
  "summary_fg_stdv": 130.6574934383722,
  "tsnr": 42.32804250426125
}